Workbook

Sheet PBS_corrected
A1: Serum Type | B1: Barcode | C1: IgM_A_HongKong_4801_2014 | D1: IgM_B_Colorado_06_2017 | E1: IgM_B_Phuket_3073_2013 | F1: IgM_A_Brisbane_02_2018 | G1: IgM_A_Wisconsin_67_2022 | H1: IgM_A_Cambodia_e0826360_2020 | I1: IgM_B_Austria_1359417_2021 | J1: IgM_A_Indonesia_05_2005 | K1: IgM_A_Kansas_14_2017 | L1: IgM_A_Victoria_2570_2019 | M1: IgM_A_Shanghai_1_2013 | N1: IgM_A_HongKong_45_2019 | O1: IgM_A_Michigan_45_2015 | P1: IgM_A_California_04_2009 | Q1: IgM_A_Darwin_6_2021 | R1: IgM_Ebola | S1: IgM_EBV | T1: IgM_A_Hawaii_70_2019 | U1: IgM_Michigan_NA | V1: IgM_HongKong_NA | W1: IgM_RSV | X1: IgM_B_Washington_02_2019 | Y1: IgM_A_Wisconsin_588_2019 | Z1: IgM_A_Singapore_INFIMH16_2016 | AA1: IgG1_A_HongKong_4801_2014 | AB1: IgG1_B_Colorado_06_2017 | AC1: IgG1_B_Phuket_3073_2013 | AD1: IgG1_A_Brisbane_02_2018 | AE1: IgG1_A_Wisconsin_67_2022 | AF1: IgG1_A_Cambodia_e0826360_2020 | AG1: IgG1_B_Austria_1359417_2021 | AH1: IgG1_A_Indonesia_05_2005 | AI1: IgG1_A_Kansas_14_2017 | AJ1: IgG1_A_Victoria_2570_2019 | AK1: IgG1_A_Shanghai_1_2013 | AL1: IgG1_A_HongKong_45_2019 | AM1: IgG1_A_Michigan_45_2015 | AN1: IgG1_A_California_04_2009 | AO1: IgG1_A_Darwin_6_2021 | AP1: IgG1_Ebola | AQ1: IgG1_EBV | AR1: IgG1_A_Hawaii_70_2019 | AS1: IgG1_Michigan_NA | AT1: IgG1_HongKong_NA | AU1: IgG1_RSV | AV1: IgG1_B_Washington_02_2019 | AW1: IgG1_A_Wisconsin_588_2019 | AX1: IgG1_A_Singapore_INFIMH16_2016 | AY1: IgG2_A_HongKong_4801_2014 | AZ1: IgG2_B_Colorado_06_2017 | BA1: IgG2_B_Phuket_3073_2013 | BB1: IgG2_A_Brisbane_02_2018 | BC1: IgG2_A_Wisconsin_67_2022 | BD1: IgG2_A_Cambodia_e0826360_2020 | BE1: IgG2_B_Austria_1359417_2021 | BF1: IgG2_A_Indonesia_05_2005 | BG1: IgG2_A_Kansas_14_2017 | BH1: IgG2_A_Victoria_2570_2019 | BI1: IgG2_A_Shanghai_1_2013 | BJ1: IgG2_A_HongKong_45_2019 | BK1: IgG2_A_Michigan_45_2015 | BL1: IgG2_A_California_04_2009 | BM1: IgG2_A_Darwin_6_2021 | BN1: IgG2_Ebola | BO1: IgG2_EBV | BP1: IgG2_A_Hawaii_70_2019 | BQ1: IgG2_Michigan_NA | BR1: IgG2_HongKong_NA | BS1: IgG2_RSV | BT1: IgG2_B_Washington_02_2019 | BU1: IgG2_A_Wisconsin_588_2019 | BV1: IgG2_A_Singapore_INFIMH16_2016 | BW1: IgG3_A_HongKong_4801_2014 | BX1: IgG3_B_Colorado_06_2017 | BY1: IgG3_B_Phuket_3073_2013 | BZ1: IgG3_A_Brisbane_02_2018 | CA1: IgG3_A_Wisconsin_67_2022 | CB1: IgG3_A_Cambodia_e0826360_2020 | CC1: IgG3_B_Austria_1359417_2021 | CD1: IgG3_A_Indonesia_05_2005 | CE1: IgG3_A_Kansas_14_2017 | CF1: IgG3_A_Victoria_2570_2019 | CG1: IgG3_A_Shanghai_1_2013 | CH1: IgG3_A_HongKong_45_2019 | CI1: IgG3_A_Michigan_45_2015 | CJ1: IgG3_A_California_04_2009 | CK1: IgG3_A_Darwin_6_2021 | CL1: IgG3_Ebola | CM1: IgG3_EBV | CN1: IgG3_A_Hawaii_70_2019 | CO1: IgG3_Michigan_NA | CP1: IgG3_HongKong_NA | CQ1: IgG3_RSV | CR1: IgG3_B_Washington_02_2019 | CS1: IgG3_A_Wisconsin_588_2019 | CT1: IgG3_A_Singapore_INFIMH16_2016 | CU1: IgG4_A_HongKong_4801_2014 | CV1: IgG4_B_Colorado_06_2017 | CW1: IgG4_B_Phuket_3073_2013 | CX1: IgG4_A_Brisbane_02_2018 | CY1: IgG4_A_Wisconsin_67_2022 | CZ1: IgG4_A_Cambodia_e0826360_2020 | DA1: IgG4_B_Austria_1359417_2021 | DB1: IgG4_A_Indonesia_05_2005 | DC1: IgG4_A_Kansas_14_2017 | DD1: IgG4_A_Victoria_2570_2019 | DE1: IgG4_A_Shanghai_1_2013 | DF1: IgG4_A_HongKong_45_2019 | DG1: IgG4_A_Michigan_45_2015 | DH1: IgG4_A_California_04_2009 | DI1: IgG4_A_Darwin_6_2021 | DJ1: IgG4_Ebola | DK1: IgG4_EBV | DL1: IgG4_A_Hawaii_70_2019 | DM1: IgG4_Michigan_NA | DN1: IgG4_HongKong_NA | DO1: IgG4_RSV | DP1: IgG4_B_Washington_02_2019 | DQ1: IgG4_A_Wisconsin_588_2019 | DR1: IgG4_A_Singapore_INFIMH16_2016 | DS1: IgA1_A_HongKong_4801_2014 | DT1: IgA1_B_Colorado_06_2017 | DU1: IgA1_B_Phuket_3073_2013 | DV1: IgA1_A_Brisbane_02_2018 | DW1: IgA1_A_Wisconsin_67_2022 | DX1: IgA1_A_Cambodia_e0826360_2020 | DY1: IgA1_B_Austria_1359417_2021 | DZ1: IgA1_A_Indonesia_05_2005 | EA1: IgA1_A_Kansas_14_2017 | EB1: IgA1_A_Victoria_2570_2019 | EC1: IgA1_A_Shanghai_1_2013 | ED1: IgA1_A_HongKong_45_2019 | EE1: IgA1_A_Michigan_45_2015 | EF1: IgA1_A_California_04_2009 | EG1: IgA1_A_Darwin_6_2021 | EH1: IgA1_Ebola | EI1: IgA1_EBV | EJ1: IgA1_A_Hawaii_70_2019 | EK1: IgA1_Michigan_NA | EL1: IgA1_HongKong_NA | EM1: IgA1_RSV | EN1: IgA1_B_Washington_02_2019 | EO1: IgA1_A_Wisconsin_588_2019 | EP1: IgA1_A_Singapore_INFIMH16_2016 | EQ1: IgA2_A_HongKong_4801_2014 | ER1: IgA2_B_Colorado_06_2017 | ES1: IgA2_B_Phuket_3073_2013 | ET1: IgA2_A_Brisbane_02_2018 | EU1: IgA2_A_Wisconsin_67_2022 | EV1: IgA2_A_Singapore_INFIMH16_2016 | EW1: IgA2_A_Cambodia_e0826360_2020 | EX1: IgA2_B_Austria_1359417_2021 | EY1: IgA2_A_Indonesia_05_2005 | EZ1: IgA2_A_Kansas_14_2017 | FA1: IgA2_A_Victoria_2570_2019 | FB1: IgA2_A_Shanghai_1_2013 | FC1: IgA2_A_HongKong_45_2019 | FD1: IgA2_A_Michigan_45_2015 | FE1: IgA2_A_California_04_2009 | FF1: IgA2_A_Darwin_6_2021 | FG1: IgA2_Ebola | FH1: IgA2_EBV | FI1: IgA2_A_Hawaii_70_2019 | FJ1: IgA2_Michigan_NA | FK1: IgA2_HongKong_NA | FL1: IgA2_RSV | FM1: IgA2_B_Washington_02_2019 | FN1: IgA2_A_Wisconsin_588_2019 | FO1: FcgR2A_A_HongKong_4801_2014 | FP1: FcgR2A_B_Colorado_06_2017 | FQ1: FcgR2A_B_Phuket_3073_2013 | FR1: FcgR2A_A_Brisbane_02_2018 | FS1: FcgR2A_A_Wisconsin_67_2022 | FT1: FcgR2A_A_Cambodia_e0826360_2020 | FU1: FcgR2A_B_Austria_1359417_2021 | FV1: FcgR2A_A_Indonesia_05_2005 | FW1: FcgR2A_A_Kansas_14_2017 | FX1: FcgR2A_A_Victoria_2570_2019 | FY1: FcgR2A_A_Shanghai_1_2013 | FZ1: FcgR2A_A_HongKong_45_2019 | GA1: FcgR2A_A_Michigan_45_2015 | GB1: FcgR2A_A_California_04_2009 | GC1: FcgR2A_A_Darwin_6_2021 | GD1: FcgR2A_Ebola | GE1: FcgR2A_EBV | GF1: FcgR2A_A_Hawaii_70_2019 | GG1: FcgR2A_Michigan_NA | GH1: FcgR2A_HongKong_NA | GI1: FcgR2A_RSV | GJ1: FcgR2A_B_Washington_02_2019 | GK1: FcgR2A_A_Wisconsin_588_2019 | GL1: FcgR2A_A_Singapore_INFIMH16_2016 | GM1: FcgR2B_A_HongKong_4801_2014 | GN1: FcgR2B_B_Colorado_06_2017 | GO1: FcgR2B_B_Phuket_3073_2013 | GP1: FcgR2B_A_Brisbane_02_2018 | GQ1: FcgR2B_A_Wisconsin_67_2022 | GR1: FcgR2B_A_Cambodia_e0826360_2020 | GS1: FcgR2B_B_Austria_1359417_2021 | GT1: FcgR2B_A_Indonesia_05_2005 | GU1: FcgR2B_A_Kansas_14_2017 | GV1: FcgR2B_A_Victoria_2570_2019 | GW1: FcgR2B_A_Shanghai_1_2013 | GX1: FcgR2B_A_HongKong_45_2019 | GY1: FcgR2B_A_Michigan_45_2015 | GZ1: FcgR2B_A_California_04_2009 | HA1: FcgR2B_A_Darwin_6_2021 | HB1: FcgR2B_Ebola | HC1: FcgR2B_EBV | HD1: FcgR2B_A_Hawaii_70_2019 | HE1: FcgR2B_Michigan_NA | HF1: FcgR2B_HongKong_NA | HG1: FcgR2B_RSV | HH1: FcgR2B_B_Washington_02_2019 | HI1: FcgR2B_A_Wisconsin_588_2019 | HJ1: FcgR2B_A_Singapore_INFIMH16_2016 | HK1: FcgR3A_A_HongKong_4801_2014 | HL1: FcgR3A_B_Colorado_06_2017 | HM1: FcgR3A_B_Phuket_3073_2013 | HN1: FcgR3A_A_Brisbane_02_2018 | HO1: FcgR3A_A_Wisconsin_67_2022 | HP1: FcgR3A_A_Cambodia_e0826360_2020 | HQ1: FcgR3A_B_Austria_1359417_2021 | HR1: FcgR3A_A_Indonesia_05_2005 | HS1: FcgR3A_A_Kansas_14_2017 | HT1: FcgR3A_A_Victoria_2570_2019 | HU1: FcgR3A_A_Shanghai_1_2013 | HV1: FcgR3A_A_HongKong_45_2019 | HW1: FcgR3A_A_Michigan_45_2015 | HX1: FcgR3A_A_California_04_2009 | HY1: FcgR3A_A_Darwin_6_2021 | HZ1: FcgR3A_Ebola | IA1: FcgR3A_EBV | IB1: FcgR3A_A_Hawaii_70_2019 | IC1: FcgR3A_Michigan_NA | ID1: FcgR3A_HongKong_NA | IE1: FcgR3A_RSV | IF1: FcgR3A_B_Washington_02_2019 | IG1: FcgR3A_A_Wisconsin_588_2019 | IH1: FcgR3A_A_Singapore_INFIMH16_2016 | II1: FcgR3B_A_HongKong_4801_2014 | IJ1: FcgR3B_B_Colorado_06_2017 | IK1: FcgR3B_B_Phuket_3073_2013 | IL1: FcgR3B_A_Brisbane_02_2018 | IM1: FcgR3B_A_Wisconsin_67_2022 | IN1: FcgR3B_A_Cambodia_e0826360_2020 | IO1: FcgR3B_B_Austria_1359417_2021 | IP1: FcgR3B_A_Indonesia_05_2005 | IQ1: FcgR3B_A_Kansas_14_2017 | IR1: FcgR3B_A_Victoria_2570_2019 | IS1: FcgR3B_A_Shanghai_1_2013 | IT1: FcgR3B_A_HongKong_45_2019 | IU1: FcgR3B_A_Michigan_45_2015 | IV1: FcgR3B_A_California_04_2009 | IW1: FcgR3B_A_Darwin_6_2021 | IX1: FcgR3B_Ebola | IY1: FcgR3B_EBV | IZ1: FcgR3B_A_Hawaii_70_2019 | JA1: FcgR3B_Michigan_NA | JB1: FcgR3B_HongKong_NA | JC1: FcgR3B_RSV | JD1: FcgR3B_B_Washington_02_2019 | JE1: FcgR3B_A_Wisconsin_588_2019 | JF1: FcgR3B_A_Singapore_INFIMH16_2016 | JG1: ADCD_A_Michigan_45_2015 | JH1: ADCD_A_California_04_2009 | JI1: ADCD_A_HongKong_4801_2014 | JJ1: ADCD_B_Phuket_3073_2013 | JK1: ADCD_A_Singapore_INFIMH16_2016 | JL1: ADCD_B_Colorado_06_2017 | JM1: ADCD_B_Washington_02_2019 | JN1: ADCD_A_Kansas_14_2017 | JO1: ADCD_A_Wisconsin_67_2022 | JP1: ADCD_A_Victoria_2570_2019 | JQ1: ADCD_A_Cambodia_e0826360_2020 | JR1: ADCD_A_Shanghai_1_2013 | JS1: ADCD_A_Indonesia_05_2005 | JT1: ADCD_Ebola | JU1: ADCD_A_HongKong_45_2019 | JV1: ADCD_A_Wisconsin_588_2019 | JW1: ADCD_A_Brisbane_02_2018 | JX1: ADCD_B_Austria_1359417_2021 | JY1: ADCD_A_Darwin_6_2021 | JZ1: ADCD_RSV | KA1: ADCD_EBV | KB1: ADCD_A_Hawaii_70_2019 | KC1: ADCD_Michigan NA | KD1: ADCD_HongKong NA
A2: Mother | B2: 221417 | C2: 81835.58 | D2: 18301.466 | E2: 151688.89 | F2: 25469.943 | G2: 9550.8295 | H2: 5909.6591 | I2: 15414.148 | J2: 4251.4432 | K2: 38958.852 | L2: 64696.602 | M2: 6361.7159 | N2: 7002.2955 | O2: 38310.58 | P2: 48244.205 | Q2: 15528.943 | R2: 54569.25 | S2: 57505.943 | T2: 17574.693 | U2: 9589.5568 | V2: 6133.2159 | W2: 42611.5 | X2: 15546.75 | Y2: 81467.75 | Z2: 13021.864 | AA2: 909570.91 | AB2: 99634.438 | AC2: 560701 | AD2: 203058.7 | AE2: 268682.53 | AF2: 479549.86 | AG2: 274597.81 | AH2: 17673.55 | AI2: 520966.3 | AJ2: 222150.21 | AK2: 9020.6125 | AL2: 596668.49 | AM2: 338311.99 | AN2: 846693.39 | AO2: 473409.53 | AP2: 1130.9625 | AQ2: 35098.425 | AR2: 520804.71 | AS2: 2897.9625 | AT2: 184239.94 | AU2: 1174888.4 | AV2: 41621.213 | AW2: 251585.02 | AX2: 491786.3 | AY2: 12525.2 | AZ2: 1690.0625 | BA2: 36726.213 | BB2: 2121.6625 | BC2: 3771.425 | BD2: 2432.95 | BE2: 2950.775 | BF2: 280.3125 | BG2: 16213.8 | BH2: 2436.1 | BI2: 896.725 | BJ2: 3874.5125 | BK2: 3419.9875 | BL2: 9852.8 | BM2: 1736.5375 | BN2: 1524.825 | BO2: 1266.775 | BP2: 4811.55 | BQ2: 1089.1125 | BR2: 780.6375 | BS2: 22160.638 | BT2: 1480.9125 | BU2: 3600.35 | BV2: 4424.2875 | BW2: 4874.4091 | BX2: 4560.5682 | BY2: 22670.08 | BZ2: 1489.7727 | CA2: 3317.1023 | CB2: 2670.0682 | CC2: 4620.0227 | CD2: 297.15909 | CE2: 7508.0114 | CF2: 1918.1818 | CG2: 19709.364 | CH2: 2908.8977 | CI2: 2069.6932 | CJ2: 3395.5795 | CK2: 4577.1932 | CL2: 362.17045 | CM2: 1881.3977 | CN2: 2311.3409 | CO2: 360.04545 | CP2: 3661.4659 | CQ2: 212810.7 | CR2: 2606.4659 | CS2: 2595.3977 | CT2: 3431.0568 | CU2: 204.35 | CV2: 882.85 | CW2: 286.7125 | CX2: 39.6625 | CY2: 557.6 | CZ2: 166.525 | DA2: 1234.725 | DB2: 108.2125 | DC2: 173.9125 | DD2: 253.175 | DE2: 58.65 | DF2: 215.7875 | DG2: 59.6 | DH2: 454.1625 | DI2: 387.475 | DJ2: 273.8125 | DK2: 40.85 | DL2: 351.1625 | DM2: 333.05 | DN2: 157 | DO2: 0 | DP2: 1343.05 | DQ2: 208.625 | DR2: 224.1125 | DS2: 76917.42 | DT2: 28567.273 | DU2: 125179.62 | DV2: 27756.909 | DW2: 9759.8295 | DX2: 26341.284 | DY2: 51769.455 | DZ2: 4263.9091 | EA2: 60524.909 | EB2: 9290.0909 | EC2: 5060.375 | ED2: 56698.216 | EE2: 33670.42 | EF2: 52851.091 | EG2: 30497.318 | EH2: 6264.5682 | EI2: 19293.955 | EJ2: 34180.898 | EK2: 4008.8977 | EL2: 5739.0682 | EM2: 1293679.6 | EN2: 27847.045 | EO2: 10494.136 | EP2: 45341.114 | EQ2: 816.94231 | ER2: 278.05769 | ES2: 1875.8173 | ET2: 314.89423 | EU2: 201 | EV2: 235.45192 | EW2: 214.16346 | EX2: 82.836538 | EY2: 57.067308 | EZ2: 1207.8462 | FA2: 139.13462 | FB2: 0 | FC2: 334.94231 | FD2: 210.89423 | FE2: 749.78846 | FF2: 256.31731 | FG2: 749.42308 | FH2: 152.39423 | FI2: 504.47115 | FJ2: 158.94231 | FK2: 77.346154 | FL2: 3047.4038 | FM2: 220.19231 | FN2: 165.63462 | FO2: =IF((Pasted_data!C2-Pasted_data!C$148)<0,0,Pasted_data!C2-Pasted_data!C$148) -> 875883.62 | FP2: =IF((Pasted_data!D2-Pasted_data!D$148)<0,0,Pasted_data!D2-Pasted_data!D$148) -> 323716.67 | FQ2: =IF((Pasted_data!E2-Pasted_data!E$148)<0,0,Pasted_data!E2-Pasted_data!E$148) -> 262780.14 | FR2: =IF((Pasted_data!F2-Pasted_data!F$148)<0,0,Pasted_data!F2-Pasted_data!F$148) -> 358373.73 | FS2: =IF((Pasted_data!G2-Pasted_data!G$148)<0,0,Pasted_data!G2-Pasted_data!G$148) -> 824087.77 | FT2: =IF((Pasted_data!H2-Pasted_data!H$148)<0,0,Pasted_data!H2-Pasted_data!H$148) -> 758783.11 | FU2: =IF((Pasted_data!I2-Pasted_data!I$148)<0,0,Pasted_data!I2-Pasted_data!I$148) -> 602827.73 | FV2: =IF((Pasted_data!J2-Pasted_data!J$148)<0,0,Pasted_data!J2-Pasted_data!J$148) -> 272204.32 | ... JF2: =IF((Pasted_data!CT2-Pasted_data!CT$148)<0,0,Pasted_data!CT2-Pasted_data!CT$148) -> 1266176.2 | JG2: 378688.79 | JH2: 972163.92 | JI2: 990353.96 | JJ2: 723714.14 | JK2: 672217.5 | JL2: 29385.75 | JM2: 17859.779 | JN2: 1004216.4 | JO2: 565786.54 | JP2: 356999.01 | JQ2: 509372.63 | JR2: 23765.346 | JS2: 13718.462 | JT2: 47361.173 | JU2: 752502.97 | JV2: 310659.9 | JW2: 72183.933 | JX2: 28884.135 | JY2: 499413.91 | JZ2: 61834.721 | KA2: 21140 | KB2: 815030.96 | KC2: 46335.24 | KD2: 352881.88
A3: Mother | B3: 221432 | C3: 45941.5 | D3: 7221.5385 | E3: 159940.38 | F3: 26576.712 | G3: 4748.5 | H3: 3251.4231 | I3: 12785.173 | J3: 2003.9615 | K3: 81276.346 | L3: 66446.75 | M3: 3922.3077 | N3: 44381.365 | O3: 38331.231 | P3: 70160.846 | Q3: 2969.4423 | R3: 23777.173 | S3: 26610.962 | T3: 17980.231 | U3: 10626.981 | V3: 6458.4615 | W3: 22785.231 | X3: 6796.0385 | Y3: 64117.846 | Z3: 15050.577 | AA3: 44097.615 | AB3: 7576.2115 | AC3: 13318.404 | AD3: 6980.7885 | AE3: 3793.7308 | AF3: 1752.6923 | AG3: 58475.288 | AH3: 0 | AI3: 68405.635 | AJ3: 9189.9038 | AK3: 0 | AL3: 72224.788 | AM3: 18952.462 | AN3: 56248.923 | AO3: 1283.7885 | AP3: 693.32692 | AQ3: 29.711538 | AR3: 18027.269 | AS3: 426.69231 | AT3: 28555.962 | AU3: 891.26923 | AV3: 5792.8269 | AW3: 17579.75 | AX3: 13591.962 | AY3: 55735.385 | AZ3: 1754.5962 | BA3: 15286.096 | BB3: 1573.4808 | BC3: 1275.8462 | BD3: 1476.2885 | BE3: 4491.6731 | BF3: 338.73077 | BG3: 13503.25 | BH3: 4446.4038 | BI3: 413.01923 | BJ3: 36218.808 | BK3: 4044.0577 | BL3: 20809.038 | BM3: 396.38462 | BN3: 1520.2115 | BO3: 826.48077 | BP3: 2643.5 | BQ3: 204.48077 | BR3: 777.17308 | BS3: 2146.7308 | BT3: 1614.6538 | BU3: 4002.4231 | BV3: 6635 | BW3: 6834.9038 | BX3: 9767.0577 | BY3: 30782.635 | BZ3: 2154.1923 | CA3: 5754.5192 | CB3: 2341.5577 | CC3: 20495.846 | CD3: 108.32692 | CE3: 8382.9231 | CF3: 3510.6731 | CG3: 652.17308 | CH3: 5440.6346 | CI3: 2911.0769 | CJ3: 6472.9038 | CK3: 3896.3846 | CL3: 618.65385 | CM3: 736.63462 | CN3: 4036.5769 | CO3: 681.76923 | CP3: 686.92308 | CQ3: 2088.7692 | CR3: 7753.0192 | CS3: 4231.0192 | CT3: 3567.8654 | CU3: 23070.538 | CV3: 39676.269 | CW3: 20648.019 | CX3: 36330.346 | CY3: 70118.692 | CZ3: 8351.9808 | DA3: 40948.596 | DB3: 212.80769 | DC3: 7343.2308 | DD3: 59288.519 | DE3: 15384.712 | DF3: 19329.346 | DG3: 89786.135 | DH3: 189773.35 | DI3: 1623.0962 | DJ3: 303.01923 | DK3: 150.44231 | DL3: 35562.308 | DM3: 0 | DN3: 595.42308 | DO3: 2075.4423 | DP3: 44565.673 | DQ3: 57644.538 | DR3: 14631.5 | DS3: 4876.3077 | DT3: 1927.1346 | DU3: 18400.673 | DV3: 14046.423 | DW3: 2595.8654 | DX3: 2760.25 | DY3: 3763.6154 | DZ3: 144.63462 | EA3: 8267.6154 | EB3: 5218.7308 | EC3: 823.51923 | ED3: 4096.0577 | EE3: 23360.808 | EF3: 35222.462 | EG3: 2468.5769 | EH3: 1017.9423 | EI3: 755.94231 | EJ3: 10208.346 | EK3: 3817.1731 | EL3: 852.15385 | EM3: 2471.5769 | EN3: 3992.4423 | EO3: 5875.0577 | EP3: 1533.0962 | EQ3: 60.192308 | ER3: 61.807692 | ES3: 584.56731 | ET3: 259.39423 | EU3: 9.5 | EV3: 102.20192 | EW3: 145.16346 | EX3: 17.336538 | EY3: 0 | EZ3: 200.59615 | FA3: 0 | FB3: 160.29808 | FC3: 17.692308 | FD3: 274.64423 | FE3: 439.28846 | FF3: 88.317308 | FG3: 213.92308 | FH3: 0 | FI3: 183.47115 | FJ3: 0 | FK3: 19.096154 | FL3: 0 | FM3: 38.192308 | FN3: 82.634615 | FO3: =IF((Pasted_data!C74-Pasted_data!C$148)<0,0,Pasted_data!C74-Pasted_data!C$148) -> 853058.38 | FP3: =IF((Pasted_data!D74-Pasted_data!D$148)<0,0,Pasted_data!D74-Pasted_data!D$148) -> 511923.92 | FQ3: =IF((Pasted_data!E74-Pasted_data!E$148)<0,0,Pasted_data!E74-Pasted_data!E$148) -> 147971.64 | FR3: =IF((Pasted_data!F74-Pasted_data!F$148)<0,0,Pasted_data!F74-Pasted_data!F$148) -> 412892.73 | FS3: =IF((Pasted_data!G74-Pasted_data!G$148)<0,0,Pasted_data!G74-Pasted_data!G$148) -> 519656.77 | FT3: =IF((Pasted_data!H74-Pasted_data!H$148)<0,0,Pasted_data!H74-Pasted_data!H$148) -> 509297.11 | FU3: =IF((Pasted_data!I74-Pasted_data!I$148)<0,0,Pasted_data!I74-Pasted_data!I$148) -> 706686.73 | FV3: =IF((Pasted_data!J74-Pasted_data!J$148)<0,0,Pasted_data!J74-Pasted_data!J$148) -> 12529.067 | ... JF3: =IF((Pasted_data!CT74-Pasted_data!CT$148)<0,0,Pasted_data!CT74-Pasted_data!CT$148) -> 467349.92 | JG3: 464164.54 | JH3: 910743.42 | JI3: 852577.96 | JJ3: 740852.89 | JK3: 527376.75 | JL3: 693649.25 | JM3: 589172.28 | JN3: 892958.38 | JO3: 686365.29 | JP3: 844677.76 | JQ3: 389949.38 | JR3: 14730.346 | JS3: 7754.7115 | JT3: 11169.423 | JU3: 920969.72 | JV3: 887944.9 | JW3: 143263.93 | JX3: 718553.13 | JY3: 0 | JZ3: 17362.471 | KA3: 21067 | KB3: 832757.96 | KC3: 42154.49 | KD3: 761511.13
A4: Mother | B4: 222567 | C4: 61204.08 | D4: 66102.966 | E4: 204959.14 | F4: 11584.693 | G4: 35392.08 | H4: 12082.409 | I4: 195053.9 | J4: 1868.9432 | K4: 51208.852 | L4: 35247.602 | M4: 9142.7159 | N4: 12235.795 | O4: 18772.83 | P4: 76640.205 | Q4: 12612.943 | R4: 35571 | S4: 20503.693 | T4: 54211.943 | U4: 2946.0568 | V4: 6506.2159 | W4: 82211 | X4: 212938.25 | Y4: 46754 | Z4: 7200.1136 | AA4: 27981.162 | AB4: 25033.438 | AC4: 35054 | AD4: 21494.7 | AE4: 72340.025 | AF4: 9950.8625 | AG4: 30218.062 | AH4: 305.55 | AI4: 71822.05 | AJ4: 74306.962 | AK4: 222.1125 | AL4: 17500.487 | AM4: 34637.738 | AN4: 153752.64 | AO4: 17521.275 | AP4: 42.4625 | AQ4: 2204.425 | AR4: 92411.962 | AS4: 382.4625 | AT4: 2823.9375 | AU4: 56508.662 | AV4: 24586.213 | AW4: 101974.52 | AX4: 25101.8 | AY4: 9437.7 | AZ4: 4363.5625 | BA4: 8446.7125 | BB4: 1378.1625 | BC4: 3380.925 | BD4: 6164.2 | BE4: 3715.275 | BF4: 458.5625 | BG4: 11413.55 | BH4: 2388.6 | BI4: 239.475 | BJ4: 37973.012 | BK4: 2074.9875 | BL4: 5150.55 | BM4: 3541.5375 | BN4: 1423.325 | BO4: 743.275 | BP4: 3939.05 | BQ4: 130.3625 | BR4: 1307.8875 | BS4: 48179.637 | BT4: 3754.1625 | BU4: 3218.6 | BV4: 1646.0375 | BW4: 205149.41 | BX4: 44586.318 | BY4: 136979.08 | BZ4: 79035.523 | CA4: 202809.6 | CB4: 187871.07 | CC4: 47063.023 | CD4: 32441.159 | CE4: 193212.26 | CF4: 136671.93 | CG4: 1723.3636 | CH4: 226747.4 | CI4: 114304.94 | CJ4: 169628.08 | CK4: 225915.44 | CL4: 622.92045 | CM4: 2100.8977 | CN4: 157714.34 | CO4: 202.29545 | CP4: 8792.9659 | CQ4: 12138.705 | CR4: 46410.216 | CS4: 158540.9 | CT4: 255415.31 | CU4: 766.85 | CV4: 928.1 | CW4: 1859.7125 | CX4: 306.1625 | CY4: 815.85 | CZ4: 635.025 | DA4: 825.975 | DB4: 104.7125 | DC4: 1109.4125 | DD4: 649.675 | DE4: 267.15 | DF4: 794.5375 | DG4: 535.6 | DH4: 1245.1625 | DI4: 821.475 | DJ4: 257.3125 | DK4: 332.85 | DL4: 889.4125 | DM4: 0 | DN4: 416 | DO4: 406.225 | DP4: 626.8 | DQ4: 734.625 | DR4: 302.3625 | DS4: 159912.67 | DT4: 209875.02 | DU4: 559380.62 | DV4: 88099.909 | DW4: 265411.58 | DX4: 192494.03 | DY4: 199441.45 | DZ4: 14228.159 | EA4: 225402.66 | EB4: 168725.34 | EC4: 4268.125 | ED4: 320678.47 | EE4: 118446.92 | EF4: 149380.59 | EG4: 201211.82 | EH4: 7459.5682 | EI4: 6409.4545 | EJ4: 159093.65 | EK4: 1603.8977 | EL4: 1421.8182 | EM4: 199669.64 | EN4: 229240.05 | EO4: 201557.89 | EP4: 143712.61 | EQ4: 2588.6923 | ER4: 2343.8077 | ES4: 36463.067 | ET4: 538.64423 | EU4: 3813.25 | EV4: 251.70192 | EW4: 3601.4135 | EX4: 717.83654 | EY4: 67.817308 | EZ4: 5067.3462 | FA4: 2053.8846 | FB4: 64.298077 | FC4: 9959.1923 | FD4: 882.39423 | FE4: 1282.5385 | FF4: 5207.8173 | FG4: 388.17308 | FH4: 152.14423 | FI4: 1531.7212 | FJ4: 124.19231 | FK4: 265.84615 | FL4: 143.40385 | FM4: 2360.6923 | FN4: 2395.6346 | FO4: =IF((Pasted_data!C3-Pasted_data!C$148)<0,0,Pasted_data!C3-Pasted_data!C$148) -> 796344.38 | FP4: =IF((Pasted_data!D3-Pasted_data!D$148)<0,0,Pasted_data!D3-Pasted_data!D$148) -> 552395.17 | FQ4: =IF((Pasted_data!E3-Pasted_data!E$148)<0,0,Pasted_data!E3-Pasted_data!E$148) -> 269867.89 | FR4: =IF((Pasted_data!F3-Pasted_data!F$148)<0,0,Pasted_data!F3-Pasted_data!F$148) -> 576043.23 | FS4: =IF((Pasted_data!G3-Pasted_data!G$148)<0,0,Pasted_data!G3-Pasted_data!G$148) -> 703148.77 | FT4: =IF((Pasted_data!H3-Pasted_data!H$148)<0,0,Pasted_data!H3-Pasted_data!H$148) -> 620866.11 | FU4: =IF((Pasted_data!I3-Pasted_data!I$148)<0,0,Pasted_data!I3-Pasted_data!I$148) -> 716090.98 | FV4: =IF((Pasted_data!J3-Pasted_data!J$148)<0,0,Pasted_data!J3-Pasted_data!J$148) -> 200889.07 | ... JF4: =IF((Pasted_data!CT3-Pasted_data!CT$148)<0,0,Pasted_data!CT3-Pasted_data!CT$148) -> 1253046.4 | JG4: 953082.54 | JH4: 1055476.9 | JI4: 922248.46 | JJ4: 999040.89 | JK4: 733981.25 | JL4: 932096 | JM4: 967146.28 | JN4: 1030235.6 | JO4: 1040553.8 | JP4: 1022188.3 | JQ4: 823395.13 | JR4: 46591.096 | JS4: 37141.962 | JT4: 116051.17 | JU4: 965649.47 | JV4: 1048855.4 | JW4: 793483.18 | JX4: 966761.63 | JY4: 508964.91 | JZ4: 218215.72 | KA4: 48552.75 | KB4: 987830.96 | KC4: 77704.49 | KD4: 315410.88
A5: Mother | B5: 224423 | C5: 58188.33 | D5: 14250.466 | E5: 175767.14 | F5: 2967.9432 | G5: 3721.3295 | H5: 3865.6591 | I5: 16039.648 | J5: 3735.4432 | K5: 31451.102 | L5: 3940.8523 | M5: 18118.216 | N5: 8550.5455 | O5: 11880.58 | P5: 5241.7045 | Q5: 15811.443 | R5: 44916.5 | S5: 72918.943 | T5: 4955.1932 | U5: 10046.807 | V5: 8043.7159 | W5: 322550.5 | X5: 11477.75 | Y5: 5420.25 | Z5: 2714.6136 | AA5: 536309.41 | AB5: 134257.44 | AC5: 341088.25 | AD5: 28411.95 | AE5: 32568.525 | AF5: 138000.36 | AG5: 228590.06 | AH5: 4481.3 | AI5: 294999.05 | AJ5: 34962.963 | AK5: 11018.362 | AL5: 345219.99 | AM5: 71012.488 | AN5: 97555.387 | AO5: 182559.77 | AP5: 596.9625 | AQ5: 23556.425 | AR5: 27016.463 | AS5: 698.2125 | AT5: 22912.438 | AU5: 3342224.2 | AV5: 90116.962 | AW5: 38439.025 | AX5: 167090.3 | AY5: 5203.7 | AZ5: 449.5625 | BA5: 10042.212 | BB5: 230.9125 | BC5: 138.925 | BD5: 844.45 | BE5: 2091.775 | BF5: 65.8125 | BG5: 3766.3 | BH5: 191.1 | BI5: 157.725 | BJ5: 630.0125 | BK5: 379.2375 | BL5: 466.3 | BM5: 309.7875 | BN5: 82.075 | BO5: 531.775 | BP5: 230.05 | BQ5: 506.6125 | BR5: 0 | BS5: 39260.637 | BT5: 711.4125 | BU5: 0 | BV5: 592.7875 | BW5: 7740.9091 | BX5: 820.81818 | BY5: 17059.08 | BZ5: 3023.0227 | CA5: 1247.6023 | CB5: 2804.3182 | CC5: 4914.2727 | CD5: 373.15909 | CE5: 7972.7614 | CF5: 2204.9318 | CG5: 212.36364 | CH5: 3139.8977 | CI5: 1838.1932 | CJ5: 2111.3295 | CK5: 9987.6932 | CL5: 224.92045 | CM5: 562.89773 | CN5: 1318.3409 | CO5: 294.04545 | CP5: 281.96591 | CQ5: 189225.45 | CR5: 1186.9659 | CS5: 2117.8977 | CT5: 3770.3068 | CU5: 440.6 | CV5: 38.1 | CW5: 1129.2125 | CX5: 140.1625 | CY5: 89.35 | CZ5: 253.525 | DA5: 313.475 | DB5: 3.4625 | DC5: 470.1625 | DD5: 161.175 | DE5: 181.9 | DF5: 70.5375 | DG5: 92.1 | DH5: 257.6625 | DI5: 320.475 | DJ5: 294.8125 | DK5: 219.6 | DL5: 71.9125 | DM5: 0 | DN5: 0 | DO5: 1669.725 | DP5: 256.8 | DQ5: 0 | DR5: 77.6125 | DS5: 45978.17 | DT5: 3081.0227 | DU5: 25764.125 | DV5: 2320.6591 | DW5: 8573.8295 | DX5: 15639.034 | DY5: 9505.4545 | DZ5: 621.65909 | EA5: 55264.409 | EB5: 5011.8409 | EC5: 1468.375 | ED5: 27886.466 | EE5: 5090.1705 | EF5: 9864.8409 | EG5: 3895.5682 | EH5: 270.81818 | EI5: 7581.7045 | EJ5: 1955.3977 | EK5: 686.89773 | EL5: 788.81818 | EM5: 276262.89 | EN5: 2274.2955 | EO5: 6075.1364 | EP5: 11187.614 | EQ5: 260.69231 | ER5: 249.05769 | ES5: 501.56731 | ET5: 146.89423 | EU5: 122 | EV5: 35.951923 | EW5: 186.41346 | EX5: 15.836538 | EY5: 7.5673077 | EZ5: 655.59615 | FA5: 108.88462 | FB5: 224.54808 | FC5: 96.442308 | FD5: 222.89423 | FE5: 207.03846 | FF5: 58.317308 | FG5: 459.42308 | FH5: 307.89423 | FI5: 84.721154 | FJ5: 0 | FK5: 188.59615 | FL5: 723.65385 | FM5: 128.69231 | FN5: 43.384615 | FO5: =IF((Pasted_data!C4-Pasted_data!C$148)<0,0,Pasted_data!C4-Pasted_data!C$148) -> 1123423.4 | FP5: =IF((Pasted_data!D4-Pasted_data!D$148)<0,0,Pasted_data!D4-Pasted_data!D$148) -> 587624.42 | FQ5: =IF((Pasted_data!E4-Pasted_data!E$148)<0,0,Pasted_data!E4-Pasted_data!E$148) -> 420851.89 | FR5: =IF((Pasted_data!F4-Pasted_data!F$148)<0,0,Pasted_data!F4-Pasted_data!F$148) -> 105466.48 | FS5: =IF((Pasted_data!G4-Pasted_data!G$148)<0,0,Pasted_data!G4-Pasted_data!G$148) -> 162325.02 | FT5: =IF((Pasted_data!H4-Pasted_data!H$148)<0,0,Pasted_data!H4-Pasted_data!H$148) -> 506043.11 | FU5: =IF((Pasted_data!I4-Pasted_data!I$148)<0,0,Pasted_data!I4-Pasted_data!I$148) -> 806281.23 | FV5: =IF((Pasted_data!J4-Pasted_data!J$148)<0,0,Pasted_data!J4-Pasted_data!J$148) -> 26321.817 | ... JF5: =IF((Pasted_data!CT4-Pasted_data!CT$148)<0,0,Pasted_data!CT4-Pasted_data!CT$148) -> 618703.92 | JG5: 13915.538 | JH5: 31317.923 | JI5: 884137.46 | JJ5: 281554.14 | JK5: 99195 | JL5: 77494.25 | JM5: 39658.779 | JN5: 164672.13 | JO5: 18487.288 | JP5: 22902.51 | JQ5: 28022.885 | JR5: 15554.596 | JS5: 5161.2115 | JT5: 39276.173 | JU5: 404746.97 | JV5: 8027.1538 | JW5: 11517.433 | JX5: 29421.635 | JY5: 200001.16 | JZ5: 488928.97 | KA5: 16089.75 | KB5: 6187.4615 | KC5: 59843.74 | KD5: 45424.135
A6: Mother | B6: 224442 | C6: 34760.75 | D6: 1389.7885 | E6: 79063.885 | F6: 1575.4615 | G6: 1020 | H6: 31022.173 | I6: 9820.4231 | J6: 549.46154 | K6: 39840.346 | L6: 1132.5 | M6: 1175.3077 | N6: 13874.865 | O6: 1137.7308 | P6: 2843.5962 | Q6: 34143.442 | R6: 6181.6731 | S6: 13593.212 | T6: 1076.4808 | U6: 4433.9808 | V6: 650.21154 | W6: 6378.2308 | X6: 24616.788 | Y6: 1060.8462 | Z6: 2351.8269 | AA6: 7.8653846 | AB6: 2506.2115 | AC6: 9394.1538 | AD6: 0 | AE6: 0 | AF6: 28.192308 | AG6: 51846.788 | AH6: 0 | AI6: 0 | AJ6: 0 | AK6: 0 | AL6: 239.78846 | AM6: 3434.9615 | AN6: 9501.4231 | AO6: 186.53846 | AP6: 464.57692 | AQ6: 21.711538 | AR6: 0 | AS6: 0 | AT6: 2257.9615 | AU6: 2100.0192 | AV6: 565.57692 | AW6: 0 | AX6: 91.961538 | AY6: 6125.8846 | AZ6: 58.846154 | BA6: 6596.5962 | BB6: 107.98077 | BC6: 314.84615 | BD6: 278.03846 | BE6: 2483.6731 | BF6: 113.98077 | BG6: 1782.75 | BH6: 192.40385 | BI6: 89.769231 | BJ6: 287.30769 | BK6: 141.05769 | BL6: 394.28846 | BM6: 321.88462 | BN6: 1179.7115 | BO6: 348.48077 | BP6: 358 | BQ6: 0 | BR6: 292.92308 | BS6: 2147.9808 | BT6: 310.40385 | BU6: 178.92308 | BV6: 184 | BW6: 12784.904 | BX6: 3184.3077 | BY6: 21062.635 | BZ6: 5054.4423 | CA6: 3567.5192 | CB6: 590.55769 | CC6: 10266.596 | CD6: 626.32692 | CE6: 6756.1731 | CF6: 4143.4231 | CG6: 1406.9231 | CH6: 898.63462 | CI6: 4360.5769 | CJ6: 7569.1538 | CK6: 1159.6346 | CL6: 2571.6538 | CM6: 782.63462 | CN6: 3411.0769 | CO6: 73.519231 | CP6: 144.67308 | CQ6: 2872.0192 | CR6: 3147.5192 | CS6: 5470.2692 | CT6: 1154.6154 | CU6: 485.28846 | CV6: 81.019231 | CW6: 61.769231 | CX6: 251.84615 | CY6: 213.19231 | CZ6: 186.98077 | DA6: 82.846154 | DB6: 0 | DC6: 17.980769 | DD6: 79.019231 | DE6: 256.46154 | DF6: 0 | DG6: 125.88462 | DH6: 666.84615 | DI6: 199.09615 | DJ6: 185.76923 | DK6: 0 | DL6: 0 | DM6: 0 | DN6: 0 | DO6: 0 | DP6: 0 | DQ6: 269.28846 | DR6: 0 | DS6: 7116.8077 | DT6: 1779.3846 | DU6: 25183.173 | DV6: 755.42308 | DW6: 2189.1154 | DX6: 3607.75 | DY6: 2699.8654 | DZ6: 269.13462 | EA6: 21553.365 | EB6: 1622.7308 | EC6: 179.76923 | ED6: 5280.5577 | EE6: 2270.0577 | EF6: 5311.4615 | EG6: 2903.5769 | EH6: 715.69231 | EI6: 11718.192 | EJ6: 1642.5962 | EK6: 0 | EL6: 223.40385 | EM6: 2692.3269 | EN6: 6344.9423 | EO6: 1961.8077 | EP6: 658.09615 | EQ6: 62.442308 | ER6: 28.557692 | ES6: 515.56731 | ET6: 100.14423 | EU6: 44 | EV6: 16.951923 | EW6: 67.163462 | EX6: 191.83654 | EY6: 0 | EZ6: 575.59615 | FA6: 80.634615 | FB6: 64.548077 | FC6: 117.19231 | FD6: 124.89423 | FE6: 59.288462 | FF6: 71.067308 | FG6: 0 | FH6: 201.89423 | FI6: 36.221154 | FJ6: 0 | FK6: 0 | FL6: 0 | FM6: 105.19231 | FN6: 1.3846154 | FO6: =IF((Pasted_data!C53-Pasted_data!C$148)<0,0,Pasted_data!C53-Pasted_data!C$148) -> 609401.62 | FP6: =IF((Pasted_data!D53-Pasted_data!D$148)<0,0,Pasted_data!D53-Pasted_data!D$148) -> 717203.42 | FQ6: =IF((Pasted_data!E53-Pasted_data!E$148)<0,0,Pasted_data!E53-Pasted_data!E$148) -> 365114.14 | FR6: =IF((Pasted_data!F53-Pasted_data!F$148)<0,0,Pasted_data!F53-Pasted_data!F$148) -> 582154.73 | FS6: =IF((Pasted_data!G53-Pasted_data!G$148)<0,0,Pasted_data!G53-Pasted_data!G$148) -> 876831.52 | FT6: =IF((Pasted_data!H53-Pasted_data!H$148)<0,0,Pasted_data!H53-Pasted_data!H$148) -> 303155.11 | FU6: =IF((Pasted_data!I53-Pasted_data!I$148)<0,0,Pasted_data!I53-Pasted_data!I$148) -> 1050333 | FV6: =IF((Pasted_data!J53-Pasted_data!J$148)<0,0,Pasted_data!J53-Pasted_data!J$148) -> 197686.57 | ... JF6: =IF((Pasted_data!CT53-Pasted_data!CT$148)<0,0,Pasted_data!CT53-Pasted_data!CT$148) -> 168329.42 | JG6: 377081.04 | JH6: 926620.67 | JI6: 83577.962 | JJ6: 680784.14 | JK6: 7429.25 | JL6: 250698 | JM6: 69294.029 | JN6: 11523.885 | JO6: 480485.54 | JP6: 526011.01 | JQ6: 9639.3846 | JR6: 12657.346 | JS6: 6929.9615 | JT6: 22511.673 | JU6: 26875.971 | JV6: 428182.15 | JW6: 77825.683 | JX6: 220054.13 | JY6: 62130.413 | JZ6: 25516.471 | KA6: 14669.25 | KB6: 174371.46 | KC6: 16856.74 | KD6: 20658.885
A7: Mother | B7: 224467 | C7: 40500.08 | D7: 9946.4659 | E7: 199870.64 | F7: 4808.6932 | G7: 1761.3295 | H7: 11425.409 | I7: 44318.398 | J7: 979.44318 | K7: 55597.352 | L7: 6823.6023 | M7: 1594.9659 | N7: 5604.7955 | O7: 8702.0795 | P7: 21716.205 | Q7: 17250.693 | R7: 2847 | S7: 10101.443 | T7: 4467.9432 | U7: 2181.5568 | V7: 1609.7159 | W7: 158845 | X7: 86010.75 | Y7: 7301.5 | Z7: 7330.8636 | AA7: 632148.41 | AB7: 759246.69 | AC7: 1814054 | AD7: 365298.95 | AE7: 338587.28 | AF7: 242642.86 | AG7: 830714.06 | AH7: 25988.8 | AI7: 583286.3 | AJ7: 282254.71 | AK7: 27314.612 | AL7: 486629.49 | AM7: 582403.49 | AN7: 720049.64 | AO7: 599687.03 | AP7: 679.4625 | AQ7: 69173.925 | AR7: 247409.96 | AS7: 3470.9625 | AT7: 16363.938 | AU7: 2261575.2 | AV7: 456340.21 | AW7: 317783.78 | AX7: 420815.05 | AY7: 4796.45 | AZ7: 8540.3125 | BA7: 14264.712 | BB7: 747.4125 | BC7: 959.925 | BD7: 1353.45 | BE7: 2613.525 | BF7: 318.3125 | BG7: 5635.8 | BH7: 832.6 | BI7: 0 | BJ7: 1229.0125 | BK7: 1042.7375 | BL7: 2800.05 | BM7: 1832.0375 | BN7: 945.325 | BO7: 1102.525 | BP7: 1148.05 | BQ7: 89.1125 | BR7: 0 | BS7: 6395.3875 | BT7: 3142.6625 | BU7: 955.1 | BV7: 1028.0375 | BW7: 5456.9091 | BX7: 3848.8182 | BY7: 13744.33 | BZ7: 2365.2727 | CA7: 3911.6023 | CB7: 3562.3182 | CC7: 4370.0227 | CD7: 623.15909 | CE7: 8777.5114 | CF7: 2640.6818 | CG7: 406.86364 | CH7: 3746.1477 | CI7: 2953.1932 | CJ7: 5519.3295 | CK7: 5751.6932 | CL7: 318.92045 | CM7: 534.39773 | CN7: 2600.8409 | CO7: 184.29545 | CP7: 1402.4659 | CQ7: 3963.2045 | CR7: 4482.7159 | CS7: 2924.8977 | CT7: 3935.3068 | CU7: 279.85 | CV7: 232.35 | CW7: 417.2125 | CX7: 0 | CY7: 6.85 | CZ7: 231.525 | DA7: 231.475 | DB7: 63.7125 | DC7: 307.9125 | DD7: 125.175 | DE7: 135.15 | DF7: 289.5375 | DG7: 168.1 | DH7: 396.1625 | DI7: 237.975 | DJ7: 0 | DK7: 18.1 | DL7: 162.4125 | DM7: 262.3 | DN7: 206.25 | DO7: 77.975 | DP7: 143.3 | DQ7: 145.875 | DR7: 94.6125 | DS7: 9971.6705 | DT7: 20568.023 | DU7: 106958.12 | DV7: 1414.9091 | DW7: 2132.5795 | DX7: 4661.5341 | DY7: 47085.205 | DZ7: 300.90909 | EA7: 5896.4091 | EB7: 1419.5909 | EC7: 575.625 | ED7: 4688.2159 | EE7: 2148.9205 | EF7: 5757.8409 | EG7: 7166.0682 | EH7: 913.06818 | EI7: 3378.7045 | EJ7: 1746.1477 | EK7: 264.89773 | EL7: 348.56818 | EM7: 47558.136 | EN7: 41791.795 | EO7: 1656.1364 | EP7: 4036.8636 | EQ7: 188.69231 | ER7: 223.80769 | ES7: 1638.8173 | ET7: 86.894231 | EU7: 124.5 | EV7: 208.45192 | EW7: 239.66346 | EX7: 165.33654 | EY7: 92.817308 | EZ7: 312.34615 | FA7: 0 | FB7: 0 | FC7: 199.19231 | FD7: 160.89423 | FE7: 5.0384615 | FF7: 210.56731 | FG7: 103.42308 | FH7: 201.64423 | FI7: 119.72115 | FJ7: 0 | FK7: 107.09615 | FL7: 180.15385 | FM7: 361.94231 | FN7: 107.38462 | FO7: =IF((Pasted_data!C5-Pasted_data!C$148)<0,0,Pasted_data!C5-Pasted_data!C$148) -> 696771.12 | FP7: =IF((Pasted_data!D5-Pasted_data!D$148)<0,0,Pasted_data!D5-Pasted_data!D$148) -> 647176.67 | FQ7: =IF((Pasted_data!E5-Pasted_data!E$148)<0,0,Pasted_data!E5-Pasted_data!E$148) -> 557405.39 | FR7: =IF((Pasted_data!F5-Pasted_data!F$148)<0,0,Pasted_data!F5-Pasted_data!F$148) -> 464670.73 | FS7: =IF((Pasted_data!G5-Pasted_data!G$148)<0,0,Pasted_data!G5-Pasted_data!G$148) -> 608941.27 | FT7: =IF((Pasted_data!H5-Pasted_data!H$148)<0,0,Pasted_data!H5-Pasted_data!H$148) -> 488675.61 | FU7: =IF((Pasted_data!I5-Pasted_data!I$148)<0,0,Pasted_data!I5-Pasted_data!I$148) -> 834408.48 | FV7: =IF((Pasted_data!J5-Pasted_data!J$148)<0,0,Pasted_data!J5-Pasted_data!J$148) -> 231349.07 | ... JF7: =IF((Pasted_data!CT5-Pasted_data!CT$148)<0,0,Pasted_data!CT5-Pasted_data!CT$148) -> 989065.17 | JG7: 749938.54 | JH7: 1014064.2 | JI7: 944114.46 | JJ7: 1029143.4 | JK7: 503913 | JL7: 908695 | JM7: 881349.53 | JN7: 885043.88 | JO7: 727124.54 | JP7: 806095.01 | JQ7: 571848.63 | JR7: 40244.096 | JS7: 21671.962 | JT7: 93617.673 | JU7: 930475.72 | JV7: 807078.4 | JW7: 526518.43 | JX7: 809408.63 | JY7: 157934.41 | JZ7: 94373.471 | KA7: 28900.25 | KB7: 892455.46 | KC7: 38799.74 | KD7: 45977.885
A8: Mother | B8: 226699 | C8: 11508 | D8: 3193.2885 | E8: 42842.135 | F8: 1923.2115 | G8: 985.5 | H8: 2192.9231 | I8: 8666.9231 | J8: 827.46154 | K8: 50804.846 | L8: 1318 | M8: 2862.3077 | N8: 1962.3654 | O8: 1900.9808 | P8: 3915.3462 | Q8: 1180.6923 | R8: 4841.9231 | S8: 14671.462 | T8: 2182.7308 | U8: 3810.2308 | V8: 9967.9615 | W8: 6985.7308 | X8: 4605.2885 | Y8: 1842.5962 | Z8: 4968.0769 | AA8: 793114.37 | AB8: 164338.71 | AC8: 815433.15 | AD8: 17342.788 | AE8: 54020.731 | AF8: 44021.692 | AG8: 579010.79 | AH8: 637.86538 | AI8: 614491.38 | AJ8: 54010.154 | AK8: 2562 | AL8: 187546.54 | AM8: 59806.462 | AN8: 123310.42 | AO8: 74599.538 | AP8: 2519.0769 | AQ8: 145437.71 | AR8: 35496.269 | AS8: 1446.4423 | AT8: 8439.2115 | AU8: 6942.7692 | AV8: 141992.08 | AW8: 49287.75 | AX8: 314455.96 | AY8: 13741.635 | AZ8: 1464.0962 | BA8: 31689.096 | BB8: 659.73077 | BC8: 743.09615 | BD8: 334.53846 | BE8: 4563.9231 | BF8: 153.73077 | BG8: 7414.5 | BH8: 557.90385 | BI8: 747.26923 | BJ8: 575.55769 | BK8: 800.05769 | BL8: 1377.0385 | BM8: 407.13462 | BN8: 3839.2115 | BO8: 1612.9808 | BP8: 656.5 | BQ8: 532.23077 | BR8: 400.92308 | BS8: 3365.7308 | BT8: 1797.9038 | BU8: 447.67308 | BV8: 1741.25 | BW8: 8272.9038 | BX8: 1449.3077 | BY8: 12088.635 | BZ8: 1235.1923 | CA8: 887.01923 | CB8: 1601.5577 | CC8: 2978.5962 | CD8: 242.57692 | CE8: 5335.4231 | CF8: 753.67308 | CG8: 836.92308 | CH8: 1233.3846 | CI8: 1250.3269 | CJ8: 1776.6538 | CK8: 3476.6346 | CL8: 40.153846 | CM8: 2165.1346 | CN8: 1271.3269 | CO8: 10560.519 | CP8: 478.17308 | CQ8: 2710.2692 | CR8: 2098.5192 | CS8: 919.01923 | CT8: 1647.6154 | CU8: 1497.0385 | CV8: 222.01923 | CW8: 3185.2692 | CX8: 132.34615 | CY8: 518.44231 | CZ8: 177.73077 | DA8: 72.096154 | DB8: 0 | DC8: 966.73077 | DD8: 284.26923 | DE8: 0 | DF8: 104.59615 | DG8: 304.88462 | DH8: 5185.5962 | DI8: 232.59615 | DJ8: 115.26923 | DK8: 148.19231 | DL8: 448.55769 | DM8: 264.28846 | DN8: 0 | DO8: 1276.4423 | DP8: 472.92308 | DQ8: 229.53846 | DR8: 621 | DS8: 23969.058 | DT8: 2106.1346 | DU8: 34670.673 | DV8: 1084.6731 | DW8: 329.86538 | DX8: 1549.5 | DY8: 3944.3654 | DZ8: 155.63462 | EA8: 11578.615 | EB8: 748.73077 | EC8: 1438.7692 | ED8: 1671.3077 | EE8: 1463.8077 | EF8: 3344.4615 | EG8: 1699.3269 | EH8: 817.44231 | EI8: 4225.4423 | EJ8: 1143.5962 | EK8: 257.92308 | EL8: 602.65385 | EM8: 2852.0769 | EN8: 2598.6923 | EO8: 967.30769 | EP8: 2775.8462 | EQ8: 360.69231 | ER8: 134.55769 | ES8: 1124.0673 | ET8: 179.14423 | EU8: 266.5 | EV8: 151.45192 | EW8: 43.163462 | EX8: 1.8365385 | EY8: 0 | EZ8: 326.09615 | FA8: 62.884615 | FB8: 28.298077 | FC8: 106.69231 | FD8: 41.394231 | FE8: 96.288462 | FF8: 45.317308 | FG8: 0 | FH8: 14.394231 | FI8: 37.221154 | FJ8: 0 | FK8: 25.596154 | FL8: 143.15385 | FM8: 118.69231 | FN8: 0 | FO8: =IF((Pasted_data!C54-Pasted_data!C$148)<0,0,Pasted_data!C54-Pasted_data!C$148) -> 797192.12 | FP8: =IF((Pasted_data!D54-Pasted_data!D$148)<0,0,Pasted_data!D54-Pasted_data!D$148) -> 602782.42 | FQ8: =IF((Pasted_data!E54-Pasted_data!E$148)<0,0,Pasted_data!E54-Pasted_data!E$148) -> 614103.14 | FR8: =IF((Pasted_data!F54-Pasted_data!F$148)<0,0,Pasted_data!F54-Pasted_data!F$148) -> 395021.23 | FS8: =IF((Pasted_data!G54-Pasted_data!G$148)<0,0,Pasted_data!G54-Pasted_data!G$148) -> 429996.77 | FT8: =IF((Pasted_data!H54-Pasted_data!H$148)<0,0,Pasted_data!H54-Pasted_data!H$148) -> 300400.11 | FU8: =IF((Pasted_data!I54-Pasted_data!I$148)<0,0,Pasted_data!I54-Pasted_data!I$148) -> 596390.98 | FV8: =IF((Pasted_data!J54-Pasted_data!J$148)<0,0,Pasted_data!J54-Pasted_data!J$148) -> 49182.567 | ... JF8: =IF((Pasted_data!CT54-Pasted_data!CT$148)<0,0,Pasted_data!CT54-Pasted_data!CT$148) -> 1135912.2 | JG8: 431606.04 | JH8: 907808.92 | JI8: 916427.96 | JJ8: 1001337.9 | JK8: 749187.5 | JL8: 689401.75 | JM8: 572862.03 | JN8: 966960.88 | JO8: 395383.79 | JP8: 801540.26 | JQ8: 97224.635 | JR8: 27400.596 | JS8: 10331.712 | JT8: 35458.423 | JU8: 671625.97 | JV8: 802578.15 | JW8: 130303.93 | JX8: 674150.13 | JY8: 202346.91 | JZ8: 60911.971 | KA8: 44957.25 | KB8: 415725.96 | KC8: 56372.74 | KD8: 100036.38
A9: Mother | B9: 238216 | C9: 24889.08 | D9: 3153.4659 | E9: 81578.136 | F9: 27728.443 | G9: 2107.8295 | H9: 2727.1591 | I9: 7433.3977 | J9: 3888.9432 | K9: 94052.102 | L9: 37446.602 | M9: 6329.2159 | N9: 5321.5455 | O9: 40350.58 | P9: 48565.205 | Q9: 5388.6932 | R9: 4835 | S9: 18269.943 | T9: 17427.193 | U9: 2393.3068 | V9: 2776.9659 | W9: 55433.5 | X9: 10638.25 | Y9: 40143.5 | Z9: 3146.6136 | AA9: 1067612.4 | AB9: 719448.19 | AC9: 1712514.8 | AD9: 248621.2 | AE9: 260034.27 | AF9: 441799.61 | AG9: 1502019.6 | AH9: 38048.3 | AI9: 723276.05 | AJ9: 115073.21 | AK9: 60180.363 | AL9: 1294144.7 | AM9: 437589.24 | AN9: 662799.39 | AO9: 701796.78 | AP9: 455.7125 | AQ9: 25673.425 | AR9: 152827.96 | AS9: 993.9625 | AT9: 43144.938 | AU9: 2368400.2 | AV9: 571734.46 | AW9: 141847.02 | AX9: 491359.55 | AY9: 42094.2 | AZ9: 1205.3125 | BA9: 9040.2125 | BB9: 1661.9125 | BC9: 8834.175 | BD9: 4751.95 | BE9: 1779.525 | BF9: 257.8125 | BG9: 11181.8 | BH9: 1742.85 | BI9: 444.475 | BJ9: 22289.013 | BK9: 3407.2375 | BL9: 7983.8 | BM9: 13833.538 | BN9: 331.325 | BO9: 493.275 | BP9: 2290.05 | BQ9: 266.3625 | BR9: 883.8875 | BS9: 120487.14 | BT9: 1321.6625 | BU9: 2247.35 | BV9: 15641.788 | BW9: 28373.659 | BX9: 5916.3182 | BY9: 17535.58 | BZ9: 1481.0227 | CA9: 8419.6023 | CB9: 13250.568 | CC9: 16055.523 | CD9: 216.40909 | CE9: 24229.011 | CF9: 2229.1818 | CG9: 201.11364 | CH9: 12788.398 | CI9: 3127.9432 | CJ9: 5751.0795 | CK9: 67856.193 | CL9: 216.67045 | CM9: 472.39773 | CN9: 3489.5909 | CO9: 673.04545 | CP9: 321.96591 | CQ9: 3997.9545 | CR9: 5915.2159 | CS9: 2862.1477 | CT9: 10602.807 | CU9: 2136.85 | CV9: 386.6 | CW9: 2544.4625 | CX9: 15875.413 | CY9: 66018.85 | CZ9: 732.025 | DA9: 794.475 | DB9: 5799.9625 | DC9: 1264.9125 | DD9: 14040.925 | DE9: 329.15 | DF9: 1141.7875 | DG9: 23470.85 | DH9: 33788.162 | DI9: 1219.475 | DJ9: 23.5625 | DK9: 246.35 | DL9: 20135.912 | DM9: 0 | DN9: 292 | DO9: 4681.975 | DP9: 654.8 | DQ9: 16888.375 | DR9: 734.3625 | DS9: 19186.42 | DT9: 14370.273 | DU9: 52601.125 | DV9: 4538.9091 | DW9: 2631.0795 | DX9: 7063.5341 | DY9: 15722.705 | DZ9: 1063.1591 | EA9: 22065.659 | EB9: 4425.8409 | EC9: 1767.875 | ED9: 19242.216 | EE9: 7198.6705 | EF9: 8629.0909 | EG9: 15887.318 | EH9: 2131.0682 | EI9: 844.70455 | EJ9: 4659.3977 | EK9: 436.64773 | EL9: 4103.8182 | EM9: 137472.39 | EN9: 9781.2955 | EO9: 5345.3864 | EP9: 12389.864 | EQ9: 586.19231 | ER9: 30.057692 | ES9: 478.56731 | ET9: 290.39423 | EU9: 112.5 | EV9: 260.20192 | EW9: 167.16346 | EX9: 146.33654 | EY9: 56.317308 | EZ9: 373.59615 | FA9: 105.63462 | FB9: 92.298077 | FC9: 30.692308 | FD9: 89.894231 | FE9: 65.038462 | FF9: 209.81731 | FG9: 281.17308 | FH9: 336.39423 | FI9: 2.2211538 | FJ9: 134.44231 | FK9: 0 | FL9: 70.403846 | FM9: 153.69231 | FN9: 124.88462 | FO9: =IF((Pasted_data!C6-Pasted_data!C$148)<0,0,Pasted_data!C6-Pasted_data!C$148) -> 999012.62 | FP9: =IF((Pasted_data!D6-Pasted_data!D$148)<0,0,Pasted_data!D6-Pasted_data!D$148) -> 720811.42 | FQ9: =IF((Pasted_data!E6-Pasted_data!E$148)<0,0,Pasted_data!E6-Pasted_data!E$148) -> 652292.14 | FR9: =IF((Pasted_data!F6-Pasted_data!F$148)<0,0,Pasted_data!F6-Pasted_data!F$148) -> 332926.73 | FS9: =IF((Pasted_data!G6-Pasted_data!G$148)<0,0,Pasted_data!G6-Pasted_data!G$148) -> 555005.02 | FT9: =IF((Pasted_data!H6-Pasted_data!H$148)<0,0,Pasted_data!H6-Pasted_data!H$148) -> 678540.11 | FU9: =IF((Pasted_data!I6-Pasted_data!I$148)<0,0,Pasted_data!I6-Pasted_data!I$148) -> 949302.23 | FV9: =IF((Pasted_data!J6-Pasted_data!J$148)<0,0,Pasted_data!J6-Pasted_data!J$148) -> 150141.57 | ... JF9: =IF((Pasted_data!CT6-Pasted_data!CT$148)<0,0,Pasted_data!CT6-Pasted_data!CT$148) -> 944091.42 | JG9: 361988.04 | JH9: 902070.17 | JI9: 1011684.2 | JJ9: 1022142.1 | JK9: 644735.25 | JL9: 834546 | JM9: 852212.03 | JN9: 904534.63 | JO9: 294308.29 | JP9: 307471.26 | JQ9: 819572.38 | JR9: 43572.596 | JS9: 8501.2115 | JT9: 29047.423 | JU9: 992079.97 | JV9: 251902.15 | JW9: 95528.933 | JX9: 914615.13 | JY9: 375675.41 | JZ9: 26402.721 | KA9: 25831.75 | KB9: 163088.96 | KC9: 34187.74 | KD9: 110760.38
A10: Mother | B10: 255243 | C10: 15761 | D10: 2633.7885 | E10: 80443.885 | F10: 2233.7115 | G10: 1214.25 | H10: 3804.9231 | I10: 3488.9231 | J10: 674.21154 | K10: 47190.846 | L10: 2860.5 | M10: 3335.3077 | N10: 2730.6154 | O10: 1597.4808 | P10: 29161.346 | Q10: 2976.6923 | R10: 8010.9231 | S10: 21954.712 | T10: 2666.2308 | U10: 4961.2308 | V10: 6162.9615 | W10: 11137.481 | X10: 7143.2885 | Y10: 3242.8462 | Z10: 11344.077 | AA10: 16477.615 | AB10: 299.96154 | AC10: 0 | AD10: 0 | AE10: 0 | AF10: 74.692308 | AG10: 7332.7885 | AH10: 0 | AI10: 5911.6346 | AJ10: 0 | AK10: 0 | AL10: 6203.5385 | AM10: 0 | AN10: 0 | AO10: 92.038462 | AP10: 299.32692 | AQ10: 21.961538 | AR10: 0 | AS10: 222.19231 | AT10: 3468.9615 | AU10: 2479.0192 | AV10: 218.07692 | AW10: 0 | AX10: 148.46154 | AY10: 1677.3846 | AZ10: 657.09615 | BA10: 33278.346 | BB10: 851.48077 | BC10: 771.34615 | BD10: 300.53846 | BE10: 3788.4231 | BF10: 0 | BG10: 11082 | BH10: 471.90385 | BI10: 460.76923 | BJ10: 336.05769 | BK10: 814.80769 | BL10: 2175.5385 | BM10: 126.63462 | BN10: 1355.7115 | BO10: 852.73077 | BP10: 477.75 | BQ10: 1228.4808 | BR10: 462.17308 | BS10: 3188.7308 | BT10: 830.40385 | BU10: 935.92308 | BV10: 556 | BW10: 2309.4038 | BX10: 648.80769 | BY10: 18413.385 | BZ10: 2221.4423 | CA10: 11928.019 | CB10: 823.80769 | CC10: 725.09615 | CD10: 242.32692 | CE10: 7314.4231 | CF10: 3331.6731 | CG10: 657.92308 | CH10: 857.63462 | CI10: 2197.5769 | CJ10: 8807.9038 | CK10: 1276.3846 | CL10: 824.40385 | CM10: 1268.6346 | CN10: 4877.5769 | CO10: 273.26923 | CP10: 465.67308 | CQ10: 2285.2692 | CR10: 469.26923 | CS10: 3953.5192 | CT10: 1110.8654 | CU10: 327.78846 | CV10: 59.269231 | CW10: 4930.7692 | CX10: 1.3461538 | CY10: 143.44231 | CZ10: 12.480769 | DA10: 35.096154 | DB10: 40.807692 | DC10: 1795.9808 | DD10: 70.269231 | DE10: 0 | DF10: 0 | DG10: 53.634615 | DH10: 49.346154 | DI10: 174.59615 | DJ10: 120.76923 | DK10: 149.19231 | DL10: 9.0576923 | DM10: 0 | DN10: 317.42308 | DO10: 320.94231 | DP10: 188.67308 | DQ10: 124.28846 | DR10: 370.25 | DS10: 9338.0577 | DT10: 6241.1346 | DU10: 29513.923 | DV10: 1973.6731 | DW10: 3281.8654 | DX10: 3014.5 | DY10: 6689.6154 | DZ10: 732.13462 | EA10: 19106.615 | EB10: 4279.7308 | EC10: 1014.2692 | ED10: 4855.0577 | EE10: 2988.3077 | EF10: 6334.2115 | EG10: 4155.5769 | EH10: 480.44231 | EI10: 1706.4423 | EJ10: 5323.5962 | EK10: 618.67308 | EL10: 802.90385 | EM10: 2800.0769 | EN10: 11054.692 | EO10: 3845.0577 | EP10: 4060.8462 | EQ10: 154.19231 | ER10: 128.05769 | ES10: 1089.5673 | ET10: 0 | EU10: 13.75 | EV10: 0 | EW10: 92.413462 | EX10: 137.33654 | EY10: 0 | EZ10: 550.09615 | FA10: 31.634615 | FB10: 18.298077 | FC10: 74.192308 | FD10: 135.39423 | FE10: 69.288462 | FF10: 76.567308 | FG10: 714.42308 | FH10: 109.89423 | FI10: 137.72115 | FJ10: 17.942308 | FK10: 86.596154 | FL10: 0 | FM10: 0 | FN10: 0 | FO10: =IF((Pasted_data!C55-Pasted_data!C$148)<0,0,Pasted_data!C55-Pasted_data!C$148) -> 162365.88 | FP10: =IF((Pasted_data!D55-Pasted_data!D$148)<0,0,Pasted_data!D55-Pasted_data!D$148) -> 356078.67 | FQ10: =IF((Pasted_data!E55-Pasted_data!E$148)<0,0,Pasted_data!E55-Pasted_data!E$148) -> 0 | FR10: =IF((Pasted_data!F55-Pasted_data!F$148)<0,0,Pasted_data!F55-Pasted_data!F$148) -> 136209.73 | FS10: =IF((Pasted_data!G55-Pasted_data!G$148)<0,0,Pasted_data!G55-Pasted_data!G$148) -> 587507.27 | FT10: =IF((Pasted_data!H55-Pasted_data!H$148)<0,0,Pasted_data!H55-Pasted_data!H$148) -> 114970.11 | FU10: =IF((Pasted_data!I55-Pasted_data!I$148)<0,0,Pasted_data!I55-Pasted_data!I$148) -> 380651.73 | FV10: =IF((Pasted_data!J55-Pasted_data!J$148)<0,0,Pasted_data!J55-Pasted_data!J$148) -> 136084.57 | ... JF10: =IF((Pasted_data!CT55-Pasted_data!CT$148)<0,0,Pasted_data!CT55-Pasted_data!CT$148) -> 140888.67 | JG10: 61832.038 | JH10: 521512.67 | JI10: 827640.96 | JJ10: 8515.3942 | JK10: 33497.25 | JL10: 37295.25 | JM10: 36936.029 | JN10: 775491.63 | JO10: 72056.538 | JP10: 258722.51 | JQ10: 44872.635 | JR10: 11871.596 | JS10: 5049.7115 | JT10: 12098.423 | JU10: 744252.97 | JV10: 141859.9 | JW10: 37417.183 | JX10: 17332.635 | JY10: 0 | JZ10: 41035.721 | KA10: 16953.25 | KB10: 43948.462 | KC10: 15409.99 | KD10: 26306.385
A11: Mother | B11: 257416 | C11: 7153.3295 | D11: 8001.2159 | E11: 41440.136 | F11: 19384.193 | G11: 1678.8295 | H11: 2018.6591 | I11: 8020.8977 | J11: 654.44318 | K11: 16311.352 | L11: 36286.102 | M11: 1935.9659 | N11: 4283.0455 | O11: 37550.33 | P11: 48401.705 | Q11: 10509.443 | R11: 5819.5 | S11: 6274.1932 | T11: 8647.1932 | U11: 1385.8068 | V11: 2102.9659 | W11: 10325.75 | X11: 4895.25 | Y11: 39056.5 | Z11: 2680.6136 | AA11: 34577.412 | AB11: 42339.188 | AC11: 30313.25 | AD11: 11228.95 | AE11: 18514.275 | AF11: 3206.1125 | AG11: 31667.062 | AH11: 572.3 | AI11: 9598.8 | AJ11: 7471.2125 | AK11: 1368.1125 | AL11: 9350.2375 | AM11: 22762.737 | AN11: 67466.387 | AO11: 10754.775 | AP11: 0 | AQ11: 1708.925 | AR11: 58506.713 | AS11: 211.4625 | AT11: 10987.688 | AU11: 96593.663 | AV11: 21107.963 | AW11: 7350.025 | AX11: 12635.8 | AY11: 2229.7 | AZ11: 1331.5625 | BA11: 3693.2125 | BB11: 186.4125 | BC11: 184.425 | BD11: 486.95 | BE11: 902.025 | BF11: 216.8125 | BG11: 840.3 | BH11: 297.6 | BI11: 0 | BJ11: 456.0125 | BK11: 205.9875 | BL11: 1298.55 | BM11: 164.7875 | BN11: 416.825 | BO11: 646.525 | BP11: 602.05 | BQ11: 84.1125 | BR11: 554.1375 | BS11: 12881.638 | BT11: 1138.9125 | BU11: 393.85 | BV11: 769.7875 | BW11: 4645.4091 | BX11: 6617.8182 | BY11: 30400.58 | BZ11: 1194.2727 | CA11: 2206.6023 | CB11: 1231.0682 | CC11: 11265.023 | CD11: 407.40909 | CE11: 10393.761 | CF11: 1200.6818 | CG11: 1014.6136 | CH11: 1404.3977 | CI11: 1880.1932 | CJ11: 2938.5795 | CK11: 4567.1932 | CL11: 274.92045 | CM11: 1923.8977 | CN11: 1690.3409 | CO11: 502.54545 | CP11: 611.46591 | CQ11: 8557.9545 | CR11: 5767.7159 | CS11: 1778.8977 | CT11: 1477.8068 | CU11: 0 | CV11: 116.35 | CW11: 39.2125 | CX11: 0 | CY11: 87.85 | CZ11: 72.775 | DA11: 286.225 | DB11: 101.9625 | DC11: 144.4125 | DD11: 63.425 | DE11: 10.65 | DF11: 79.5375 | DG11: 131.1 | DH11: 127.9125 | DI11: 267.225 | DJ11: 0 | DK11: 99.6 | DL11: 0 | DM11: 0 | DN11: 169.5 | DO11: 133.725 | DP11: 118.55 | DQ11: 0 | DR11: 95.1125 | DS11: 33915.17 | DT11: 76467.773 | DU11: 78646.625 | DV11: 2355.6591 | DW11: 4706.5795 | DX11: 12132.284 | DY11: 12471.955 | DZ11: 999.15909 | EA11: 17624.159 | EB11: 2324.0909 | EC11: 5818.125 | ED11: 17939.466 | EE11: 3689.9205 | EF11: 8112.5909 | EG11: 25562.568 | EH11: 863.56818 | EI11: 2781.2045 | EJ11: 7493.1477 | EK11: 687.14773 | EL11: 2524.8182 | EM11: 395506.39 | EN11: 20354.795 | EO11: 2858.1364 | EP11: 18906.364 | EQ11: 699.69231 | ER11: 329.55769 | ES11: 1033.5673 | ET11: 52.394231 | EU11: 13.5 | EV11: 93.951923 | EW11: 68.913462 | EX11: 127.08654 | EY11: 29.317308 | EZ11: 229.84615 | FA11: 128.38462 | FB11: 286.29808 | FC11: 21.942308 | FD11: 240.89423 | FE11: 142.53846 | FF11: 95.817308 | FG11: 35.673077 | FH11: 111.64423 | FI11: 212.22115 | FJ11: 180.69231 | FK11: 0 | FL11: 972.40385 | FM11: 316.69231 | FN11: 23.384615 | FO11: =IF((Pasted_data!C7-Pasted_data!C$148)<0,0,Pasted_data!C7-Pasted_data!C$148) -> 620302.12 | FP11: =IF((Pasted_data!D7-Pasted_data!D$148)<0,0,Pasted_data!D7-Pasted_data!D$148) -> 692877.17 | FQ11: =IF((Pasted_data!E7-Pasted_data!E$148)<0,0,Pasted_data!E7-Pasted_data!E$148) -> 214558.39 | FR11: =IF((Pasted_data!F7-Pasted_data!F$148)<0,0,Pasted_data!F7-Pasted_data!F$148) -> 436876.23 | FS11: =IF((Pasted_data!G7-Pasted_data!G$148)<0,0,Pasted_data!G7-Pasted_data!G$148) -> 427687.77 | FT11: =IF((Pasted_data!H7-Pasted_data!H$148)<0,0,Pasted_data!H7-Pasted_data!H$148) -> 223941.61 | FU11: =IF((Pasted_data!I7-Pasted_data!I$148)<0,0,Pasted_data!I7-Pasted_data!I$148) -> 674181.73 | FV11: =IF((Pasted_data!J7-Pasted_data!J$148)<0,0,Pasted_data!J7-Pasted_data!J$148) -> 80853.817 | ... JF11: =IF((Pasted_data!CT7-Pasted_data!CT$148)<0,0,Pasted_data!CT7-Pasted_data!CT$148) -> 795399.92 | JG11: 527844.54 | JH11: 994572.92 | JI11: 926709.46 | JJ11: 864416.14 | JK11: 472023.25 | JL11: 954219 | JM11: 930391.28 | JN11: 147553.38 | JO11: 462433.29 | JP11: 429460.01 | JQ11: 29976.885 | JR11: 59828.096 | JS11: 8837.2115 | JT11: 23507.673 | JU11: 480816.47 | JV11: 365528.9 | JW11: 179996.93 | JX11: 929220.88 | JY11: 0 | JZ11: 125675.72 | KA11: 25390.75 | KB11: 931415.46 | KC11: 31759.24 | KD11: 617171.38
A12: Mother | B12: 281359 | C12: 53623.58 | D12: 4098.4659 | E12: 100942.14 | F12: 1462.1932 | G12: 7427.3295 | H12: 2545.9091 | I12: 5180.6477 | J12: 1140.6932 | K12: 21869.602 | L12: 8114.1023 | M12: 2034.2159 | N12: 3106.5455 | O12: 3519.0795 | P12: 80826.955 | Q12: 5621.4432 | R12: 12094.5 | S12: 9547.9432 | T12: 14294.943 | U12: 2682.5568 | V12: 2789.2159 | W12: 21578 | X12: 4701.25 | Y12: 14375.25 | Z12: 872.36364 | AA12: 463924.16 | AB12: 637750.94 | AC12: 1923827.8 | AD12: 750320.7 | AE12: 1702991.3 | AF12: 212795.11 | AG12: 912067.56 | AH12: 52792.8 | AI12: 496047.8 | AJ12: 1566129.5 | AK12: 112606.11 | AL12: 499103.49 | AM12: 1166739.2 | AN12: 2495103.6 | AO12: 360514.78 | AP12: 2174.2125 | AQ12: 358465.17 | AR12: 1749614.2 | AS12: 14569.962 | AT12: 80827.188 | AU12: 2216604.2 | AV12: 599877.96 | AW12: 1795957 | AX12: 131489.55 | AY12: 3736.95 | AZ12: 1294.5625 | BA12: 9124.4625 | BB12: 5134.4125 | BC12: 17572.925 | BD12: 657.2 | BE12: 1843.525 | BF12: 1568.5625 | BG12: 6392.3 | BH12: 9817.35 | BI12: 168.225 | BJ12: 1365.5125 | BK12: 7824.4875 | BL12: 14744.8 | BM12: 1020.0375 | BN12: 1779.075 | BO12: 1004.025 | BP12: 10422.55 | BQ12: 0 | BR12: 178.6375 | BS12: 38008.637 | BT12: 1583.4125 | BU12: 10545.1 | BV12: 1362.0375 | BW12: 4307.6591 | BX12: 1012.3182 | BY12: 19777.58 | BZ12: 6642.2727 | CA12: 7667.6023 | CB12: 977.31818 | CC12: 4368.7727 | CD12: 216.65909 | CE12: 4767.2614 | CF12: 4483.1818 | CG12: 330.86364 | CH12: 1102.1477 | CI12: 5580.4432 | CJ12: 6477.0795 | CK12: 3503.6932 | CL12: 1178.9205 | CM12: 534.39773 | CN12: 2929.8409 | CO12: 273.79545 | CP12: 298.96591 | CQ12: 5746.4545 | CR12: 888.96591 | CS12: 5033.3977 | CT12: 767.80682 | CU12: 459.35 | CV12: 460.6 | CW12: 2164.2125 | CX12: 280.6625 | CY12: 1429.1 | CZ12: 379.025 | DA12: 822.975 | DB12: 313.7125 | DC12: 536.4125 | DD12: 1035.675 | DE12: 314.65 | DF12: 333.0375 | DG12: 791.35 | DH12: 2045.4125 | DI12: 389.975 | DJ12: 254.3125 | DK12: 37.1 | DL12: 954.6625 | DM12: 279.05 | DN12: 0 | DO12: 1282.725 | DP12: 399.8 | DQ12: 1427.125 | DR12: 430.3625 | DS12: 20313.17 | DT12: 6443.5227 | DU12: 57817.875 | DV12: 21179.409 | DW12: 11105.08 | DX12: 5428.0341 | DY12: 14092.205 | DZ12: 674.65909 | EA12: 8576.6591 | EB12: 43058.341 | EC12: 1943.125 | ED12: 10640.466 | EE12: 30594.17 | EF12: 86877.841 | EG12: 10414.568 | EH12: 706.81818 | EI12: 1821.2045 | EJ12: 32349.648 | EK12: 587.39773 | EL12: 2254.5682 | EM12: 70691.386 | EN12: 9754.5455 | EO12: 48734.886 | EP12: 4576.1136 | EQ12: 479.44231 | ER12: 146.55769 | ES12: 1379.5673 | ET12: 318.89423 | EU12: 260.5 | EV12: 137.45192 | EW12: 28.913462 | EX12: 158.33654 | EY12: 65.317308 | EZ12: 698.09615 | FA12: 1163.6346 | FB12: 126.29808 | FC12: 273.69231 | FD12: 533.14423 | FE12: 2763.7885 | FF12: 143.31731 | FG12: 725.17308 | FH12: 119.39423 | FI12: 851.22115 | FJ12: 88.442308 | FK12: 180.84615 | FL12: 985.65385 | FM12: 203.44231 | FN12: 1118.3846 | FO12: =IF((Pasted_data!C8-Pasted_data!C$148)<0,0,Pasted_data!C8-Pasted_data!C$148) -> 598729.12 | FP12: =IF((Pasted_data!D8-Pasted_data!D$148)<0,0,Pasted_data!D8-Pasted_data!D$148) -> 563802.92 | FQ12: =IF((Pasted_data!E8-Pasted_data!E$148)<0,0,Pasted_data!E8-Pasted_data!E$148) -> 666568.64 | FR12: =IF((Pasted_data!F8-Pasted_data!F$148)<0,0,Pasted_data!F8-Pasted_data!F$148) -> 649214.73 | FS12: =IF((Pasted_data!G8-Pasted_data!G$148)<0,0,Pasted_data!G8-Pasted_data!G$148) -> 1068941.3 | FT12: =IF((Pasted_data!H8-Pasted_data!H$148)<0,0,Pasted_data!H8-Pasted_data!H$148) -> 253722.11 | FU12: =IF((Pasted_data!I8-Pasted_data!I$148)<0,0,Pasted_data!I8-Pasted_data!I$148) -> 612971.98 | FV12: =IF((Pasted_data!J8-Pasted_data!J$148)<0,0,Pasted_data!J8-Pasted_data!J$148) -> 116196.57 | ... JF12: =IF((Pasted_data!CT8-Pasted_data!CT$148)<0,0,Pasted_data!CT8-Pasted_data!CT$148) -> 494214.92 | JG12: 854505.54 | JH12: 1017933.2 | JI12: 613353.46 | JJ12: 929056.39 | JK12: 27331.5 | JL12: 804388.25 | JM12: 698374.53 | JN12: 496461.88 | JO12: 1029355.8 | JP12: 947947.01 | JQ12: 38497.635 | JR12: 70415.096 | JS12: 14592.712 | JT12: 32955.423 | JU12: 627032.47 | JV12: 1000295.7 | JW12: 653193.43 | JX12: 733191.13 | JY12: 0 | JZ12: 544805.72 | KA12: 32212.75 | KB12: 935662.21 | KC12: 24097.49 | KD12: 54243.385
A13: Mother | B13: 316629 | C13: 31589.25 | D13: 4690.5385 | E13: 67532.635 | F13: 18361.712 | G13: 1733 | H13: 1993.4231 | I13: 5155.6731 | J13: 1612.9615 | K13: 44306.346 | L13: 41892.25 | M13: 2406.5577 | N13: 2235.6154 | O13: 26422.231 | P13: 43447.846 | Q13: 726.44231 | R13: 15943.923 | S13: 47847.212 | T13: 9826.9808 | U13: 5860.2308 | V13: 6780.2115 | W13: 8499.2308 | X13: 2881.5385 | Y13: 40375.846 | Z13: 6120.5769 | AA13: 262.86538 | AB13: 555.71154 | AC13: 32471.654 | AD13: 0 | AE13: 0 | AF13: 0 | AG13: 20773.038 | AH13: 0 | AI13: 0 | AJ13: 0 | AK13: 0 | AL13: 181.53846 | AM13: 0 | AN13: 8808.9231 | AO13: 361.03846 | AP13: 197.57692 | AQ13: 443.71154 | AR13: 0 | AS13: 168.19231 | AT13: 5420.4615 | AU13: 609.76923 | AV13: 680.57692 | AW13: 0 | AX13: 144.96154 | AY13: 452.63462 | AZ13: 139.84615 | BA13: 9653.5962 | BB13: 0 | BC13: 0 | BD13: 169.53846 | BE13: 585.67308 | BF13: 0 | BG13: 1746.25 | BH13: 212.65385 | BI13: 0 | BJ13: 175.30769 | BK13: 363.05769 | BL13: 881.78846 | BM13: 0 | BN13: 401.46154 | BO13: 10424.481 | BP13: 0 | BQ13: 22.980769 | BR13: 121.17308 | BS13: 1274.2308 | BT13: 267.15385 | BU13: 359.17308 | BV13: 146.25 | BW13: 2548.1538 | BX13: 2376.8077 | BY13: 19200.635 | BZ13: 2067.9423 | CA13: 6830.2692 | CB13: 1241.8077 | CC13: 2556.5962 | CD13: 520.32692 | CE13: 7078.4231 | CF13: 2303.4231 | CG13: 824.42308 | CH13: 644.13462 | CI13: 3044.0769 | CJ13: 6394.4038 | CK13: 589.63462 | CL13: 842.90385 | CM13: 898.88462 | CN13: 3244.5769 | CO13: 451.76923 | CP13: 0 | CQ13: 1818.7692 | CR13: 1748.7692 | CS13: 2939.2692 | CT13: 991.61538 | CU13: 0 | CV13: 226.51923 | CW13: 1215.2692 | CX13: 74.596154 | CY13: 173.69231 | CZ13: 0 | DA13: 0 | DB13: 52.807692 | DC13: 498.98077 | DD13: 0 | DE13: 0 | DF13: 130.34615 | DG13: 0 | DH13: 12.596154 | DI13: 0 | DJ13: 0 | DK13: 191.19231 | DL13: 470.55769 | DM13: 670.53846 | DN13: 384.92308 | DO13: 0 | DP13: 94.923077 | DQ13: 246.53846 | DR13: 0 | DS13: 2642.3077 | DT13: 3606.8846 | DU13: 49527.423 | DV13: 721.42308 | DW13: 978.11538 | DX13: 1498.75 | DY13: 5769.1154 | DZ13: 212.63462 | EA13: 9440.6154 | EB13: 950.73077 | EC13: 128.76923 | ED13: 2813.3077 | EE13: 1606.3077 | EF13: 3362.9615 | EG13: 295.82692 | EH13: 679.19231 | EI13: 2751.9423 | EJ13: 1085.8462 | EK13: 228.42308 | EL13: 0 | EM13: 5346.8269 | EN13: 3627.4423 | EO13: 1330.0577 | EP13: 835.59615 | EQ13: 145.44231 | ER13: 150.05769 | ES13: 1128.3173 | ET13: 103.39423 | EU13: 55.5 | EV13: 72.951923 | EW13: 0 | EX13: 76.336538 | EY13: 0 | EZ13: 431.84615 | FA13: 191.13462 | FB13: 54.298077 | FC13: 58.692308 | FD13: 97.394231 | FE13: 90.788462 | FF13: 0 | FG13: 0 | FH13: 141.89423 | FI13: 27.721154 | FJ13: 135.69231 | FK13: 0 | FL13: 0 | FM13: 109.19231 | FN13: 147.13462 | FO13: =IF((Pasted_data!C56-Pasted_data!C$148)<0,0,Pasted_data!C56-Pasted_data!C$148) -> 300312.38 | FP13: =IF((Pasted_data!D56-Pasted_data!D$148)<0,0,Pasted_data!D56-Pasted_data!D$148) -> 465040.17 | FQ13: =IF((Pasted_data!E56-Pasted_data!E$148)<0,0,Pasted_data!E56-Pasted_data!E$148) -> 679385.89 | FR13: =IF((Pasted_data!F56-Pasted_data!F$148)<0,0,Pasted_data!F56-Pasted_data!F$148) -> 315615.48 | FS13: =IF((Pasted_data!G56-Pasted_data!G$148)<0,0,Pasted_data!G56-Pasted_data!G$148) -> 717068.77 | FT13: =IF((Pasted_data!H56-Pasted_data!H$148)<0,0,Pasted_data!H56-Pasted_data!H$148) -> 63721.856 | FU13: =IF((Pasted_data!I56-Pasted_data!I$148)<0,0,Pasted_data!I56-Pasted_data!I$148) -> 742866.73 | FV13: =IF((Pasted_data!J56-Pasted_data!J$148)<0,0,Pasted_data!J56-Pasted_data!J$148) -> 92240.067 | ... JF13: =IF((Pasted_data!CT56-Pasted_data!CT$148)<0,0,Pasted_data!CT56-Pasted_data!CT$148) -> 49945.173 | JG13: 72631.038 | JH13: 734069.67 | JI13: 0 | JJ13: 887116.64 | JK13: 2883.5 | JL13: 45842.5 | JM13: 34802.279 | JN13: 7656.3846 | JO13: 12974.538 | JP13: 353259.26 | JQ13: 0 | JR13: 4452.5962 | JS13: 2611.4615 | JT13: 6582.4231 | JU13: 2706.4712 | JV13: 188960.15 | JW13: 11904.183 | JX13: 40837.885 | JY13: 0 | JZ13: 6278.4712 | KA13: 4744.75 | KB13: 64846.462 | KC13: 8000.2404 | KD13: 11175.885
A14: Mother | B14: 338758 | C14: 5916 | D14: 1476.0385 | E14: 33154.635 | F14: 910.46154 | G14: 437.5 | H14: 1232.4231 | I14: 3762.1731 | J14: 444.71154 | K14: 13691.346 | L14: 1053 | M14: 1145.0577 | N14: 895.86538 | O14: 838.98077 | P14: 1900.0962 | Q14: 469.44231 | R14: 2465.9231 | S14: 11591.212 | T14: 2497.9808 | U14: 2356.7308 | V14: 1636.2115 | W14: 6727.2308 | X14: 3363.2885 | Y14: 1233.5962 | Z14: 2544.8269 | AA14: 53430.365 | AB14: 22769.962 | AC14: 28317.654 | AD14: 0 | AE14: 0 | AF14: 95.192308 | AG14: 62045.788 | AH14: 0 | AI14: 28708.635 | AJ14: 0 | AK14: 726.5 | AL14: 7465.2885 | AM14: 0 | AN14: 0 | AO14: 870.78846 | AP14: 913.82692 | AQ14: 661.71154 | AR14: 0 | AS14: 0 | AT14: 5639.9615 | AU14: 2484.2692 | AV14: 15567.327 | AW14: 0 | AX14: 4574.9615 | AY14: 1723.8846 | AZ14: 1911.5962 | BA14: 15689.846 | BB14: 79.230769 | BC14: 450.34615 | BD14: 11.538462 | BE14: 10638.673 | BF14: 96.230769 | BG14: 4101.75 | BH14: 276.40385 | BI14: 231.01923 | BJ14: 450.05769 | BK14: 173.05769 | BL14: 347.78846 | BM14: 225.63462 | BN14: 599.96154 | BO14: 1322.9808 | BP14: 307.25 | BQ14: 0 | BR14: 15.423077 | BS14: 4061.9808 | BT14: 1944.9038 | BU14: 485.42308 | BV14: 434.25 | BW14: 9396.4038 | BX14: 8351.0577 | BY14: 30749.385 | BZ14: 670.44231 | CA14: 2836.0192 | CB14: 1957.0577 | CC14: 14593.596 | CD14: 55.326923 | CE14: 6733.1731 | CF14: 1014.6731 | CG14: 691.92308 | CH14: 3022.8846 | CI14: 1600.8269 | CJ14: 3250.1538 | CK14: 4012.1346 | CL14: 510.65385 | CM14: 613.63462 | CN14: 1610.5769 | CO14: 601.76923 | CP14: 0 | CQ14: 1896.7692 | CR14: 6010.2692 | CS14: 1303.0192 | CT14: 4431.1154 | CU14: 229.28846 | CV14: 2846.7692 | CW14: 1829.7692 | CX14: 260.84615 | CY14: 1244.4423 | CZ14: 225.98077 | DA14: 1267.5962 | DB14: 84.307692 | DC14: 443.98077 | DD14: 991.51923 | DE14: 321.96154 | DF14: 323.84615 | DG14: 405.88462 | DH14: 1705.8462 | DI14: 0 | DJ14: 166.26923 | DK14: 283.69231 | DL14: 627.05769 | DM14: 112.28846 | DN14: 700.42308 | DO14: 9013.1923 | DP14: 3012.4231 | DQ14: 1286.0385 | DR14: 0 | DS14: 2551.3077 | DT14: 8689.8846 | DU14: 23531.173 | DV14: 903.42308 | DW14: 508.86538 | DX14: 683.25 | DY14: 11932.615 | DZ14: 263.13462 | EA14: 7691.6154 | EB14: 191.48077 | EC14: 946.51923 | ED14: 1313.3077 | EE14: 1109.3077 | EF14: 3090.7115 | EG14: 599.57692 | EH14: 588.44231 | EI14: 785.69231 | EJ14: 1437.5962 | EK14: 296.17308 | EL14: 502.40385 | EM14: 2048.0769 | EN14: 7785.6923 | EO14: 568.80769 | EP14: 1510.8462 | EQ14: 27.942308 | ER14: 36.307692 | ES14: 474.56731 | ET14: 77.894231 | EU14: 22 | EV14: 15.701923 | EW14: 0 | EX14: 172.33654 | EY14: 48.817308 | EZ14: 452.09615 | FA14: 69.634615 | FB14: 155.79808 | FC14: 34.442308 | FD14: 64.394231 | FE14: 0 | FF14: 0 | FG14: 0 | FH14: 182.89423 | FI14: 19.721154 | FJ14: 73.192308 | FK14: 100.84615 | FL14: 90.903846 | FM14: 199.94231 | FN14: 0 | FO14: =IF((Pasted_data!C57-Pasted_data!C$148)<0,0,Pasted_data!C57-Pasted_data!C$148) -> 797931.38 | FP14: =IF((Pasted_data!D57-Pasted_data!D$148)<0,0,Pasted_data!D57-Pasted_data!D$148) -> 763895.17 | FQ14: =IF((Pasted_data!E57-Pasted_data!E$148)<0,0,Pasted_data!E57-Pasted_data!E$148) -> 312046.14 | FR14: =IF((Pasted_data!F57-Pasted_data!F$148)<0,0,Pasted_data!F57-Pasted_data!F$148) -> 87837.731 | FS14: =IF((Pasted_data!G57-Pasted_data!G$148)<0,0,Pasted_data!G57-Pasted_data!G$148) -> 269673.52 | FT14: =IF((Pasted_data!H57-Pasted_data!H$148)<0,0,Pasted_data!H57-Pasted_data!H$148) -> 410674.36 | FU14: =IF((Pasted_data!I57-Pasted_data!I$148)<0,0,Pasted_data!I57-Pasted_data!I$148) -> 853764.73 | FV14: =IF((Pasted_data!J57-Pasted_data!J$148)<0,0,Pasted_data!J57-Pasted_data!J$148) -> 169732.32 | ... JF14: =IF((Pasted_data!CT57-Pasted_data!CT$148)<0,0,Pasted_data!CT57-Pasted_data!CT$148) -> 453883.42 | JG14: 20613.538 | JH14: 366561.17 | JI14: 857051.71 | JJ14: 758984.89 | JK14: 212351 | JL14: 743069.25 | JM14: 722645.78 | JN14: 891287.63 | JO14: 8202.7885 | JP14: 18906.26 | JQ14: 56415.885 | JR14: 119626.35 | JS14: 5956.7115 | JT14: 5372.1731 | JU14: 702851.97 | JV14: 14188.654 | JW14: 12065.433 | JX14: 574572.63 | JY14: 0 | JZ14: 30458.221 | KA14: 9148.75 | KB14: 71790.462 | KC14: 13578.24 | KD14: 10520.635
A15: Mother | B15: 355421 | C15: 15757.08 | D15: 1753.9659 | E15: 84937.636 | F15: 7335.1932 | G15: 14830.33 | H15: 7900.9091 | I15: 5387.1477 | J15: 453.94318 | K15: 16646.602 | L15: 13197.102 | M15: 1087.7159 | N15: 3816.0455 | O15: 10913.08 | P15: 11171.205 | Q15: 7410.6932 | R15: 1347 | S15: 8979.6932 | T15: 12515.693 | U15: 405.55682 | V15: 1417.2159 | W15: 33056 | X15: 40256 | Y15: 15309.25 | Z15: 674.86364 | AA15: 208983.66 | AB15: 446311.94 | AC15: 1994412.2 | AD15: 160276.45 | AE15: 623131.53 | AF15: 61331.363 | AG15: 684527.81 | AH15: 25493.05 | AI15: 164465.05 | AJ15: 324040.96 | AK15: 4575.1125 | AL15: 224194.74 | AM15: 286540.24 | AN15: 401205.64 | AO15: 180943.27 | AP15: 740.7125 | AQ15: 10838.925 | AR15: 406161.46 | AS15: 1714.4625 | AT15: 8991.1875 | AU15: 2708769.7 | AV15: 286729.71 | AW15: 386992.78 | AX15: 180237.3 | AY15: 235.95 | AZ15: 167.5625 | BA15: 10389.962 | BB15: 0 | BC15: 363.425 | BD15: 227.7 | BE15: 237.275 | BF15: 0 | BG15: 5344.05 | BH15: 218.35 | BI15: 159.225 | BJ15: 0 | BK15: 9.7375 | BL15: 378.05 | BM15: 121.7875 | BN15: 74.825 | BO15: 97.025 | BP15: 97.55 | BQ15: 0 | BR15: 0 | BS15: 1111.6375 | BT15: 364.9125 | BU15: 0 | BV15: 220.7875 | BW15: 95143.659 | BX15: 20911.818 | BY15: 80845.83 | BZ15: 20499.023 | CA15: 28012.602 | CB15: 38477.818 | CC15: 19862.523 | CD15: 6790.9091 | CE15: 63039.261 | CF15: 25298.932 | CG15: 772.36364 | CH15: 45828.648 | CI15: 22612.443 | CJ15: 22534.08 | CK15: 126325.19 | CL15: 620.67045 | CM15: 314.89773 | CN15: 24833.091 | CO15: 1493.5455 | CP15: 3216.7159 | CQ15: 24713.205 | CR15: 5825.4659 | CS15: 28966.648 | CT15: 27708.807 | CU15: 133.6 | CV15: 0 | CW15: 313.7125 | CX15: 145.4125 | CY15: 0 | CZ15: 0 | DA15: 71.225 | DB15: 0 | DC15: 0 | DD15: 127.675 | DE15: 0 | DF15: 0 | DG15: 57.35 | DH15: 107.6625 | DI15: 0 | DJ15: 94.0625 | DK15: 0 | DL15: 279.9125 | DM15: 0 | DN15: 0 | DO15: 197.725 | DP15: 129.3 | DQ15: 0 | DR15: 164.8625 | DS15: 40622.92 | DT15: 31026.023 | DU15: 156262.88 | DV15: 42010.659 | DW15: 67984.08 | DX15: 18392.534 | DY15: 73328.955 | DZ15: 9692.6591 | EA15: 52851.659 | EB15: 65198.091 | EC15: 4342.375 | ED15: 36075.216 | EE15: 58956.92 | EF15: 87946.341 | EG15: 38899.818 | EH15: 882.31818 | EI15: 1280.4545 | EJ15: 98755.648 | EK15: 756.14773 | EL15: 1142.3182 | EM15: 145038.39 | EN15: 55299.795 | EO15: 74181.136 | EP15: 15092.114 | EQ15: 543.19231 | ER15: 294.80769 | ES15: 1804.0673 | ET15: 316.89423 | EU15: 552.5 | EV15: 383.20192 | EW15: 564.16346 | EX15: 158.58654 | EY15: 68.067308 | EZ15: 1459.8462 | FA15: 484.88462 | FB15: 46.798077 | FC15: 147.69231 | FD15: 220.14423 | FE15: 880.03846 | FF15: 515.81731 | FG15: 415.42308 | FH15: 297.39423 | FI15: 1196.2212 | FJ15: 113.69231 | FK15: 359.84615 | FL15: 549.65385 | FM15: 385.19231 | FN15: 544.88462 | FO15: =IF((Pasted_data!C10-Pasted_data!C$148)<0,0,Pasted_data!C10-Pasted_data!C$148) -> 694799.12 | FP15: =IF((Pasted_data!D10-Pasted_data!D$148)<0,0,Pasted_data!D10-Pasted_data!D$148) -> 534499.67 | FQ15: =IF((Pasted_data!E10-Pasted_data!E$148)<0,0,Pasted_data!E10-Pasted_data!E$148) -> 809078.39 | FR15: =IF((Pasted_data!F10-Pasted_data!F$148)<0,0,Pasted_data!F10-Pasted_data!F$148) -> 377483.98 | FS15: =IF((Pasted_data!G10-Pasted_data!G$148)<0,0,Pasted_data!G10-Pasted_data!G$148) -> 746608.27 | FT15: =IF((Pasted_data!H10-Pasted_data!H$148)<0,0,Pasted_data!H10-Pasted_data!H$148) -> 301216.11 | FU15: =IF((Pasted_data!I10-Pasted_data!I$148)<0,0,Pasted_data!I10-Pasted_data!I$148) -> 791725.98 | FV15: =IF((Pasted_data!J10-Pasted_data!J$148)<0,0,Pasted_data!J10-Pasted_data!J$148) -> 51911.067 | ... JF15: =IF((Pasted_data!CT10-Pasted_data!CT$148)<0,0,Pasted_data!CT10-Pasted_data!CT$148) -> 653374.92 | JG15: 632004.79 | JH15: 952968.17 | JI15: 843763.71 | JJ15: 1025218.4 | JK15: 156315.75 | JL15: 774444 | JM15: 570292.28 | JN15: 40838.635 | JO15: 877081.29 | JP15: 782561.51 | JQ15: 48078.635 | JR15: 17603.096 | JS15: 6999.4615 | JT15: 15220.423 | JU15: 606357.22 | JV15: 757226.15 | JW15: 291599.18 | JX15: 585625.13 | JY15: 17890.413 | JZ15: 46602.971 | KA15: 19497.25 | KB15: 948762.21 | KC15: 45459.24 | KD15: 29830.385
A16: Mother | B16: 364588 | C16: 26059.33 | D16: 2346.9659 | E16: 73544.136 | F16: 3959.4432 | G16: 915.07955 | H16: 1129.9091 | I16: 4372.6477 | J16: 1032.9432 | K16: 16394.352 | L16: 6631.1023 | M16: 4520.7159 | N16: 1230.7955 | O16: 7253.8295 | P16: 12296.955 | Q16: 3552.4432 | R16: 5027.5 | S16: 8082.9432 | T16: 3041.6932 | U16: 1909.3068 | V16: 1928.2159 | W16: 11935 | X16: 7708.75 | Y16: 7051.75 | Z16: 908.86364 | AA16: 172637.16 | AB16: 258329.19 | AC16: 293649.25 | AD16: 86016.95 | AE16: 287969.03 | AF16: 40050.613 | AG16: 295566.56 | AH16: 19037.8 | AI16: 105896.3 | AJ16: 103349.96 | AK16: 7729.8625 | AL16: 65370.238 | AM16: 167364.74 | AN16: 389699.14 | AO16: 131223.77 | AP16: 303.9625 | AQ16: 138692.92 | AR16: 152889.46 | AS16: 829.9625 | AT16: 34046.938 | AU16: 2016085.7 | AV16: 198093.96 | AW16: 124473.52 | AX16: 56388.3 | AY16: 1001.7 | AZ16: 0 | BA16: 20217.213 | BB16: 0 | BC16: 102.925 | BD16: 316.2 | BE16: 191.275 | BF16: 182.0625 | BG16: 12965.05 | BH16: 209.85 | BI16: 0 | BJ16: 83.5125 | BK16: 0 | BL16: 424.55 | BM16: 29.5375 | BN16: 0 | BO16: 899.025 | BP16: 78.3 | BQ16: 118.8625 | BR16: 0 | BS16: 2053.1375 | BT16: 0 | BU16: 163.6 | BV16: 150.2875 | BW16: 1181.4091 | BX16: 288.56818 | BY16: 3888.5795 | BZ16: 0 | CA16: 95.102273 | CB16: 261.81818 | CC16: 333.02273 | CD16: 0 | CE16: 1578.7614 | CF16: 206.18182 | CG16: 65.863636 | CH16: 175.39773 | CI16: 60.193182 | CJ16: 121.07955 | CK16: 1144.9432 | CL16: 145.17045 | CM16: 3446.8977 | CN16: 0 | CO16: 511.54545 | CP16: 253.46591 | CQ16: 4179.9545 | CR16: 492.96591 | CS16: 98.397727 | CT16: 489.05682 | CU16: 419.35 | CV16: 889.85 | CW16: 2386.4625 | CX16: 0 | CY16: 256.1 | CZ16: 0 | DA16: 1099.975 | DB16: 61.9625 | DC16: 1120.1625 | DD16: 58.175 | DE16: 92.9 | DF16: 93.2875 | DG16: 96.85 | DH16: 216.6625 | DI16: 0 | DJ16: 0 | DK16: 0 | DL16: 200.1625 | DM16: 96.3 | DN16: 26.25 | DO16: 78.475 | DP16: 982.3 | DQ16: 147.375 | DR16: 251.1125 | DS16: 75605.92 | DT16: 10452.523 | DU16: 28644.625 | DV16: 1016.4091 | DW16: 1015.0795 | DX16: 1046.7841 | DY16: 10019.705 | DZ16: 622.40909 | EA16: 3020.1591 | EB16: 917.59091 | EC16: 595.125 | ED16: 2033.2159 | EE16: 1870.1705 | EF16: 5668.5909 | EG16: 2151.0682 | EH16: 340.56818 | EI16: 1631.2045 | EJ16: 1569.8977 | EK16: 334.89773 | EL16: 3030.8182 | EM16: 58868.886 | EN16: 10933.045 | EO16: 996.63636 | EP16: 31444.864 | EQ16: 964.19231 | ER16: 64.557692 | ES16: 511.56731 | ET16: 157.14423 | EU16: 98.5 | EV16: 238.95192 | EW16: 88.913462 | EX16: 143.33654 | EY16: 18.317308 | EZ16: 277.84615 | FA16: 131.88462 | FB16: 327.29808 | FC16: 0 | FD16: 57.394231 | FE16: 141.78846 | FF16: 209.31731 | FG16: 20.923077 | FH16: 261.89423 | FI16: 75.221154 | FJ16: 22.192308 | FK16: 131.84615 | FL16: 0 | FM16: 66.442308 | FN16: 23.134615 | FO16: =IF((Pasted_data!C9-Pasted_data!C$148)<0,0,Pasted_data!C9-Pasted_data!C$148) -> 726053.12 | FP16: =IF((Pasted_data!D9-Pasted_data!D$148)<0,0,Pasted_data!D9-Pasted_data!D$148) -> 498489.17 | FQ16: =IF((Pasted_data!E9-Pasted_data!E$148)<0,0,Pasted_data!E9-Pasted_data!E$148) -> 186473.14 | FR16: =IF((Pasted_data!F9-Pasted_data!F$148)<0,0,Pasted_data!F9-Pasted_data!F$148) -> 101002.73 | FS16: =IF((Pasted_data!G9-Pasted_data!G$148)<0,0,Pasted_data!G9-Pasted_data!G$148) -> 532187.02 | FT16: =IF((Pasted_data!H9-Pasted_data!H$148)<0,0,Pasted_data!H9-Pasted_data!H$148) -> 141819.36 | FU16: =IF((Pasted_data!I9-Pasted_data!I$148)<0,0,Pasted_data!I9-Pasted_data!I$148) -> 606636.23 | FV16: =IF((Pasted_data!J9-Pasted_data!J$148)<0,0,Pasted_data!J9-Pasted_data!J$148) -> 55508.067 | ... JF16: =IF((Pasted_data!CT9-Pasted_data!CT$148)<0,0,Pasted_data!CT9-Pasted_data!CT$148) -> 542870.92 | JG16: 102870.54 | JH16: 772472.92 | JI16: 730282.46 | JJ16: 317133.64 | JK16: 39501.5 | JL16: 477359.5 | JM16: 370094.53 | JN16: 19842.385 | JO16: 234762.04 | JP16: 88053.26 | JQ16: 6148.8846 | JR16: 20268.346 | JS16: 6506.7115 | JT16: 14429.923 | JU16: 26369.221 | JV16: 66250.654 | JW16: 32762.433 | JX16: 375351.63 | JY16: 0 | JZ16: 91984.471 | KA16: 24448.75 | KB16: 166317.96 | KC16: 45499.74 | KD16: 62937.885
A17: Mother | B17: 364959 | C17: 4657.25 | D17: 8496.7885 | E17: 27790.885 | F17: 1451.2115 | G17: 848.25 | H17: 1044.1731 | I17: 10868.423 | J17: 110.46154 | K17: 20482.346 | L17: 2179.75 | M17: 506.30769 | N17: 932.11538 | O17: 1791.7308 | P17: 4540.5962 | Q17: 618.94231 | R17: 1273.9231 | S17: 5700.2115 | T17: 1403.7308 | U17: 891.73077 | V17: 940.46154 | W17: 3199.7308 | X17: 15410.538 | Y17: 3491.5962 | Z17: 1421.0769 | AA17: 589843.62 | AB17: 159377.96 | AC17: 495280.15 | AD17: 98769.538 | AE17: 208564.48 | AF17: 225103.94 | AG17: 270684.04 | AH17: 9663.1154 | AI17: 182234.88 | AJ17: 186552.65 | AK17: 500 | AL17: 393169.29 | AM17: 214193.46 | AN17: 523732.17 | AO17: 83741.038 | AP17: 2209.3269 | AQ17: 25139.712 | AR17: 194089.27 | AS17: 2233.4423 | AT17: 19001.462 | AU17: 11774.269 | AV17: 136229.83 | AW17: 208458.25 | AX17: 81884.962 | AY17: 4345.3846 | AZ17: 238.09615 | BA17: 12319.096 | BB17: 1296.7308 | BC17: 464.34615 | BD17: 731.53846 | BE17: 1874.9231 | BF17: 89.980769 | BG17: 5140 | BH17: 35110.904 | BI17: 0 | BJ17: 1931.5577 | BK17: 3877.3077 | BL17: 48530.788 | BM17: 430.38462 | BN17: 562.46154 | BO17: 272.48077 | BP17: 729.5 | BQ17: 0 | BR17: 598.42308 | BS17: 2407.7308 | BT17: 291.65385 | BU17: 36189.423 | BV17: 366.75 | BW17: 1451.9038 | BX17: 1350.0577 | BY17: 18112.635 | BZ17: 1251.4423 | CA17: 756.51923 | CB17: 506.80769 | CC17: 3216.5962 | CD17: 209.07692 | CE17: 10607.923 | CF17: 1218.9231 | CG17: 233.92308 | CH17: 652.63462 | CI17: 1834.5769 | CJ17: 4522.4038 | CK17: 738.63462 | CL17: 305.15385 | CM17: 357.38462 | CN17: 1105.5769 | CO17: 448.76923 | CP17: 304.17308 | CQ17: 2299.0192 | CR17: 1329.0192 | CS17: 1471.0192 | CT17: 736.61538 | CU17: 473.03846 | CV17: 126.26923 | CW17: 2066.7692 | CX17: 910.84615 | CY17: 2511.9423 | CZ17: 57.480769 | DA17: 0 | DB17: 78.307692 | DC17: 910.23077 | DD17: 5268.5192 | DE17: 0 | DF17: 124.09615 | DG17: 2609.3846 | DH17: 18813.096 | DI17: 0 | DJ17: 83.269231 | DK17: 154.44231 | DL17: 1222.0577 | DM17: 56.538462 | DN17: 181.42308 | DO17: 54.192308 | DP17: 149.67308 | DQ17: 5922.7885 | DR17: 0 | DS17: 1687.5577 | DT17: 287.88462 | DU17: 14001.173 | DV17: 1281.6731 | DW17: 255.86538 | DX17: 708.75 | DY17: 505.36538 | DZ17: 79.384615 | EA17: 10739.115 | EB17: 665.73077 | EC17: 44.769231 | ED17: 1494.3077 | EE17: 1976.8077 | EF17: 4672.4615 | EG17: 315.82692 | EH17: 150.94231 | EI17: 311.19231 | EJ17: 1739.0962 | EK17: 61.923077 | EL17: 284.65385 | EM17: 2934.8269 | EN17: 605.44231 | EO17: 1188.8077 | EP17: 769.84615 | EQ17: 62.442308 | ER17: 77.557692 | ES17: 306.31731 | ET17: 31.644231 | EU17: 19.25 | EV17: 48.701923 | EW17: 0 | EX17: 64.086538 | EY17: 112.31731 | EZ17: 233.34615 | FA17: 21.384615 | FB17: 27.048077 | FC17: 72.692308 | FD17: 44.894231 | FE17: 184.53846 | FF17: 73.567308 | FG17: 109.17308 | FH17: 0 | FI17: 10.221154 | FJ17: 0 | FK17: 0 | FL17: 0 | FM17: 111.19231 | FN17: 64.134615 | FO17: =IF((Pasted_data!C58-Pasted_data!C$148)<0,0,Pasted_data!C58-Pasted_data!C$148) -> 652206.38 | FP17: =IF((Pasted_data!D58-Pasted_data!D$148)<0,0,Pasted_data!D58-Pasted_data!D$148) -> 328565.42 | FQ17: =IF((Pasted_data!E58-Pasted_data!E$148)<0,0,Pasted_data!E58-Pasted_data!E$148) -> 239009.64 | FR17: =IF((Pasted_data!F58-Pasted_data!F$148)<0,0,Pasted_data!F58-Pasted_data!F$148) -> 385349.23 | FS17: =IF((Pasted_data!G58-Pasted_data!G$148)<0,0,Pasted_data!G58-Pasted_data!G$148) -> 559663.02 | FT17: =IF((Pasted_data!H58-Pasted_data!H$148)<0,0,Pasted_data!H58-Pasted_data!H$148) -> 585131.11 | FU17: =IF((Pasted_data!I58-Pasted_data!I$148)<0,0,Pasted_data!I58-Pasted_data!I$148) -> 519731.73 | FV17: =IF((Pasted_data!J58-Pasted_data!J$148)<0,0,Pasted_data!J58-Pasted_data!J$148) -> 127023.07 | ... JF17: =IF((Pasted_data!CT58-Pasted_data!CT$148)<0,0,Pasted_data!CT58-Pasted_data!CT$148) -> 237455.42 | JG17: 210153.79 | JH17: 886699.42 | JI17: 759521.21 | JJ17: 663349.14 | JK17: 8124 | JL17: 44358.5 | JM17: 13286.029 | JN17: 55617.885 | JO17: 145909.04 | JP17: 714634.51 | JQ17: 100219.38 | JR17: 5263.5962 | JS17: 3284.7115 | JT17: 11702.423 | JU17: 632191.72 | JV17: 656120.4 | JW17: 38544.183 | JX17: 15394.135 | JY17: 0 | JZ17: 9447.7212 | KA17: 9745.75 | KB17: 465619.21 | KC17: 8478.7404 | KD17: 11293.885
A18: Mother | B18: 364961 | C18: 18513 | D18: 10243.288 | E18: 62423.135 | F18: 5817.4615 | G18: 1652.5 | H18: 6880.4231 | I18: 7270.4231 | J18: 1218.9615 | K18: 42828.096 | L18: 11430 | M18: 1988.5577 | N18: 6397.6154 | O18: 9110.7308 | P18: 16169.346 | Q18: 6898.1923 | R18: 4654.4231 | S18: 28181.712 | T18: 4883.9808 | U18: 5500.2308 | V18: 4801.2115 | W18: 8330.9808 | X18: 18735.038 | Y18: 13931.846 | Z18: 7172.0769 | AA18: 26094.365 | AB18: 2748.4615 | AC18: 43812.654 | AD18: 0 | AE18: 0 | AF18: 6362.6923 | AG18: 33095.038 | AH18: 0 | AI18: 7661.6346 | AJ18: 1266.6538 | AK18: 0 | AL18: 27277.288 | AM18: 437.96154 | AN18: 2409.1731 | AO18: 421.28846 | AP18: 160.82692 | AQ18: 2255.7115 | AR18: 10647.519 | AS18: 565.19231 | AT18: 12321.462 | AU18: 1691.5192 | AV18: 1555.5769 | AW18: 488.75 | AX18: 1416.2115 | AY18: 2222.3846 | AZ18: 1159.5962 | BA18: 30013.096 | BB18: 455.48077 | BC18: 540.84615 | BD18: 600.28846 | BE18: 17598.173 | BF18: 94.730769 | BG18: 9026.25 | BH18: 888.65385 | BI18: 932.76923 | BJ18: 1072.0577 | BK18: 635.80769 | BL18: 2299.5385 | BM18: 393.38462 | BN18: 576.96154 | BO18: 1047.4808 | BP18: 1288.75 | BQ18: 712.98077 | BR18: 483.42308 | BS18: 8345.7308 | BT18: 1351.6538 | BU18: 467.92308 | BV18: 814.75 | BW18: 19170.654 | BX18: 1556.0577 | BY18: 22619.635 | BZ18: 2535.4423 | CA18: 9452.0192 | CB18: 3559.5577 | CC18: 6207.8462 | CD18: 1394.3269 | CE18: 9544.9231 | CF18: 3075.1731 | CG18: 827.17308 | CH18: 3805.3846 | CI18: 3386.5769 | CJ18: 10791.904 | CK18: 7024.1346 | CL18: 5109.4038 | CM18: 515.88462 | CN18: 4920.3269 | CO18: 0 | CP18: 292.17308 | CQ18: 661.26923 | CR18: 1549.7692 | CS18: 4081.5192 | CT18: 4211.3654 | CU18: 571.78846 | CV18: 193.51923 | CW18: 2203.2692 | CX18: 96.096154 | CY18: 96.442308 | CZ18: 23.480769 | DA18: 0 | DB18: 0 | DC18: 799.23077 | DD18: 83.269231 | DE18: 0 | DF18: 177.84615 | DG18: 182.63462 | DH18: 136.34615 | DI18: 45.846154 | DJ18: 470.51923 | DK18: 100.94231 | DL18: 128.05769 | DM18: 156.03846 | DN18: 0 | DO18: 1972.9423 | DP18: 151.17308 | DQ18: 244.53846 | DR18: 0 | DS18: 12820.308 | DT18: 3179.3846 | DU18: 25362.923 | DV18: 1528.1731 | DW18: 3973.3654 | DX18: 2075.75 | DY18: 5969.8654 | DZ18: 810.63462 | EA18: 17450.115 | EB18: 6259.7308 | EC18: 744.01923 | ED18: 6151.3077 | EE18: 2109.5577 | EF18: 6857.7115 | EG18: 390.57692 | EH18: 970.19231 | EI18: 995.19231 | EJ18: 5836.8462 | EK18: 627.67308 | EL18: 844.65385 | EM18: 2969.0769 | EN18: 2774.9423 | EO18: 5956.5577 | EP18: 2080.3462 | EQ18: 181.94231 | ER18: 38.557692 | ES18: 633.81731 | ET18: 0 | EU18: 66.5 | EV18: 36.951923 | EW18: 0 | EX18: 11.086538 | EY18: 62.817308 | EZ18: 626.34615 | FA18: 55.634615 | FB18: 82.548077 | FC18: 154.19231 | FD18: 91.894231 | FE18: 53.538462 | FF18: 7.0673077 | FG18: 64.923077 | FH18: 0 | FI18: 235.22115 | FJ18: 1.6923077 | FK18: 0 | FL18: 171.65385 | FM18: 54.942308 | FN18: 135.13462 | FO18: =IF((Pasted_data!C59-Pasted_data!C$148)<0,0,Pasted_data!C59-Pasted_data!C$148) -> 643589.62 | FP18: =IF((Pasted_data!D59-Pasted_data!D$148)<0,0,Pasted_data!D59-Pasted_data!D$148) -> 321321.67 | FQ18: =IF((Pasted_data!E59-Pasted_data!E$148)<0,0,Pasted_data!E59-Pasted_data!E$148) -> 305611.89 | FR18: =IF((Pasted_data!F59-Pasted_data!F$148)<0,0,Pasted_data!F59-Pasted_data!F$148) -> 176419.23 | FS18: =IF((Pasted_data!G59-Pasted_data!G$148)<0,0,Pasted_data!G59-Pasted_data!G$148) -> 419101.77 | FT18: =IF((Pasted_data!H59-Pasted_data!H$148)<0,0,Pasted_data!H59-Pasted_data!H$148) -> 568105.11 | FU18: =IF((Pasted_data!I59-Pasted_data!I$148)<0,0,Pasted_data!I59-Pasted_data!I$148) -> 615473.23 | FV18: =IF((Pasted_data!J59-Pasted_data!J$148)<0,0,Pasted_data!J59-Pasted_data!J$148) -> 104896.07 | ... JF18: =IF((Pasted_data!CT59-Pasted_data!CT$148)<0,0,Pasted_data!CT59-Pasted_data!CT$148) -> 596615.92 | JG18: 115636.04 | JH18: 707800.42 | JI18: 830174.96 | JJ18: 860107.14 | JK18: 216213.75 | JL18: 452139.5 | JM18: 250765.53 | JN18: 683205.13 | JO18: 115720.29 | JP18: 484912.76 | JQ18: 580381.88 | JR18: 38205.096 | JS18: 10572.212 | JT18: 61610.173 | JU18: 864540.72 | JV18: 359126.9 | JW18: 60809.683 | JX18: 223650.63 | JY18: 0 | JZ18: 135112.97 | KA18: 27466 | KB18: 635017.46 | KC18: 74346.24 | KD18: 188191.13
A19: Mother | B19: 364969 | C19: 66352.5 | D19: 5373.0385 | E19: 109263.13 | F19: 4371.4615 | G19: 2523.5 | H19: 2887.1731 | I19: 9993.4231 | J19: 2063.4615 | K19: 44088.846 | L19: 4947 | M19: 2803.5577 | N19: 3388.8654 | O19: 4933.9808 | P19: 12618.096 | Q19: 4473.4423 | R19: 15318.923 | S19: 43868.712 | T19: 20893.481 | U19: 5170.7308 | V19: 4490.9615 | W19: 9634.2308 | X19: 6778.0385 | Y19: 6036.3462 | Z19: 6132.5769 | AA19: 573652.37 | AB19: 413199.71 | AC19: 567628.9 | AD19: 108108.79 | AE19: 198638.48 | AF19: 144665.69 | AG19: 919673.04 | AH19: 13567.615 | AI19: 365887.13 | AJ19: 226511.15 | AK19: 30522 | AL19: 429827.29 | AM19: 261978.21 | AN19: 535690.92 | AO19: 119797.54 | AP19: 3940.0769 | AQ19: 91259.962 | AR19: 392412.27 | AS19: 2495.4423 | AT19: 17382.462 | AU19: 19449.269 | AV19: 400485.83 | AW19: 237985.75 | AX19: 221017.21 | AY19: 5400.3846 | AZ19: 1027.5962 | BA19: 8805.5962 | BB19: 297.98077 | BC19: 278.84615 | BD19: 251.03846 | BE19: 5713.4231 | BF19: 39.230769 | BG19: 2466.25 | BH19: 325.65385 | BI19: 216.26923 | BJ19: 461.05769 | BK19: 384.80769 | BL19: 820.53846 | BM19: 158.38462 | BN19: 1841.7115 | BO19: 433.98077 | BP19: 306.75 | BQ19: 0 | BR19: 588.67308 | BS19: 1739.4808 | BT19: 940.65385 | BU19: 509.92308 | BV19: 279.25 | BW19: 18937.654 | BX19: 6592.3077 | BY19: 23329.135 | BZ19: 11725.442 | CA19: 31588.519 | CB19: 9401.8077 | CC19: 8730.5962 | CD19: 2794.0769 | CE19: 12632.423 | CF19: 14902.673 | CG19: 727.42308 | CH19: 10777.635 | CI19: 12708.327 | CJ19: 26361.654 | CK19: 9277.3846 | CL19: 1154.1538 | CM19: 801.13462 | CN19: 20818.077 | CO19: 529.51923 | CP19: 559.92308 | CQ19: 1148.5192 | CR19: 5047.7692 | CS19: 16422.019 | CT19: 11790.865 | CU19: 382.28846 | CV19: 145.26923 | CW19: 2726.7692 | CX19: 2380.8462 | CY19: 435.94231 | CZ19: 29.480769 | DA19: 101.09615 | DB19: 0 | DC19: 768.48077 | DD19: 1040.0192 | DE19: 0 | DF19: 166.34615 | DG19: 4465.6346 | DH19: 11547.096 | DI19: 149.59615 | DJ19: 0 | DK19: 0 | DL19: 6683.5577 | DM19: 109.28846 | DN19: 0 | DO19: 681.94231 | DP19: 235.67308 | DQ19: 1473.0385 | DR19: 263.5 | DS19: 982.05769 | DT19: 1107.8846 | DU19: 11768.173 | DV19: 0 | DW19: 163.61538 | DX19: 5 | DY19: 1677.8654 | DZ19: 15.634615 | EA19: 3265.3654 | EB19: 211.23077 | EC19: 259.01923 | ED19: 620.30769 | EE19: 287.80769 | EF19: 415.46154 | EG19: 279.07692 | EH19: 379.19231 | EI19: 372.44231 | EJ19: 151.34615 | EK19: 0 | EL19: 535.65385 | EM19: 2114.0769 | EN19: 980.19231 | EO19: 147.30769 | EP19: 381.09615 | EQ19: 212.19231 | ER19: 21.557692 | ES19: 437.56731 | ET19: 141.39423 | EU19: 0 | EV19: 192.70192 | EW19: 7.9134615 | EX19: 141.83654 | EY19: 0 | EZ19: 235.84615 | FA19: 72.634615 | FB19: 127.79808 | FC19: 264.94231 | FD19: 42.644231 | FE19: 100.03846 | FF19: 206.81731 | FG19: 0 | FH19: 0 | FI19: 48.471154 | FJ19: 0 | FK19: 116.34615 | FL19: 166.90385 | FM19: 110.44231 | FN19: 103.13462 | FO19: =IF((Pasted_data!C60-Pasted_data!C$148)<0,0,Pasted_data!C60-Pasted_data!C$148) -> 608621.88 | FP19: =IF((Pasted_data!D60-Pasted_data!D$148)<0,0,Pasted_data!D60-Pasted_data!D$148) -> 502264.92 | FQ19: =IF((Pasted_data!E60-Pasted_data!E$148)<0,0,Pasted_data!E60-Pasted_data!E$148) -> 217856.39 | FR19: =IF((Pasted_data!F60-Pasted_data!F$148)<0,0,Pasted_data!F60-Pasted_data!F$148) -> 300295.73 | FS19: =IF((Pasted_data!G60-Pasted_data!G$148)<0,0,Pasted_data!G60-Pasted_data!G$148) -> 687209.52 | FT19: =IF((Pasted_data!H60-Pasted_data!H$148)<0,0,Pasted_data!H60-Pasted_data!H$148) -> 499729.61 | FU19: =IF((Pasted_data!I60-Pasted_data!I$148)<0,0,Pasted_data!I60-Pasted_data!I$148) -> 735110.23 | FV19: =IF((Pasted_data!J60-Pasted_data!J$148)<0,0,Pasted_data!J60-Pasted_data!J$148) -> 127262.07 | ... JF19: =IF((Pasted_data!CT60-Pasted_data!CT$148)<0,0,Pasted_data!CT60-Pasted_data!CT$148) -> 466569.67 | JG19: 138155.29 | JH19: 807782.92 | JI19: 854641.21 | JJ19: 644858.14 | JK19: 147370.25 | JL19: 412587.25 | JM19: 266491.28 | JN19: 850972.13 | JO19: 359003.79 | JP19: 609538.01 | JQ19: 153336.38 | JR19: 6423.8462 | JS19: 5840.7115 | JT19: 3499.6731 | JU19: 855693.97 | JV19: 596738.15 | JW19: 43673.433 | JX19: 361711.88 | JY19: 0 | JZ19: 24984.221 | KA19: 9485.25 | KB19: 702419.96 | KC19: 10731.99 | KD19: 13438.885
A20: Mother | B20: 383902 | C20: 67431.33 | D20: 10193.466 | E20: 120028.64 | F20: 6452.4432 | G20: 1596.0795 | H20: 2249.6591 | I20: 21416.898 | J20: 3734.1932 | K20: 28857.602 | L20: 7767.6023 | M20: 12391.216 | N20: 3422.2955 | O20: 8837.3295 | P20: 13786.955 | Q20: 11440.693 | R20: 4016.75 | S20: 24576.693 | T20: 6651.6932 | U20: 4906.3068 | V20: 5515.2159 | W20: 25306.5 | X20: 20265.5 | Y20: 8100.25 | Z20: 3247.6136 | AA20: 142876.91 | AB20: 195590.69 | AC20: 571055.5 | AD20: 16006.7 | AE20: 64203.775 | AF20: 34522.113 | AG20: 315121.56 | AH20: 3520.05 | AI20: 76487.05 | AJ20: 16169.462 | AK20: 2909.1125 | AL20: 56174.238 | AM20: 34326.488 | AN20: 82159.637 | AO20: 90370.775 | AP20: 538.2125 | AQ20: 421975.92 | AR20: 36397.213 | AS20: 0 | AT20: 2.4375 | AU20: 1297520.9 | AV20: 174607.21 | AW20: 21772.775 | AX20: 21090.05 | AY20: 1240.7 | AZ20: 16323.312 | BA20: 23978.963 | BB20: 343.6625 | BC20: 116.425 | BD20: 615.7 | BE20: 21317.775 | BF20: 90.5625 | BG20: 11319.3 | BH20: 307.35 | BI20: 175.725 | BJ20: 443.2625 | BK20: 270.4875 | BL20: 286.55 | BM20: 72.0375 | BN20: 511.075 | BO20: 1396.775 | BP20: 306.55 | BQ20: 102.6125 | BR20: 0 | BS20: 2102.6375 | BT20: 29253.162 | BU20: 225.85 | BV20: 803.5375 | BW20: 2748.1591 | BX20: 12645.318 | BY20: 25421.58 | BZ20: 225.02273 | CA20: 302.85227 | CB20: 637.56818 | CC20: 12024.023 | CD20: 343.40909 | CE20: 4592.5114 | CF20: 303.93182 | CG20: 262.36364 | CH20: 316.89773 | CI20: 381.19318 | CJ20: 527.07955 | CK20: 2160.9432 | CL20: 198.42045 | CM20: 4123.8977 | CN20: 636.59091 | CO20: 651.29545 | CP20: 416.46591 | CQ20: 32348.705 | CR20: 10291.966 | CS20: 438.39773 | CT20: 319.55682 | CU20: 59.85 | CV20: 0 | CW20: 0 | CX20: 0 | CY20: 0 | CZ20: 0 | DA20: 185.975 | DB20: 0 | DC20: 223.4125 | DD20: 47.925 | DE20: 0 | DF20: 87.0375 | DG20: 0 | DH20: 208.4125 | DI20: 0 | DJ20: 284.0625 | DK20: 93.35 | DL20: 93.1625 | DM20: 42.55 | DN20: 0 | DO20: 164.725 | DP20: 0 | DQ20: 58.375 | DR20: 0 | DS20: 14100.42 | DT20: 4436.2727 | DU20: 55817.625 | DV20: 1008.9091 | DW20: 2580.0795 | DX20: 4001.0341 | DY20: 4954.2045 | DZ20: 963.15909 | EA20: 10410.659 | EB20: 1775.8409 | EC20: 799.375 | ED20: 7124.9659 | EE20: 1274.9205 | EF20: 3000.0909 | EG20: 7814.3182 | EH20: 275.31818 | EI20: 10132.705 | EJ20: 2137.3977 | EK20: 167.14773 | EL20: 845.31818 | EM20: 91635.136 | EN20: 4255.7955 | EO20: 2318.3864 | EP20: 3561.8636 | EQ20: 223.94231 | ER20: 87.057692 | ES20: 1031.5673 | ET20: 116.89423 | EU20: 118.25 | EV20: 211.45192 | EW20: 92.913462 | EX20: 13.586538 | EY20: 105.81731 | EZ20: 1064.8462 | FA20: 73.634615 | FB20: 149.29808 | FC20: 131.19231 | FD20: 143.14423 | FE20: 69.288462 | FF20: 7.0673077 | FG20: 1.1730769 | FH20: 441.89423 | FI20: 290.97115 | FJ20: 40.692308 | FK20: 128.34615 | FL20: 307.40385 | FM20: 73.192308 | FN20: 30.634615 | FO20: =IF((Pasted_data!C11-Pasted_data!C$148)<0,0,Pasted_data!C11-Pasted_data!C$148) -> 654188.38 | FP20: =IF((Pasted_data!D11-Pasted_data!D$148)<0,0,Pasted_data!D11-Pasted_data!D$148) -> 674366.92 | FQ20: =IF((Pasted_data!E11-Pasted_data!E$148)<0,0,Pasted_data!E11-Pasted_data!E$148) -> 604808.89 | FR20: =IF((Pasted_data!F11-Pasted_data!F$148)<0,0,Pasted_data!F11-Pasted_data!F$148) -> 45958.731 | FS20: =IF((Pasted_data!G11-Pasted_data!G$148)<0,0,Pasted_data!G11-Pasted_data!G$148) -> 294264.27 | FT20: =IF((Pasted_data!H11-Pasted_data!H$148)<0,0,Pasted_data!H11-Pasted_data!H$148) -> 244819.11 | FU20: =IF((Pasted_data!I11-Pasted_data!I$148)<0,0,Pasted_data!I11-Pasted_data!I$148) -> 888339.98 | FV20: =IF((Pasted_data!J11-Pasted_data!J$148)<0,0,Pasted_data!J11-Pasted_data!J$148) -> 222.06731 | ... JF20: =IF((Pasted_data!CT11-Pasted_data!CT$148)<0,0,Pasted_data!CT11-Pasted_data!CT$148) -> 295923.92 | JG20: 9889.2885 | JH20: 16707.923 | JI20: 358854.46 | JJ20: 862291.89 | JK20: 13429.25 | JL20: 75465.5 | JM20: 85551.029 | JN20: 28143.135 | JO20: 18827.288 | JP20: 21923.76 | JQ20: 5016.1346 | JR20: 12948.846 | JS20: 5144.2115 | JT20: 26384.923 | JU20: 4681.9712 | JV20: 7796.1538 | JW20: 15709.933 | JX20: 61027.885 | JY20: 156057.41 | JZ20: 64966.721 | KA20: 26924.5 | KB20: 9455.9615 | KC20: 38448.74 | KD20: 44153.135
A21: Mother | B21: 402912 | C21: 21524 | D21: 3867.5385 | E21: 44638.635 | F21: 6329.4615 | G21: 787.75 | H21: 5603.4231 | I21: 10882.173 | J21: 825.46154 | K21: 52755.096 | L21: 14099.5 | M21: 5235.5577 | N21: 2241.1154 | O21: 9434.4808 | P21: 17226.596 | Q21: 15602.192 | R21: 8924.1731 | S21: 32179.962 | T21: 5189.7308 | U21: 4556.2308 | V21: 1832.7115 | W21: 4781.7308 | X21: 16733.038 | Y21: 13454.596 | Z21: 1813.0769 | AA21: 183058.87 | AB21: 400428.71 | AC21: 1155016.2 | AD21: 112758.04 | AE21: 237851.48 | AF21: 29025.692 | AG21: 1193987 | AH21: 11448.365 | AI21: 85693.135 | AJ21: 104448.15 | AK21: 14564.5 | AL21: 171496.79 | AM21: 196049.46 | AN21: 542620.92 | AO21: 26221.538 | AP21: 2814.8269 | AQ21: 9735.9615 | AR21: 528964.27 | AS21: 1789.9423 | AT21: 32596.712 | AU21: 19836.769 | AV21: 490674.08 | AW21: 123899.75 | AX21: 36243.462 | AY21: 1391.3846 | AZ21: 984.59615 | BA21: 15926.346 | BB21: 359.48077 | BC21: 838.34615 | BD21: 64.538462 | BE21: 4916.9231 | BF21: 21.730769 | BG21: 6637 | BH21: 503.40385 | BI21: 96.269231 | BJ21: 222.55769 | BK21: 624.55769 | BL21: 2240.0385 | BM21: 457.13462 | BN21: 776.96154 | BO21: 421.73077 | BP21: 1037.25 | BQ21: 0 | BR21: 117.92308 | BS21: 2902.9808 | BT21: 1451.4038 | BU21: 544.17308 | BV21: 454.5 | BW21: 3696.6538 | BX21: 8170.0577 | BY21: 26848.385 | BZ21: 3261.6923 | CA21: 9421.2692 | CB21: 1305.8077 | CC21: 10582.596 | CD21: 118.07692 | CE21: 8678.9231 | CF21: 4581.6731 | CG21: 959.17308 | CH21: 848.38462 | CI21: 3815.8269 | CJ21: 6899.6538 | CK21: 1648.8846 | CL21: 744.15385 | CM21: 735.63462 | CN21: 5786.5769 | CO21: 777.51923 | CP21: 1401.1731 | CQ21: 2873.0192 | CR21: 7773.7692 | CS21: 6313.0192 | CT21: 1721.1154 | CU21: 352.53846 | CV21: 698.51923 | CW21: 9791.7692 | CX21: 1073.8462 | CY21: 2166.9423 | CZ21: 278.98077 | DA21: 731.09615 | DB21: 77.057692 | DC21: 4302.9808 | DD21: 441.01923 | DE21: 245.46154 | DF21: 56.846154 | DG21: 2441.8846 | DH21: 6867.8462 | DI21: 217.84615 | DJ21: 0 | DK21: 224.69231 | DL21: 6518.0577 | DM21: 0 | DN21: 48.673077 | DO21: 918.94231 | DP21: 1099.4231 | DQ21: 707.78846 | DR21: 173 | DS21: 3314.8077 | DT21: 4368.6346 | DU21: 21526.673 | DV21: 6160.9231 | DW21: 662.11538 | DX21: 1120.25 | DY21: 11634.115 | DZ21: 144.13462 | EA21: 8452.1154 | EB21: 647.23077 | EC21: 571.26923 | ED21: 1271.0577 | EE21: 12297.808 | EF21: 17834.462 | EG21: 2619.5769 | EH21: 680.94231 | EI21: 626.94231 | EJ21: 31202.596 | EK21: 290.42308 | EL21: 301.65385 | EM21: 2833.5769 | EN21: 12061.692 | EO21: 1010.5577 | EP21: 797.59615 | EQ21: 426.19231 | ER21: 179.05769 | ES21: 727.56731 | ET21: 0 | EU21: 0 | EV21: 0 | EW21: 54.163462 | EX21: 333.58654 | EY21: 73.317308 | EZ21: 585.59615 | FA21: 33.134615 | FB21: 5.7980769 | FC21: 89.442308 | FD21: 274.39423 | FE21: 377.28846 | FF21: 118.06731 | FG21: 69.923077 | FH21: 10.394231 | FI21: 965.22115 | FJ21: 160.94231 | FK21: 0 | FL21: 667.40385 | FM21: 276.69231 | FN21: 0 | FO21: =IF((Pasted_data!C61-Pasted_data!C$148)<0,0,Pasted_data!C61-Pasted_data!C$148) -> 616219.38 | FP21: =IF((Pasted_data!D61-Pasted_data!D$148)<0,0,Pasted_data!D61-Pasted_data!D$148) -> 602000.42 | FQ21: =IF((Pasted_data!E61-Pasted_data!E$148)<0,0,Pasted_data!E61-Pasted_data!E$148) -> 468608.89 | FR21: =IF((Pasted_data!F61-Pasted_data!F$148)<0,0,Pasted_data!F61-Pasted_data!F$148) -> 250000.73 | FS21: =IF((Pasted_data!G61-Pasted_data!G$148)<0,0,Pasted_data!G61-Pasted_data!G$148) -> 775752.27 | FT21: =IF((Pasted_data!H61-Pasted_data!H$148)<0,0,Pasted_data!H61-Pasted_data!H$148) -> 306869.61 | FU21: =IF((Pasted_data!I61-Pasted_data!I$148)<0,0,Pasted_data!I61-Pasted_data!I$148) -> 1043629.5 | FV21: =IF((Pasted_data!J61-Pasted_data!J$148)<0,0,Pasted_data!J61-Pasted_data!J$148) -> 136211.57 | ... JF21: =IF((Pasted_data!CT61-Pasted_data!CT$148)<0,0,Pasted_data!CT61-Pasted_data!CT$148) -> 3988.1731 | JG21: 177555.54 | JH21: 808247.92 | JI21: 55488.962 | JJ21: 950474.39 | JK21: 18655.5 | JL21: 775714.5 | JM21: 842400.78 | JN21: 16597.385 | JO21: 217397.54 | JP21: 315995.76 | JQ21: 7164.6346 | JR21: 9118.3462 | JS21: 2546.7115 | JT21: 8144.1731 | JU21: 86810.221 | JV21: 212350.15 | JW21: 31702.183 | JX21: 782869.63 | JY21: 0 | JZ21: 27893.221 | KA21: 10236.75 | KB21: 809813.46 | KC21: 16893.99 | KD21: 9440.6346
A22: Mother | B22: 418815 | C22: 47628.83 | D22: 3545.9659 | E22: 41816.386 | F22: 24761.193 | G22: 1224.3295 | H22: 3251.6591 | I22: 4365.6477 | J22: 2717.1932 | K22: 14161.102 | L22: 48793.352 | M22: 2070.9659 | N22: 2712.5455 | O22: 58929.08 | P22: 64885.705 | Q22: 12847.193 | R22: 1965 | S22: 9239.4432 | T22: 7861.1932 | U22: 2379.3068 | V22: 1623.7159 | W22: 9162.5 | X22: 13204.25 | Y22: 48888.5 | Z22: 2158.3636 | AA22: 17721.662 | AB22: 13441.188 | AC22: 33541.75 | AD22: 10105.45 | AE22: 12289.775 | AF22: 1645.6125 | AG22: 10254.312 | AH22: 269.55 | AI22: 4992.55 | AJ22: 5342.2125 | AK22: 0 | AL22: 4037.4875 | AM22: 19225.487 | AN22: 54852.887 | AO22: 8180.025 | AP22: 178.4625 | AQ22: 5558.425 | AR22: 54046.463 | AS22: 22.9625 | AT22: 0 | AU22: 108637.41 | AV22: 5451.7125 | AW22: 6388.525 | AX22: 22801.8 | AY22: 18795.2 | AZ22: 13474.562 | BA22: 17249.213 | BB22: 890.4125 | BC22: 847.175 | BD22: 2266.95 | BE22: 3341.025 | BF22: 182.8125 | BG22: 6371.3 | BH22: 1761.85 | BI22: 650.475 | BJ22: 2137.0125 | BK22: 1776.7375 | BL22: 5297.8 | BM22: 1290.5375 | BN22: 2572.075 | BO22: 9317.525 | BP22: 4448.05 | BQ22: 0 | BR22: 822.3875 | BS22: 4414.6375 | BT22: 8882.4125 | BU22: 1748.1 | BV22: 1150.7875 | BW22: 2659.1591 | BX22: 3552.5682 | BY22: 11071.08 | BZ22: 3271.0227 | CA22: 16337.102 | CB22: 1572.0682 | CC22: 10134.023 | CD22: 2159.9091 | CE22: 4311.7614 | CF22: 3139.1818 | CG22: 158.61364 | CH22: 1552.8977 | CI22: 5593.1932 | CJ22: 11008.33 | CK22: 2978.1932 | CL22: 519.17045 | CM22: 4751.6477 | CN22: 4789.3409 | CO22: 86.295455 | CP22: 391.96591 | CQ22: 4597.2045 | CR22: 3148.7159 | CS22: 4140.6477 | CT22: 874.30682 | CU22: 1606.35 | CV22: 17264.35 | CW22: 11350.962 | CX22: 2459.9125 | CY22: 4867.85 | CZ22: 432.525 | DA22: 13099.975 | DB22: 249.4625 | DC22: 1881.1625 | DD22: 1633.175 | DE22: 402.15 | DF22: 501.7875 | DG22: 3684.35 | DH22: 7753.1625 | DI22: 661.725 | DJ22: 272.5625 | DK22: 553.35 | DL22: 9215.1625 | DM22: 140.55 | DN22: 166.25 | DO22: 3739.725 | DP22: 16074.55 | DQ22: 1689.375 | DR22: 496.6125 | DS22: 54337.67 | DT22: 55018.523 | DU22: 268327.62 | DV22: 4211.4091 | DW22: 2901.3295 | DX22: 17899.784 | DY22: 42360.705 | DZ22: 2091.6591 | EA22: 20793.659 | EB22: 4620.8409 | EC22: 7108.625 | ED22: 17169.216 | EE22: 5483.1705 | EF22: 12645.591 | EG22: 41528.068 | EH22: 1603.5682 | EI22: 18364.705 | EJ22: 8951.6477 | EK22: 1644.8977 | EL22: 1429.3182 | EM22: 76225.386 | EN22: 110697.8 | EO22: 5595.6364 | EP22: 5474.1136 | EQ22: 1060.1923 | ER22: 291.55769 | ES22: 5502.5673 | ET22: 202.39423 | EU22: 147.25 | EV22: 255.70192 | EW22: 364.66346 | EX22: 100.33654 | EY22: 106.56731 | EZ22: 649.59615 | FA22: 163.63462 | FB22: 56.548077 | FC22: 384.69231 | FD22: 106.89423 | FE22: 339.53846 | FF22: 1656.8173 | FG22: 0 | FH22: 317.64423 | FI22: 268.22115 | FJ22: 153.19231 | FK22: 35.096154 | FL22: 0 | FM22: 751.19231 | FN22: 154.63462 | FO22: =IF((Pasted_data!C12-Pasted_data!C$148)<0,0,Pasted_data!C12-Pasted_data!C$148) -> 612391.38 | FP22: =IF((Pasted_data!D12-Pasted_data!D$148)<0,0,Pasted_data!D12-Pasted_data!D$148) -> 558989.67 | FQ22: =IF((Pasted_data!E12-Pasted_data!E$148)<0,0,Pasted_data!E12-Pasted_data!E$148) -> 478684.64 | FR22: =IF((Pasted_data!F12-Pasted_data!F$148)<0,0,Pasted_data!F12-Pasted_data!F$148) -> 484721.48 | FS22: =IF((Pasted_data!G12-Pasted_data!G$148)<0,0,Pasted_data!G12-Pasted_data!G$148) -> 581351.02 | FT22: =IF((Pasted_data!H12-Pasted_data!H$148)<0,0,Pasted_data!H12-Pasted_data!H$148) -> 286418.11 | FU22: =IF((Pasted_data!I12-Pasted_data!I$148)<0,0,Pasted_data!I12-Pasted_data!I$148) -> 683442.48 | FV22: =IF((Pasted_data!J12-Pasted_data!J$148)<0,0,Pasted_data!J12-Pasted_data!J$148) -> 95260.567 | ... JF22: =IF((Pasted_data!CT12-Pasted_data!CT$148)<0,0,Pasted_data!CT12-Pasted_data!CT$148) -> 595745.17 | JG22: 899669.29 | JH22: 1057174.9 | JI22: 948476.46 | JJ22: 1002170.6 | JK22: 799040 | JL22: 927228.5 | JM22: 889598.53 | JN22: 645844.63 | JO22: 798952.29 | JP22: 818946.76 | JQ22: 348640.63 | JR22: 94164.346 | JS22: 33108.712 | JT22: 49927.923 | JU22: 708091.22 | JV22: 858786.4 | JW22: 689784.18 | JX22: 662819.88 | JY22: 132137.66 | JZ22: 49494.221 | KA22: 59866.25 | KB22: 1006933 | KC22: 64268.74 | KD22: 56533.385
A23: Mother | B23: 422313 | C23: 17022.33 | D23: 8577.4659 | E23: 106074.89 | F23: 8194.6932 | G23: 990.32955 | H23: 2372.9091 | I23: 23331.148 | J23: 1395.6932 | K23: 15095.602 | L23: 10890.602 | M23: 2563.9659 | N23: 12808.045 | O23: 14567.33 | P23: 19592.705 | Q23: 4689.6932 | R23: 7127 | S23: 17821.693 | T23: 5137.1932 | U23: 2871.3068 | V23: 3571.7159 | W23: 23757.5 | X23: 64363.75 | Y23: 12244.5 | Z23: 3023.8636 | AA23: 33894.162 | AB23: 2734.6875 | AC23: 36241 | AD23: 2979.95 | AE23: 10176.275 | AF23: 12355.362 | AG23: 5153.0625 | AH23: 47.05 | AI23: 10526.8 | AJ23: 16477.963 | AK23: 393.1125 | AL23: 40320.238 | AM23: 5565.4875 | AN23: 19469.388 | AO23: 8863.025 | AP23: 82.4625 | AQ23: 7951.425 | AR23: 16842.213 | AS23: 98.4625 | AT23: 398.4375 | AU23: 101816.41 | AV23: 1401.2125 | AW23: 22027.525 | AX23: 18767.8 | AY23: 13334.7 | AZ23: 634.0625 | BA23: 11745.212 | BB23: 569.4125 | BC23: 629.425 | BD23: 2485.7 | BE23: 1766.525 | BF23: 391.0625 | BG23: 6770.8 | BH23: 1663.85 | BI23: 751.225 | BJ23: 5131.0125 | BK23: 1016.4875 | BL23: 2588.55 | BM23: 815.0375 | BN23: 5305.325 | BO23: 1321.775 | BP23: 2195.05 | BQ23: 257.6125 | BR23: 1121.6375 | BS23: 52207.637 | BT23: 3301.9125 | BU23: 1988.1 | BV23: 1801.7875 | BW23: 2490.9091 | BX23: 235.81818 | BY23: 5515.8295 | BZ23: 309.27273 | CA23: 1568.8523 | CB23: 1891.5682 | CC23: 453.02273 | CD23: 96.159091 | CE23: 6129.2614 | CF23: 515.43182 | CG23: 0 | CH23: 1331.6477 | CI23: 438.44318 | CJ23: 590.32955 | CK23: 3584.6932 | CL23: 239.67045 | CM23: 2216.1477 | CN23: 1142.0909 | CO23: 35.545455 | CP23: 36235.966 | CQ23: 2207.2045 | CR23: 535.71591 | CS23: 935.89773 | CT23: 1055.3068 | CU23: 4847.1 | CV23: 680.85 | CW23: 7267.9625 | CX23: 875.1625 | CY23: 1599.1 | CZ23: 1774.525 | DA23: 1348.475 | DB23: 238.2125 | DC23: 3906.6625 | DD23: 1375.175 | DE23: 1026.4 | DF23: 3151.0375 | DG23: 976.1 | DH23: 1977.1625 | DI23: 761.475 | DJ23: 256.8125 | DK23: 773.1 | DL23: 2372.4125 | DM23: 425.05 | DN23: 117.5 | DO23: 5295.975 | DP23: 2436.3 | DQ23: 1524.375 | DR23: 1413.6125 | DS23: 298896.92 | DT23: 11208.273 | DU23: 288614.88 | DV23: 76223.659 | DW23: 11914.83 | DX23: 110400.53 | DY23: 25073.955 | DZ23: 15008.159 | EA23: 61433.409 | EB23: 87213.091 | EC23: 22664.625 | ED23: 391245.72 | EE23: 118331.42 | EF23: 148213.59 | EG23: 46089.318 | EH23: 1572.0682 | EI23: 71927.705 | EJ23: 185091.9 | EK23: 901.39773 | EL23: 9658.5682 | EM23: 821866.64 | EN23: 25035.045 | EO23: 108473.64 | EP23: 109150.61 | EQ23: 8065.9423 | ER23: 186.30769 | ES23: 2718.0673 | ET23: 661.89423 | EU23: 137.25 | EV23: 56.701923 | EW23: 854.91346 | EX23: 173.83654 | EY23: 75.317308 | EZ23: 1063.8462 | FA23: 389.63462 | FB23: 204.54808 | FC23: 6678.4423 | FD23: 1397.8942 | FE23: 1764.5385 | FF23: 309.81731 | FG23: 516.17308 | FH23: 836.89423 | FI23: 5566.7212 | FJ23: 0 | FK23: 125.34615 | FL23: 1229.1538 | FM23: 197.94231 | FN23: 398.13462 | FO23: =IF((Pasted_data!C13-Pasted_data!C$148)<0,0,Pasted_data!C13-Pasted_data!C$148) -> 1094895.1 | FP23: =IF((Pasted_data!D13-Pasted_data!D$148)<0,0,Pasted_data!D13-Pasted_data!D$148) -> 368528.67 | FQ23: =IF((Pasted_data!E13-Pasted_data!E$148)<0,0,Pasted_data!E13-Pasted_data!E$148) -> 550279.14 | FR23: =IF((Pasted_data!F13-Pasted_data!F$148)<0,0,Pasted_data!F13-Pasted_data!F$148) -> 60662.731 | FS23: =IF((Pasted_data!G13-Pasted_data!G$148)<0,0,Pasted_data!G13-Pasted_data!G$148) -> 405909.77 | FT23: =IF((Pasted_data!H13-Pasted_data!H$148)<0,0,Pasted_data!H13-Pasted_data!H$148) -> 785652.36 | FU23: =IF((Pasted_data!I13-Pasted_data!I$148)<0,0,Pasted_data!I13-Pasted_data!I$148) -> 414079.73 | FV23: =IF((Pasted_data!J13-Pasted_data!J$148)<0,0,Pasted_data!J13-Pasted_data!J$148) -> 13121.067 | ... JF23: =IF((Pasted_data!CT13-Pasted_data!CT$148)<0,0,Pasted_data!CT13-Pasted_data!CT$148) -> 665446.42 | JG23: 96536.538 | JH23: 562991.42 | JI23: 971715.96 | JJ23: 1050712.6 | JK23: 667872.75 | JL23: 384119.25 | JM23: 307902.53 | JN23: 780785.13 | JO23: 263097.29 | JP23: 922973.76 | JQ23: 956462.63 | JR23: 26263.846 | JS23: 16257.962 | JT23: 33657.423 | JU23: 1035201 | JV23: 954494.4 | JW23: 54980.683 | JX23: 153792.88 | JY23: 257714.91 | JZ23: 75739.971 | KA23: 65565.75 | KB23: 696322.96 | KC23: 78550.74 | KD23: 437172.38
A24: Mother | B24: 425358 | C24: 18120.75 | D24: 1699.7885 | E24: 36437.385 | F24: 780.46154 | G24: 598.25 | H24: 4655.9231 | I24: 2112.9231 | J24: 640.21154 | K24: 21908.846 | L24: 960 | M24: 914.05769 | N24: 9044.6154 | O24: 627.98077 | P24: 2431.3462 | Q24: 789.94231 | R24: 1764.9231 | S24: 9563.9615 | T24: 1556.7308 | U24: 1753.2308 | V24: 1196.9615 | W24: 3210.7308 | X24: 2633.5385 | Y24: 1584.8462 | Z24: 2655.0769 | AA24: 462582.37 | AB24: 88340.462 | AC24: 275537.9 | AD24: 35019.788 | AE24: 32999.231 | AF24: 30527.692 | AG24: 210023.29 | AH24: 2452.3654 | AI24: 72521.385 | AJ24: 23795.654 | AK24: 6944.75 | AL24: 188467.04 | AM24: 59971.962 | AN24: 144776.17 | AO24: 18204.038 | AP24: 601.07692 | AQ24: 44122.962 | AR24: 115062.27 | AS24: 336.69231 | AT24: 2421.4615 | AU24: 4526.2692 | AV24: 64537.327 | AW24: 20004.5 | AX24: 78392.962 | AY24: 343.13462 | AZ24: 151.09615 | BA24: 572.34615 | BB24: 144.23077 | BC24: 31.846154 | BD24: 0 | BE24: 6.4230769 | BF24: 52.980769 | BG24: 186.25 | BH24: 0 | BI24: 0 | BJ24: 85.557692 | BK24: 115.05769 | BL24: 41.538462 | BM24: 0 | BN24: 361.96154 | BO24: 0 | BP24: 209.75 | BQ24: 0 | BR24: 325.17308 | BS24: 278.23077 | BT24: 97.903846 | BU24: 28.673077 | BV24: 0 | BW24: 7181.6538 | BX24: 2349.3077 | BY24: 5600.1346 | BZ24: 784.19231 | CA24: 2711.5192 | CB24: 864.80769 | CC24: 6878.5962 | CD24: 147.07692 | CE24: 3393.1731 | CF24: 1283.1731 | CG24: 338.17308 | CH24: 1755.3846 | CI24: 933.32692 | CJ24: 2754.4038 | CK24: 1970.3846 | CL24: 13.653846 | CM24: 918.38462 | CN24: 951.82692 | CO24: 225.26923 | CP24: 0 | CQ24: 1210.0192 | CR24: 2781.5192 | CS24: 1491.0192 | CT24: 1635.3654 | CU24: 122.03846 | CV24: 173.01923 | CW24: 0 | CX24: 0 | CY24: 112.69231 | CZ24: 0 | DA24: 50.846154 | DB24: 0 | DC24: 0 | DD24: 71.769231 | DE24: 17.211538 | DF24: 0 | DG24: 0 | DH24: 0 | DI24: 20.096154 | DJ24: 380.51923 | DK24: 17.692308 | DL24: 28.557692 | DM24: 0 | DN24: 297.67308 | DO24: 0 | DP24: 78.173077 | DQ24: 178.53846 | DR24: 0 | DS24: 16334.058 | DT24: 699.63462 | DU24: 5638.4231 | DV24: 176.17308 | DW24: 304.36538 | DX24: 4532.75 | DY24: 936.61538 | DZ24: 203.38462 | EA24: 4361.3654 | EB24: 175.98077 | EC24: 142.26923 | ED24: 15787.308 | EE24: 1008.3077 | EF24: 782.71154 | EG24: 990.57692 | EH24: 642.69231 | EI24: 760.19231 | EJ24: 247.09615 | EK24: 78.673077 | EL24: 0 | EM24: 2416.8269 | EN24: 649.44231 | EO24: 403.80769 | EP24: 3070.8462 | EQ24: 116.69231 | ER24: 360.30769 | ES24: 394.31731 | ET24: 42.394231 | EU24: 6.25 | EV24: 38.451923 | EW24: 262.41346 | EX24: 119.33654 | EY24: 93.067308 | EZ24: 390.34615 | FA24: 67.134615 | FB24: 56.548077 | FC24: 174.19231 | FD24: 132.89423 | FE24: 0 | FF24: 221.81731 | FG24: 262.17308 | FH24: 382.89423 | FI24: 0 | FJ24: 3.1923077 | FK24: 402.34615 | FL24: 748.40385 | FM24: 66.192308 | FN24: 21.134615 | FO24: =IF((Pasted_data!C62-Pasted_data!C$148)<0,0,Pasted_data!C62-Pasted_data!C$148) -> 947198.38 | FP24: =IF((Pasted_data!D62-Pasted_data!D$148)<0,0,Pasted_data!D62-Pasted_data!D$148) -> 635556.42 | FQ24: =IF((Pasted_data!E62-Pasted_data!E$148)<0,0,Pasted_data!E62-Pasted_data!E$148) -> 453711.14 | FR24: =IF((Pasted_data!F62-Pasted_data!F$148)<0,0,Pasted_data!F62-Pasted_data!F$148) -> 269401.73 | FS24: =IF((Pasted_data!G62-Pasted_data!G$148)<0,0,Pasted_data!G62-Pasted_data!G$148) -> 387031.27 | FT24: =IF((Pasted_data!H62-Pasted_data!H$148)<0,0,Pasted_data!H62-Pasted_data!H$148) -> 459258.86 | FU24: =IF((Pasted_data!I62-Pasted_data!I$148)<0,0,Pasted_data!I62-Pasted_data!I$148) -> 680980.98 | FV24: =IF((Pasted_data!J62-Pasted_data!J$148)<0,0,Pasted_data!J62-Pasted_data!J$148) -> 130762.07 | ... JF24: =IF((Pasted_data!CT62-Pasted_data!CT$148)<0,0,Pasted_data!CT62-Pasted_data!CT$148) -> 483870.42 | JG24: 74599.538 | JH24: 685830.42 | JI24: 895671.71 | JJ24: 803660.64 | JK24: 66808.5 | JL24: 450904 | JM24: 158576.53 | JN24: 612473.38 | JO24: 16082.788 | JP24: 18206.01 | JQ24: 54723.135 | JR24: 7247.5962 | JS24: 2951.4615 | JT24: 2486.6731 | JU24: 911218.22 | JV24: 10299.654 | JW24: 11825.433 | JX24: 185763.63 | JY24: 0 | JZ24: 19858.471 | KA24: 8364.75 | KB24: 591326.71 | KC24: 7303.9904 | KD24: 6828.3846
A25: Mother | B25: 425363 | C25: 18750.25 | D25: 2384.2885 | E25: 105556.38 | F25: 7455.9615 | G25: 2696.25 | H25: 2915.4231 | I25: 4101.4231 | J25: 1111.4615 | K25: 84001.596 | L25: 8281.5 | M25: 1927.0577 | N25: 3665.8654 | O25: 9896.7308 | P25: 25152.846 | Q25: 2741.6923 | R25: 7930.9231 | S25: 18301.462 | T25: 10668.231 | U25: 3503.2308 | V25: 6894.4615 | W25: 7407.4808 | X25: 8436.7885 | Y25: 9243.5962 | Z25: 4980.0769 | AA25: 1347.3654 | AB25: 80.961538 | AC25: 9845.6538 | AD25: 3157.7885 | AE25: 0 | AF25: 55.192308 | AG25: 20665.538 | AH25: 0 | AI25: 2539.6346 | AJ25: 4020.6538 | AK25: 0 | AL25: 381.53846 | AM25: 10412.962 | AN25: 47527.423 | AO25: 106.03846 | AP25: 521.57692 | AQ25: 0 | AR25: 20283.019 | AS25: 66.942308 | AT25: 1539.4615 | AU25: 985.51923 | AV25: 234.07692 | AW25: 4096.5 | AX25: 0 | AY25: 1030.3846 | AZ25: 169.59615 | BA25: 9932.0962 | BB25: 354.48077 | BC25: 289.84615 | BD25: 121.28846 | BE25: 3148.1731 | BF25: 145.23077 | BG25: 6599.75 | BH25: 222.40385 | BI25: 598.76923 | BJ25: 134.05769 | BK25: 415.80769 | BL25: 2169.2885 | BM25: 0 | BN25: 655.46154 | BO25: 574.23077 | BP25: 493.75 | BQ25: 68.230769 | BR25: 407.92308 | BS25: 1483.9808 | BT25: 344.15385 | BU25: 651.17308 | BV25: 121 | BW25: 809.40385 | BX25: 299.55769 | BY25: 15618.885 | BZ25: 2903.9423 | CA25: 2595.0192 | CB25: 11.807692 | CC25: 242.34615 | CD25: 697.57692 | CE25: 13179.423 | CF25: 2502.4231 | CG25: 105.92308 | CH25: 367.88462 | CI25: 4206.8269 | CJ25: 8264.9038 | CK25: 203.13462 | CL25: 116.40385 | CM25: 1128.1346 | CN25: 4647.8269 | CO25: 223.76923 | CP25: 171.17308 | CQ25: 962.51923 | CR25: 314.76923 | CS25: 3477.7692 | CT25: 2075.8654 | CU25: 44.038462 | CV25: 2668.7692 | CW25: 1376.2692 | CX25: 483.59615 | CY25: 445.19231 | CZ25: 0 | DA25: 2212.5962 | DB25: 0 | DC25: 412.23077 | DD25: 279.51923 | DE25: 28.211538 | DF25: 134.34615 | DG25: 1188.1346 | DH25: 4157.5962 | DI25: 350.84615 | DJ25: 5.5192308 | DK25: 155.19231 | DL25: 140.80769 | DM25: 0 | DN25: 126.92308 | DO25: 97.442308 | DP25: 2392.6731 | DQ25: 540.78846 | DR25: 204.25 | DS25: 5673.8077 | DT25: 1018.8846 | DU25: 16986.423 | DV25: 1892.1731 | DW25: 1320.1154 | DX25: 2234.5 | DY25: 4044.3654 | DZ25: 346.88462 | EA25: 18776.615 | EB25: 2339.9808 | EC25: 323.76923 | ED25: 9382.3077 | EE25: 3547.5577 | EF25: 31689.462 | EG25: 1287.8269 | EH25: 693.94231 | EI25: 476.19231 | EJ25: 31840.346 | EK25: 368.92308 | EL25: 269.65385 | EM25: 2288.0769 | EN25: 1911.9423 | EO25: 1965.5577 | EP25: 1949.0962 | EQ25: 310.44231 | ER25: 59.057692 | ES25: 210.06731 | ET25: 0 | EU25: 69 | EV25: 0 | EW25: 11.913462 | EX25: 3.8365385 | EY25: 0 | EZ25: 436.59615 | FA25: 0 | FB25: 0 | FC25: 118.19231 | FD25: 216.64423 | FE25: 504.03846 | FF25: 46.317308 | FG25: 42.923077 | FH25: 0 | FI25: 596.22115 | FJ25: 0 | FK25: 53.846154 | FL25: 287.40385 | FM25: 22.692308 | FN25: 19.134615 | FO25: =IF((Pasted_data!C63-Pasted_data!C$148)<0,0,Pasted_data!C63-Pasted_data!C$148) -> 419033.38 | FP25: =IF((Pasted_data!D63-Pasted_data!D$148)<0,0,Pasted_data!D63-Pasted_data!D$148) -> 194475.17 | FQ25: =IF((Pasted_data!E63-Pasted_data!E$148)<0,0,Pasted_data!E63-Pasted_data!E$148) -> 17523.894 | FR25: =IF((Pasted_data!F63-Pasted_data!F$148)<0,0,Pasted_data!F63-Pasted_data!F$148) -> 352322.23 | FS25: =IF((Pasted_data!G63-Pasted_data!G$148)<0,0,Pasted_data!G63-Pasted_data!G$148) -> 565761.27 | FT25: =IF((Pasted_data!H63-Pasted_data!H$148)<0,0,Pasted_data!H63-Pasted_data!H$148) -> 177052.36 | FU25: =IF((Pasted_data!I63-Pasted_data!I$148)<0,0,Pasted_data!I63-Pasted_data!I$148) -> 452397.48 | FV25: =IF((Pasted_data!J63-Pasted_data!J$148)<0,0,Pasted_data!J63-Pasted_data!J$148) -> 201943.82 | ... JF25: =IF((Pasted_data!CT63-Pasted_data!CT$148)<0,0,Pasted_data!CT63-Pasted_data!CT$148) -> 250403.17 | JG25: 682765.54 | JH25: 978262.92 | JI25: 560974.46 | JJ25: 732523.39 | JK25: 21856.25 | JL25: 79444.75 | JM25: 104864.78 | JN25: 301730.13 | JO25: 706218.79 | JP25: 875149.51 | JQ25: 11595.385 | JR25: 7127.0962 | JS25: 10001.462 | JT25: 15767.423 | JU25: 244091.97 | JV25: 906400.9 | JW25: 394640.43 | JX25: 37824.635 | JY25: 0 | JZ25: 50049.971 | KA25: 8281.75 | KB25: 896794.21 | KC25: 28136.49 | KD25: 30826.385
A26: Mother | B26: 431636 | C26: 50889.83 | D26: 18628.216 | E26: 95628.136 | F26: 8718.4432 | G26: 15882.83 | H26: 92634.409 | I26: 31707.898 | J26: 1952.4432 | K26: 41432.102 | L26: 26100.602 | M26: 27043.466 | N26: 69131.295 | O26: 15421.83 | P26: 65760.705 | Q26: 8746.6932 | R26: 2726.25 | S26: 13597.693 | T26: 27427.193 | U26: 8579.0568 | V26: 2797.7159 | W26: 247323 | X26: 20323 | Y26: 32039.75 | Z26: 10815.614 | AA26: 1223269.2 | AB26: 1751780.7 | AC26: 1601520.2 | AD26: 950618.7 | AE26: 1630210 | AF26: 688957.11 | AG26: 2142883.6 | AH26: 42417.8 | AI26: 1289289.6 | AJ26: 1704097 | AK26: 7955.1125 | AL26: 941174.24 | AM26: 1301821 | AN26: 2565238.1 | AO26: 842702.53 | AP26: 5222.4625 | AQ26: 250764.92 | AR26: 1921011.5 | AS26: 34774.213 | AT26: 357336.94 | AU26: 1334396.7 | AV26: 1537633.7 | AW26: 1966808.3 | AX26: 1526499.8 | AY26: 875.7 | AZ26: 588.3125 | BA26: 6928.7125 | BB26: 320.9125 | BC26: 759.175 | BD26: 233.95 | BE26: 833.525 | BF26: 158.8125 | BG26: 2528.3 | BH26: 956.85 | BI26: 0 | BJ26: 143.2625 | BK26: 351.9875 | BL26: 2526.3 | BM26: 0 | BN26: 0 | BO26: 184.775 | BP26: 1185.55 | BQ26: 0 | BR26: 32.8875 | BS26: 6067.1375 | BT26: 592.1625 | BU26: 875.35 | BV26: 277.2875 | BW26: 6680.4091 | BX26: 27569.818 | BY26: 34873.33 | BZ26: 5905.5227 | CA26: 17804.602 | CB26: 5128.5682 | CC26: 24224.023 | CD26: 1381.6591 | CE26: 9673.2614 | CF26: 5377.9318 | CG26: 596.11364 | CH26: 5975.8977 | CI26: 8791.4432 | CJ26: 14839.58 | CK26: 13484.443 | CL26: 124.42045 | CM26: 988.14773 | CN26: 6676.0909 | CO26: 214.54545 | CP26: 289.96591 | CQ26: 260302.2 | CR26: 21589.216 | CS26: 6481.8977 | CT26: 6052.5568 | CU26: 922.85 | CV26: 4149.35 | CW26: 9666.2125 | CX26: 653.4125 | CY26: 1575.6 | CZ26: 569.275 | DA26: 3899.975 | DB26: 47.9625 | DC26: 2062.9125 | DD26: 1108.675 | DE26: 435.9 | DF26: 495.2875 | DG26: 1106.1 | DH26: 2745.1625 | DI26: 597.475 | DJ26: 0 | DK26: 181.85 | DL26: 1939.9125 | DM26: 209.55 | DN26: 126.5 | DO26: 1108.475 | DP26: 4752.55 | DQ26: 1379.375 | DR26: 563.6125 | DS26: 25378.17 | DT26: 13324.523 | DU26: 45633.625 | DV26: 67394.159 | DW26: 103031.83 | DX26: 11254.034 | DY26: 14963.705 | DZ26: 2879.1591 | EA26: 116300.66 | EB26: 129480.09 | EC26: 1879.625 | ED26: 18051.466 | EE26: 87596.42 | EF26: 188821.34 | EG26: 12027.068 | EH26: 951.81818 | EI26: 1882.2045 | EJ26: 158260.4 | EK26: 2152.3977 | EL26: 2662.3182 | EM26: 77855.136 | EN26: 21650.045 | EO26: 148401.14 | EP26: 77344.864 | EQ26: 667.44231 | ER26: 274.30769 | ES26: 1399.8173 | ET26: 359.89423 | EU26: 890 | EV26: 239.95192 | EW26: 247.66346 | EX26: 255.33654 | EY26: 60.317308 | EZ26: 1883.8462 | FA26: 1206.1346 | FB26: 141.79808 | FC26: 191.19231 | FD26: 616.64423 | FE26: 2827.2885 | FF26: 83.317308 | FG26: 238.17308 | FH26: 0 | FI26: 2077.7212 | FJ26: 245.69231 | FK26: 129.84615 | FL26: 124.65385 | FM26: 387.19231 | FN26: 1258.8846 | FO26: =IF((Pasted_data!C52-Pasted_data!C$148)<0,0,Pasted_data!C52-Pasted_data!C$148) -> 727521.12 | FP26: =IF((Pasted_data!D52-Pasted_data!D$148)<0,0,Pasted_data!D52-Pasted_data!D$148) -> 1125552.2 | FQ26: =IF((Pasted_data!E52-Pasted_data!E$148)<0,0,Pasted_data!E52-Pasted_data!E$148) -> 101225.64 | FR26: =IF((Pasted_data!F52-Pasted_data!F$148)<0,0,Pasted_data!F52-Pasted_data!F$148) -> 916319.73 | FS26: =IF((Pasted_data!G52-Pasted_data!G$148)<0,0,Pasted_data!G52-Pasted_data!G$148) -> 1108304.3 | FT26: =IF((Pasted_data!H52-Pasted_data!H$148)<0,0,Pasted_data!H52-Pasted_data!H$148) -> 734555.86 | FU26: =IF((Pasted_data!I52-Pasted_data!I$148)<0,0,Pasted_data!I52-Pasted_data!I$148) -> 900652.98 | FV26: =IF((Pasted_data!J52-Pasted_data!J$148)<0,0,Pasted_data!J52-Pasted_data!J$148) -> 336811.32 | ... JF26: =IF((Pasted_data!CT52-Pasted_data!CT$148)<0,0,Pasted_data!CT52-Pasted_data!CT$148) -> 596612.92 | JG26: 792421.54 | JH26: 958784.92 | JI26: 846643.71 | JJ26: 880285.39 | JK26: 688735.75 | JL26: 898321.25 | JM26: 926338.28 | JN26: 752679.13 | JO26: 914283.79 | JP26: 916842.26 | JQ26: 607477.13 | JR26: 12560.346 | JS26: 11460.712 | JT26: 8536.4231 | JU26: 864346.97 | JV26: 937411.15 | JW26: 626343.43 | JX26: 884754.63 | JY26: 419457.66 | JZ26: 21419.221 | KA26: 14551 | KB26: 892339.96 | KC26: 20305.24 | KD26: 821014.88
A27: Mother | B27: 446437 | C27: 47165.83 | D27: 3993.4659 | E27: 65389.136 | F27: 3344.1932 | G27: 1722.5795 | H27: 1944.6591 | I27: 7185.6477 | J27: 1213.6932 | K27: 8398.6023 | L27: 4489.3523 | M27: 3243.4659 | N27: 2859.2955 | O27: 4887.0795 | P27: 10054.455 | Q27: 4230.4432 | R27: 4401 | S27: 12858.443 | T27: 4111.6932 | U27: 2023.0568 | V27: 1908.9659 | W27: 128088 | X27: 6168.25 | Y27: 4938 | Z27: 1595.1136 | AA27: 542544.66 | AB27: 705384.19 | AC27: 548625.5 | AD27: 220233.2 | AE27: 328149.53 | AF27: 299574.61 | AG27: 644630.31 | AH27: 51878.3 | AI27: 853403.05 | AJ27: 323803.46 | AK27: 198228.11 | AL27: 409887.74 | AM27: 400602.99 | AN27: 951837.64 | AO27: 573715.03 | AP27: 561.7125 | AQ27: 67055.425 | AR27: 738808.46 | AS27: 2935.7125 | AT27: 40412.438 | AU27: 4396497.7 | AV27: 486844.46 | AW27: 404809.78 | AX27: 502755.05 | AY27: 1133.7 | AZ27: 1363.0625 | BA27: 7485.4625 | BB27: 181.9125 | BC27: 98.175 | BD27: 62.45 | BE27: 1131.525 | BF27: 218.8125 | BG27: 2786.3 | BH27: 175.85 | BI27: 0 | BJ27: 189.5125 | BK27: 226.2375 | BL27: 1270.05 | BM27: 25.5375 | BN27: 407.325 | BO27: 428.025 | BP27: 199.55 | BQ27: 0 | BR27: 171.8875 | BS27: 3044.6375 | BT27: 1050.9125 | BU27: 222.6 | BV27: 246.5375 | BW27: 1816.9091 | BX27: 602.81818 | BY27: 5614.8295 | BZ27: 604.77273 | CA27: 2048.1023 | CB27: 439.31818 | CC27: 745.02273 | CD27: 292.15909 | CE27: 1316.7614 | CF27: 1126.9318 | CG27: 177.11364 | CH27: 286.14773 | CI27: 1188.4432 | CJ27: 2361.5795 | CK27: 1018.4432 | CL27: 174.42045 | CM27: 419.89773 | CN27: 1461.0909 | CO27: 173.79545 | CP27: 91.715909 | CQ27: 3881.4545 | CR27: 548.71591 | CS27: 1630.1477 | CT27: 233.05682 | CU27: 5.1 | CV27: 0 | CW27: 0 | CX27: 0 | CY27: 45.1 | CZ27: 393.775 | DA27: 120.475 | DB27: 4.2125 | DC27: 0 | DD27: 52.675 | DE27: 0 | DF27: 0 | DG27: 148.85 | DH27: 78.1625 | DI27: 0 | DJ27: 211.5625 | DK27: 102.6 | DL27: 0 | DM27: 0 | DN27: 0 | DO27: 0 | DP27: 100.05 | DQ27: 221.875 | DR27: 0 | DS27: 3288.4205 | DT27: 4343.0227 | DU27: 20193.875 | DV27: 1718.9091 | DW27: 2436.0795 | DX27: 1320.5341 | DY27: 3873.9545 | DZ27: 722.65909 | EA27: 9188.9091 | EB27: 1532.3409 | EC27: 1113.125 | ED27: 1875.2159 | EE27: 2295.6705 | EF27: 5121.3409 | EG27: 2481.8182 | EH27: 1223.0682 | EI27: 3421.2045 | EJ27: 3643.8977 | EK27: 261.39773 | EL27: 230.06818 | EM27: 45473.386 | EN27: 5402.7955 | EO27: 1986.1364 | EP27: 3803.3636 | EQ27: 35.692308 | ER27: 132.30769 | ES27: 280.06731 | ET27: 0 | EU27: 122.75 | EV27: 192.45192 | EW27: 0 | EX27: 178.83654 | EY27: 84.567308 | EZ27: 52.846154 | FA27: 32.634615 | FB27: 111.29808 | FC27: 103.94231 | FD27: 95.894231 | FE27: 114.78846 | FF27: 197.06731 | FG27: 0 | FH27: 10.394231 | FI27: 84.471154 | FJ27: 22.192308 | FK27: 0 | FL27: 196.40385 | FM27: 63.692308 | FN27: 19.884615 | FO27: =IF((Pasted_data!C14-Pasted_data!C$148)<0,0,Pasted_data!C14-Pasted_data!C$148) -> 722890.12 | FP27: =IF((Pasted_data!D14-Pasted_data!D$148)<0,0,Pasted_data!D14-Pasted_data!D$148) -> 935357.92 | FQ27: =IF((Pasted_data!E14-Pasted_data!E$148)<0,0,Pasted_data!E14-Pasted_data!E$148) -> 451459.39 | FR27: =IF((Pasted_data!F14-Pasted_data!F$148)<0,0,Pasted_data!F14-Pasted_data!F$148) -> 628949.98 | FS27: =IF((Pasted_data!G14-Pasted_data!G$148)<0,0,Pasted_data!G14-Pasted_data!G$148) -> 893236.27 | FT27: =IF((Pasted_data!H14-Pasted_data!H$148)<0,0,Pasted_data!H14-Pasted_data!H$148) -> 516852.61 | FU27: =IF((Pasted_data!I14-Pasted_data!I$148)<0,0,Pasted_data!I14-Pasted_data!I$148) -> 1014020 | FV27: =IF((Pasted_data!J14-Pasted_data!J$148)<0,0,Pasted_data!J14-Pasted_data!J$148) -> 518704.32 | ... JF27: =IF((Pasted_data!CT14-Pasted_data!CT$148)<0,0,Pasted_data!CT14-Pasted_data!CT$148) -> 920297.92 | JG27: 756880.04 | JH27: 1001337.9 | JI27: 782139.96 | JJ27: 894600.14 | JK27: 631381.5 | JL27: 934179 | JM27: 936433.53 | JN27: 966966.63 | JO27: 721879.29 | JP27: 849531.01 | JQ27: 156057.13 | JR27: 616821.1 | JS27: 75171.212 | JT27: 50887.423 | JU27: 595875.22 | JV27: 821852.65 | JW27: 471414.43 | JX27: 897816.63 | JY27: 244504.16 | JZ27: 615723.47 | KA27: 32537.5 | KB27: 944935.21 | KC27: 42635.24 | KD27: 738977.13
A28: Mother | B28: 448908 | C28: 16568.83 | D28: 3399.4659 | E28: 31885.886 | F28: 12193.943 | G28: 4110.0795 | H28: 1810.6591 | I28: 4066.8977 | J28: 1603.4432 | K28: 12715.852 | L28: 16330.102 | M28: 2040.7159 | N28: 1748.0455 | O28: 16927.58 | P28: 21295.705 | Q28: 2978.4432 | R28: 2250.75 | S28: 24981.693 | T28: 11480.693 | U28: 2034.3068 | V28: 2048.7159 | W28: 13658.25 | X28: 2815.75 | Y28: 17751.75 | Z28: 1862.8636 | AA28: 1312494.4 | AB28: 1111928.2 | AC28: 2107960.8 | AD28: 486992.95 | AE28: 1039880 | AF28: 617130.36 | AG28: 1340696.1 | AH28: 26689.05 | AI28: 1040121.6 | AJ28: 864289.71 | AK28: 20595.112 | AL28: 939626.74 | AM28: 782550.49 | AN28: 1801467.1 | AO28: 996393.78 | AP28: 935.4625 | AQ28: 44603.425 | AR28: 1020790.7 | AS28: 4587.9625 | AT28: 74106.938 | AU28: 3409791.2 | AV28: 654433.71 | AW28: 1005765.5 | AX28: 1045310.3 | AY28: 5360.2 | AZ28: 990.5625 | BA28: 17430.713 | BB28: 591.6625 | BC28: 401.675 | BD28: 882.7 | BE28: 3085.275 | BF28: 170.3125 | BG28: 15435.8 | BH28: 913.1 | BI28: 0 | BJ28: 1034.7625 | BK28: 1262.2375 | BL28: 6281.8 | BM28: 707.5375 | BN28: 1658.075 | BO28: 316.775 | BP28: 2468.3 | BQ28: 669.6125 | BR28: 548.6375 | BS28: 6464.3875 | BT28: 1291.1625 | BU28: 1234.6 | BV28: 2205.7875 | BW28: 4358.1591 | BX28: 189.81818 | BY28: 5538.8295 | BZ28: 301.52273 | CA28: 1139.1023 | CB28: 1175.3182 | CC28: 897.52273 | CD28: 127.15909 | CE28: 4767.2614 | CF28: 509.93182 | CG28: 581.11364 | CH28: 858.89773 | CI28: 604.94318 | CJ28: 1774.0795 | CK28: 3027.9432 | CL28: 0 | CM28: 209.39773 | CN28: 1170.3409 | CO28: 36.795455 | CP28: 164.46591 | CQ28: 2446.2045 | CR28: 260.21591 | CS28: 796.89773 | CT28: 591.55682 | CU28: 114.35 | CV28: 0 | CW28: 579.4625 | CX28: 0 | CY28: 138.6 | CZ28: 0 | DA28: 177.225 | DB28: 230.9625 | DC28: 277.1625 | DD28: 115.675 | DE28: 0 | DF28: 62.5375 | DG28: 43.1 | DH28: 448.4125 | DI28: 215.475 | DJ28: 594.5625 | DK28: 34.1 | DL28: 311.4125 | DM28: 501.55 | DN28: 0 | DO28: 1079.225 | DP28: 0 | DQ28: 0 | DR28: 346.3625 | DS28: 82419.17 | DT28: 65429.523 | DU28: 176858.12 | DV28: 15183.159 | DW28: 43220.58 | DX28: 34362.034 | DY28: 124679.95 | DZ28: 1180.6591 | EA28: 77439.659 | EB28: 35068.841 | EC28: 4404.125 | ED28: 43886.716 | EE28: 39352.67 | EF28: 155130.34 | EG28: 41854.068 | EH28: 2625.8182 | EI28: 5031.7045 | EJ28: 35866.898 | EK28: 1356.6477 | EL28: 5610.0682 | EM28: 326099.89 | EN28: 57290.795 | EO28: 41784.636 | EP28: 46510.614 | EQ28: 769.94231 | ER28: 282.80769 | ES28: 1268.8173 | ET28: 0 | EU28: 110.5 | EV28: 163.70192 | EW28: 59.663462 | EX28: 265.08654 | EY28: 0 | EZ28: 594.34615 | FA28: 59.634615 | FB28: 238.79808 | FC28: 141.69231 | FD28: 141.14423 | FE28: 1342.7885 | FF28: 231.06731 | FG28: 335.17308 | FH28: 111.39423 | FI28: 346.72115 | FJ28: 190.69231 | FK28: 15.846154 | FL28: 1033.4038 | FM28: 353.19231 | FN28: 187.13462 | FO28: =IF((Pasted_data!C17-Pasted_data!C$148)<0,0,Pasted_data!C17-Pasted_data!C$148) -> 499450.38 | FP28: =IF((Pasted_data!D17-Pasted_data!D$148)<0,0,Pasted_data!D17-Pasted_data!D$148) -> 444758.17 | FQ28: =IF((Pasted_data!E17-Pasted_data!E$148)<0,0,Pasted_data!E17-Pasted_data!E$148) -> 309803.64 | FR28: =IF((Pasted_data!F17-Pasted_data!F$148)<0,0,Pasted_data!F17-Pasted_data!F$148) -> 207890.23 | FS28: =IF((Pasted_data!G17-Pasted_data!G$148)<0,0,Pasted_data!G17-Pasted_data!G$148) -> 546166.02 | FT28: =IF((Pasted_data!H17-Pasted_data!H$148)<0,0,Pasted_data!H17-Pasted_data!H$148) -> 404788.61 | FU28: =IF((Pasted_data!I17-Pasted_data!I$148)<0,0,Pasted_data!I17-Pasted_data!I$148) -> 602916.73 | FV28: =IF((Pasted_data!J17-Pasted_data!J$148)<0,0,Pasted_data!J17-Pasted_data!J$148) -> 19807.817 | ... JF28: =IF((Pasted_data!CT17-Pasted_data!CT$148)<0,0,Pasted_data!CT17-Pasted_data!CT$148) -> 813780.17 | JG28: 605080.29 | JH28: 1002955.2 | JI28: 915307.46 | JJ28: 985700.89 | JK28: 509648.75 | JL28: 801562.75 | JM28: 419465.53 | JN28: 388735.13 | JO28: 885164.79 | JP28: 854390.01 | JQ28: 317047.13 | JR28: 16649.846 | JS28: 8679.9615 | JT28: 4867.4231 | JU28: 721936.47 | JV28: 888872.15 | JW28: 205869.43 | JX28: 349853.63 | JY28: 318787.41 | JZ28: 555458.72 | KA28: 10985.25 | KB28: 919822.46 | KC28: 20821.49 | KD28: 28042.885
A29: Mother | B29: 452807 | C29: 84743.08 | D29: 10818.716 | E29: 201872.14 | F29: 2087.4432 | G29: 12065.08 | H29: 8535.9091 | I29: 16838.148 | J29: 2924.9432 | K29: 50335.102 | L29: 6820.3523 | M29: 2907.4659 | N29: 38189.045 | O29: 3764.5795 | P29: 40974.705 | Q29: 10951.193 | R29: 5007.75 | S29: 78001.943 | T29: 14284.193 | U29: 2377.8068 | V29: 1979.2159 | W29: 44278.75 | X29: 10529.25 | Y29: 13267 | Z29: 4801.3636 | AA29: 1538749.9 | AB29: 692410.69 | AC29: 1063633.8 | AD29: 571381.95 | AE29: 1549262.3 | AF29: 665230.36 | AG29: 900143.56 | AH29: 52979.55 | AI29: 1415455.3 | AJ29: 1015897.7 | AK29: 32961.863 | AL29: 1281003.5 | AM29: 1018558 | AN29: 1987890.6 | AO29: 684516.28 | AP29: 1132.2125 | AQ29: 32627.425 | AR29: 1544048 | AS29: 1866.9625 | AT29: 176715.69 | AU29: 2230772.7 | AV29: 472038.46 | AW29: 1303963.5 | AX29: 637474.8 | AY29: 7368.7 | AZ29: 683.0625 | BA29: 2348.2125 | BB29: 209.4125 | BC29: 710.175 | BD29: 677.45 | BE29: 1088.525 | BF29: 0 | BG29: 2891.8 | BH29: 321.35 | BI29: 128.725 | BJ29: 858.7625 | BK29: 390.4875 | BL29: 1331.3 | BM29: 425.0375 | BN29: 155.075 | BO29: 793.275 | BP29: 1005.55 | BQ29: 14.3625 | BR29: 531.8875 | BS29: 6590.1375 | BT29: 565.6625 | BU29: 683.35 | BV29: 593.2875 | BW29: 6158.6591 | BX29: 9399.8182 | BY29: 11152.08 | BZ29: 909.77273 | CA29: 4281.6023 | CB29: 2131.8182 | CC29: 30445.023 | CD29: 311.40909 | CE29: 4215.2614 | CF29: 1607.1818 | CG29: 321.86364 | CH29: 2349.8977 | CI29: 1567.6932 | CJ29: 3556.8295 | CK29: 5312.4432 | CL29: 0 | CM29: 1021.6477 | CN29: 2156.8409 | CO29: 264.54545 | CP29: 384.46591 | CQ29: 10139.455 | CR29: 11715.716 | CS29: 2129.3977 | CT29: 2077.5568 | CU29: 562.85 | CV29: 0 | CW29: 30.7125 | CX29: 316.4125 | CY29: 324.85 | CZ29: 226.525 | DA29: 273.225 | DB29: 67.9625 | DC29: 110.4125 | DD29: 292.175 | DE29: 0 | DF29: 151.2875 | DG29: 146.85 | DH29: 602.1625 | DI29: 58.725 | DJ29: 268.8125 | DK29: 140.6 | DL29: 283.1625 | DM29: 108.3 | DN29: 0 | DO29: 0 | DP29: 93.3 | DQ29: 172.625 | DR29: 134.6125 | DS29: 17622.17 | DT29: 10010.773 | DU29: 69202.875 | DV29: 5647.4091 | DW29: 19151.58 | DX29: 5903.0341 | DY29: 38259.705 | DZ29: 1765.1591 | EA29: 6131.4091 | EB29: 10556.091 | EC29: 1861.125 | ED29: 7616.2159 | EE29: 7947.9205 | EF29: 14419.341 | EG29: 7630.8182 | EH29: 902.31818 | EI29: 31079.455 | EJ29: 10158.148 | EK29: 642.14773 | EL29: 2304.0682 | EM29: 147638.89 | EN29: 60447.545 | EO29: 12383.386 | EP29: 4896.3636 | EQ29: 324.19231 | ER29: 116.55769 | ES29: 789.06731 | ET29: 131.14423 | EU29: 238 | EV29: 239.95192 | EW29: 227.41346 | EX29: 60.336538 | EY29: 0 | EZ29: 282.34615 | FA29: 110.63462 | FB29: 138.79808 | FC29: 122.44231 | FD29: 148.89423 | FE29: 341.03846 | FF29: 259.81731 | FG29: 131.67308 | FH29: 142.14423 | FI29: 185.72115 | FJ29: 132.19231 | FK29: 220.84615 | FL29: 273.40385 | FM29: 280.69231 | FN29: 199.13462 | FO29: =IF((Pasted_data!C15-Pasted_data!C$148)<0,0,Pasted_data!C15-Pasted_data!C$148) -> 898451.62 | FP29: =IF((Pasted_data!D15-Pasted_data!D$148)<0,0,Pasted_data!D15-Pasted_data!D$148) -> 458295.17 | FQ29: =IF((Pasted_data!E15-Pasted_data!E$148)<0,0,Pasted_data!E15-Pasted_data!E$148) -> 443634.14 | FR29: =IF((Pasted_data!F15-Pasted_data!F$148)<0,0,Pasted_data!F15-Pasted_data!F$148) -> 267565.98 | FS29: =IF((Pasted_data!G15-Pasted_data!G$148)<0,0,Pasted_data!G15-Pasted_data!G$148) -> 800676.77 | FT29: =IF((Pasted_data!H15-Pasted_data!H$148)<0,0,Pasted_data!H15-Pasted_data!H$148) -> 483846.61 | FU29: =IF((Pasted_data!I15-Pasted_data!I$148)<0,0,Pasted_data!I15-Pasted_data!I$148) -> 657832.98 | FV29: =IF((Pasted_data!J15-Pasted_data!J$148)<0,0,Pasted_data!J15-Pasted_data!J$148) -> 133569.32 | ... JF29: =IF((Pasted_data!CT15-Pasted_data!CT$148)<0,0,Pasted_data!CT15-Pasted_data!CT$148) -> 749480.67 | JG29: 802296.04 | JH29: 991698.67 | JI29: 906966.71 | JJ29: 1007793.1 | JK29: 486370.75 | JL29: 840657.25 | JM29: 769205.28 | JN29: 941524.88 | JO29: 956559.54 | JP29: 906596.01 | JQ29: 902649.63 | JR29: 29010.346 | JS29: 9724.2115 | JT29: 22157.673 | JU29: 978186.47 | JV29: 906870.4 | JW29: 492475.18 | JX29: 769852.13 | JY29: 319511.41 | JZ29: 246838.47 | KA29: 16113.25 | KB29: 944155.96 | KC29: 21344.74 | KD29: 672152.63
A30: Mother | B30: 453605 | C30: 4066.75 | D30: 1030.5385 | E30: 31212.885 | F30: 3167.4615 | G30: 831 | H30: 677.17308 | I30: 1038.4231 | J30: 939.96154 | K30: 13940.346 | L30: 5653.75 | M30: 639.05769 | N30: 788.36538 | O30: 4192.2308 | P30: 7642.8462 | Q30: 458.69231 | R30: 2338.4231 | S30: 4916.9615 | T30: 2020.9808 | U30: 1106.2308 | V30: 526.96154 | W30: 3631.4808 | X30: 1048.5385 | Y30: 7339.3462 | Z30: 1353.3269 | AA30: 13229.615 | AB30: 456.46154 | AC30: 21719.654 | AD30: 0 | AE30: 0 | AF30: 97.192308 | AG30: 14213.288 | AH30: 0 | AI30: 0 | AJ30: 0 | AK30: 0 | AL30: 2085.5385 | AM30: 0 | AN30: 0 | AO30: 148.78846 | AP30: 752.82692 | AQ30: 74.461538 | AR30: 0 | AS30: 69.192308 | AT30: 3268.9615 | AU30: 2422.7692 | AV30: 632.07692 | AW30: 0 | AX30: 265.96154 | AY30: 10249.385 | AZ30: 0 | BA30: 5808.0962 | BB30: 38.480769 | BC30: 100.84615 | BD30: 0 | BE30: 838.17308 | BF30: 158.98077 | BG30: 1575.5 | BH30: 111.90385 | BI30: 528.51923 | BJ30: 17.557692 | BK30: 0 | BL30: 173.03846 | BM30: 0 | BN30: 2659.9615 | BO30: 35.730769 | BP30: 0 | BQ30: 102.73077 | BR30: 212.42308 | BS30: 3424.7308 | BT30: 258.90385 | BU30: 128.92308 | BV30: 140 | BW30: 10796.404 | BX30: 1421.3077 | BY30: 7454.6346 | BZ30: 1070.6923 | CA30: 3945.5192 | CB30: 1955.5577 | CC30: 5641.8462 | CD30: 505.82692 | CE30: 5204.1731 | CF30: 1043.4231 | CG30: 1186.6731 | CH30: 3630.6346 | CI30: 1327.8269 | CJ30: 2964.1538 | CK30: 4209.1346 | CL30: 386.65385 | CM30: 120.63462 | CN30: 1520.8269 | CO30: 501.26923 | CP30: 255.17308 | CQ30: 2605.7692 | CR30: 1327.5192 | CS30: 909.51923 | CT30: 4446.1154 | CU30: 91.788462 | CV30: 152.51923 | CW30: 3862.0192 | CX30: 96.346154 | CY30: 220.94231 | CZ30: 0 | DA30: 209.84615 | DB30: 31.057692 | DC30: 958.23077 | DD30: 58.519231 | DE30: 24.711538 | DF30: 92.096154 | DG30: 51.884615 | DH30: 464.34615 | DI30: 123.84615 | DJ30: 0 | DK30: 51.942308 | DL30: 41.057692 | DM30: 0 | DN30: 469.17308 | DO30: 1497.9423 | DP30: 241.17308 | DQ30: 143.03846 | DR30: 0 | DS30: 1972.0577 | DT30: 777.13462 | DU30: 16888.923 | DV30: 284.17308 | DW30: 448.86538 | DX30: 432.75 | DY30: 600.86538 | DZ30: 198.63462 | EA30: 13187.615 | EB30: 541.73077 | EC30: 263.01923 | ED30: 1027.5577 | EE30: 1124.8077 | EF30: 1522.9615 | EG30: 633.57692 | EH30: 428.69231 | EI30: 823.44231 | EJ30: 235.84615 | EK30: 171.67308 | EL30: 0 | EM30: 3353.3269 | EN30: 657.19231 | EO30: 915.30769 | EP30: 908.09615 | EQ30: 63.692308 | ER30: 58.557692 | ES30: 555.06731 | ET30: 0 | EU30: 46 | EV30: 115.45192 | EW30: 47.663462 | EX30: 123.83654 | EY30: 0 | EZ30: 671.34615 | FA30: 58.384615 | FB30: 58.298077 | FC30: 0 | FD30: 0 | FE30: 55.538462 | FF30: 130.81731 | FG30: 129.42308 | FH30: 138.64423 | FI30: 123.22115 | FJ30: 137.94231 | FK30: 341.34615 | FL30: 592.15385 | FM30: 18.942308 | FN30: 46.384615 | FO30: =IF((Pasted_data!C64-Pasted_data!C$148)<0,0,Pasted_data!C64-Pasted_data!C$148) -> 569733.62 | FP30: =IF((Pasted_data!D64-Pasted_data!D$148)<0,0,Pasted_data!D64-Pasted_data!D$148) -> 282770.67 | FQ30: =IF((Pasted_data!E64-Pasted_data!E$148)<0,0,Pasted_data!E64-Pasted_data!E$148) -> 299005.14 | FR30: =IF((Pasted_data!F64-Pasted_data!F$148)<0,0,Pasted_data!F64-Pasted_data!F$148) -> 32154.981 | FS30: =IF((Pasted_data!G64-Pasted_data!G$148)<0,0,Pasted_data!G64-Pasted_data!G$148) -> 221848.02 | FT30: =IF((Pasted_data!H64-Pasted_data!H$148)<0,0,Pasted_data!H64-Pasted_data!H$148) -> 227466.61 | FU30: =IF((Pasted_data!I64-Pasted_data!I$148)<0,0,Pasted_data!I64-Pasted_data!I$148) -> 458218.48 | FV30: =IF((Pasted_data!J64-Pasted_data!J$148)<0,0,Pasted_data!J64-Pasted_data!J$148) -> 4089.3173 | ... JF30: =IF((Pasted_data!CT64-Pasted_data!CT$148)<0,0,Pasted_data!CT64-Pasted_data!CT$148) -> 528602.67 | JG30: 105944.04 | JH30: 709078.67 | JI30: 909818.46 | JJ30: 966205.89 | JK30: 244828 | JL30: 691528.75 | JM30: 658750.78 | JN30: 316530.63 | JO30: 25086.788 | JP30: 61007.26 | JQ30: 40456.385 | JR30: 25814.846 | JS30: 6188.4615 | JT30: 17615.923 | JU30: 748077.47 | JV30: 28853.904 | JW30: 27627.933 | JX30: 629335.38 | JY30: 107768.91 | JZ30: 94913.721 | KA30: 6785.75 | KB30: 720112.96 | KC30: 20585.49 | KD30: 11926.885
A31: Mother | B31: 454207 | C31: 4954 | D31: 2665.2885 | E31: 31499.385 | F31: 16119.962 | G31: 904 | H31: 990.67308 | I31: 6279.4231 | J31: 3951.9615 | K31: 13485.346 | L31: 26504.25 | M31: 1420.5577 | N31: 1494.3654 | O31: 19405.481 | P31: 28811.096 | Q31: 552.19231 | R31: 4456.4231 | S31: 34746.712 | T31: 10158.981 | U31: 892.23077 | V31: 1963.4615 | W31: 5659.7308 | X31: 1877.5385 | Y31: 26450.846 | Z31: 1529.5769 | AA31: 6189.8654 | AB31: 22869.712 | AC31: 5653.6538 | AD31: 0 | AE31: 0 | AF31: 0 | AG31: 88157.538 | AH31: 0 | AI31: 2097.1346 | AJ31: 0 | AK31: 0 | AL31: 0 | AM31: 0 | AN31: 7329.4231 | AO31: 0 | AP31: 260.07692 | AQ31: 37.711538 | AR31: 12026.769 | AS31: 524.94231 | AT31: 3052.4615 | AU31: 1194.2692 | AV31: 12962.577 | AW31: 0 | AX31: 0 | AY31: 7425.3846 | AZ31: 541.59615 | BA31: 14467.596 | BB31: 196.98077 | BC31: 136.84615 | BD31: 0 | BE31: 3936.6731 | BF31: 0 | BG31: 2226.75 | BH31: 212.65385 | BI31: 0 | BJ31: 414.05769 | BK31: 368.30769 | BL31: 749.78846 | BM31: 118.88462 | BN31: 2840.4615 | BO31: 347.23077 | BP31: 293.25 | BQ31: 421.73077 | BR31: 103.92308 | BS31: 2077.7308 | BT31: 655.40385 | BU31: 395.67308 | BV31: 131.75 | BW31: 1298.9038 | BX31: 1901.0577 | BY31: 6114.6346 | BZ31: 535.19231 | CA31: 2524.0192 | CB31: 286.05769 | CC31: 4337.0962 | CD31: 81.326923 | CE31: 2087.1731 | CF31: 538.92308 | CG31: 356.17308 | CH31: 466.88462 | CI31: 877.07692 | CJ31: 2089.9038 | CK31: 777.38462 | CL31: 516.15385 | CM31: 556.88462 | CN31: 978.07692 | CO31: 722.26923 | CP31: 13.673077 | CQ31: 1769.2692 | CR31: 2328.7692 | CS31: 871.51923 | CT31: 1121.3654 | CU31: 3486.7885 | CV31: 1267.0192 | CW31: 13407.269 | CX31: 1466.3462 | CY31: 1653.9423 | CZ31: 250.98077 | DA31: 1191.5962 | DB31: 251.30769 | DC31: 2999.2308 | DD31: 1359.7692 | DE31: 0 | DF31: 115.84615 | DG31: 2456.8846 | DH31: 5496.8462 | DI31: 71.346154 | DJ31: 212.01923 | DK31: 232.44231 | DL31: 1505.0577 | DM31: 181.78846 | DN31: 100.17308 | DO31: 1941.1923 | DP31: 1269.9231 | DQ31: 1573.0385 | DR31: 798.5 | DS31: 12701.308 | DT31: 11829.385 | DU31: 52494.173 | DV31: 1538.6731 | DW31: 2697.8654 | DX31: 4480.25 | DY31: 19873.865 | DZ31: 399.13462 | EA31: 20844.865 | EB31: 1557.7308 | EC31: 1310.0192 | ED31: 15110.558 | EE31: 1907.5577 | EF31: 3981.2115 | EG31: 1100.0769 | EH31: 1910.4423 | EI31: 1315.4423 | EJ31: 2853.0962 | EK31: 334.67308 | EL31: 3435.9038 | EM31: 7234.8269 | EN31: 13905.192 | EO31: 1975.8077 | EP31: 3972.3462 | EQ31: 373.44231 | ER31: 364.05769 | ES31: 1535.5673 | ET31: 109.39423 | EU31: 52 | EV31: 60.201923 | EW31: 46.163462 | EX31: 455.83654 | EY31: 0.067307692 | EZ31: 1017.3462 | FA31: 23.384615 | FB31: 375.29808 | FC31: 228.69231 | FD31: 201.39423 | FE31: 324.03846 | FF31: 136.56731 | FG31: 0 | FH31: 114.39423 | FI31: 102.72115 | FJ31: 0 | FK31: 48.846154 | FL31: 915.15385 | FM31: 356.69231 | FN31: 198.63462 | FO31: =IF((Pasted_data!C65-Pasted_data!C$148)<0,0,Pasted_data!C65-Pasted_data!C$148) -> 547386.62 | FP31: =IF((Pasted_data!D65-Pasted_data!D$148)<0,0,Pasted_data!D65-Pasted_data!D$148) -> 811220.67 | FQ31: =IF((Pasted_data!E65-Pasted_data!E$148)<0,0,Pasted_data!E65-Pasted_data!E$148) -> 304793.89 | FR31: =IF((Pasted_data!F65-Pasted_data!F$148)<0,0,Pasted_data!F65-Pasted_data!F$148) -> 202380.23 | FS31: =IF((Pasted_data!G65-Pasted_data!G$148)<0,0,Pasted_data!G65-Pasted_data!G$148) -> 414221.52 | FT31: =IF((Pasted_data!H65-Pasted_data!H$148)<0,0,Pasted_data!H65-Pasted_data!H$148) -> 58765.356 | FU31: =IF((Pasted_data!I65-Pasted_data!I$148)<0,0,Pasted_data!I65-Pasted_data!I$148) -> 823310.73 | FV31: =IF((Pasted_data!J65-Pasted_data!J$148)<0,0,Pasted_data!J65-Pasted_data!J$148) -> 30193.567 | ... JF31: =IF((Pasted_data!CT65-Pasted_data!CT$148)<0,0,Pasted_data!CT65-Pasted_data!CT$148) -> 261564.67 | JG31: 169954.54 | JH31: 885121.42 | JI31: 764750.46 | JJ31: 738159.89 | JK31: 26774.75 | JL31: 939017 | JM31: 945788.53 | JN31: 835654.13 | JO31: 38930.538 | JP31: 44766.51 | JQ31: 4254.6346 | JR31: 11811.846 | JS31: 6998.2115 | JT31: 21092.923 | JU31: 9197.2212 | JV31: 29754.654 | JW31: 46764.183 | JX31: 889063.13 | JY31: 52855.663 | JZ31: 25149.971 | KA31: 11814.75 | KB31: 897153.46 | KC31: 24183.49 | KD31: 14895.385
A32: Mother | B32: 455985 | C32: 42775.75 | D32: 16483.038 | E32: 97814.385 | F32: 4844.7115 | G32: 17712.25 | H32: 4931.6731 | I32: 21098.423 | J32: 2315.9615 | K32: 68162.346 | L32: 5909.75 | M32: 2567.0577 | N32: 3161.3654 | O32: 3524.2308 | P32: 6762.5962 | Q32: 5247.9423 | R32: 18092.923 | S32: 44483.962 | T32: 6243.2308 | U32: 8724.4808 | V32: 4603.9615 | W32: 31100.981 | X32: 11092.288 | Y32: 5736.0962 | Z32: 8538.5769 | AA32: 28592.865 | AB32: 14138.712 | AC32: 15040.654 | AD32: 0 | AE32: 0 | AF32: 27.692308 | AG32: 90786.288 | AH32: 0 | AI32: 1238.3846 | AJ32: 0 | AK32: 0 | AL32: 24067.538 | AM32: 0 | AN32: 0 | AO32: 111.53846 | AP32: 666.07692 | AQ32: 150.71154 | AR32: 0 | AS32: 83.442308 | AT32: 8459.4615 | AU32: 5390.2692 | AV32: 13434.577 | AW32: 0 | AX32: 214.96154 | AY32: 9837.8846 | AZ32: 1000.3462 | BA32: 12895.096 | BB32: 256.73077 | BC32: 210.34615 | BD32: 0 | BE32: 1838.9231 | BF32: 0 | BG32: 5865.5 | BH32: 382.90385 | BI32: 449.51923 | BJ32: 370.30769 | BK32: 332.30769 | BL32: 849.53846 | BM32: 105.13462 | BN32: 3393.4615 | BO32: 583.48077 | BP32: 374.25 | BQ32: 215.23077 | BR32: 644.17308 | BS32: 3101.7308 | BT32: 1061.1538 | BU32: 440.42308 | BV32: 731.25 | BW32: 5523.9038 | BX32: 23714.308 | BY32: 65685.385 | BZ32: 2003.1923 | CA32: 2756.5192 | CB32: 1358.0577 | CC32: 37684.596 | CD32: 382.57692 | CE32: 6048.4231 | CF32: 1030.1731 | CG32: 108.92308 | CH32: 1770.8846 | CI32: 2048.0769 | CJ32: 2401.4038 | CK32: 3136.6346 | CL32: 92.903846 | CM32: 512.38462 | CN32: 1972.3269 | CO32: 151.26923 | CP32: 1281.9231 | CQ32: 4385.0192 | CR32: 17876.269 | CS32: 1917.2692 | CT32: 1517.3654 | CU32: 324.78846 | CV32: 212.76923 | CW32: 1640.7692 | CX32: 461.84615 | CY32: 325.19231 | CZ32: 233.98077 | DA32: 92.596154 | DB32: 76.807692 | DC32: 711.23077 | DD32: 248.76923 | DE32: 280.21154 | DF32: 171.84615 | DG32: 928.38462 | DH32: 4505.5962 | DI32: 80.346154 | DJ32: 762.76923 | DK32: 66.942308 | DL32: 165.30769 | DM32: 374.28846 | DN32: 0 | DO32: 305.44231 | DP32: 334.67308 | DQ32: 562.03846 | DR32: 111.5 | DS32: 8860.5577 | DT32: 9316.3846 | DU32: 16109.173 | DV32: 853.17308 | DW32: 372.11538 | DX32: 1940.25 | DY32: 18604.615 | DZ32: 153.88462 | EA32: 8124.3654 | EB32: 275.48077 | EC32: 1872.2692 | ED32: 2560.8077 | EE32: 616.80769 | EF32: 736.71154 | EG32: 1501.0769 | EH32: 1162.1923 | EI32: 1146.6923 | EJ32: 416.09615 | EK32: 926.17308 | EL32: 349.40385 | EM32: 5780.8269 | EN32: 28558.192 | EO32: 512.55769 | EP32: 3070.3462 | EQ32: 165.44231 | ER32: 70.557692 | ES32: 262.81731 | ET32: 0 | EU32: 0 | EV32: 0 | EW32: 0 | EX32: 87.836538 | EY32: 0 | EZ32: 347.09615 | FA32: 30.634615 | FB32: 45.298077 | FC32: 59.442308 | FD32: 0 | FE32: 49.788462 | FF32: 0 | FG32: 0 | FH32: 0 | FI32: 60.221154 | FJ32: 243.69231 | FK32: 0 | FL32: 0 | FM32: 310.69231 | FN32: 37.634615 | FO32: =IF((Pasted_data!C66-Pasted_data!C$148)<0,0,Pasted_data!C66-Pasted_data!C$148) -> 904206.88 | FP32: =IF((Pasted_data!D66-Pasted_data!D$148)<0,0,Pasted_data!D66-Pasted_data!D$148) -> 804320.92 | FQ32: =IF((Pasted_data!E66-Pasted_data!E$148)<0,0,Pasted_data!E66-Pasted_data!E$148) -> 473775.39 | FR32: =IF((Pasted_data!F66-Pasted_data!F$148)<0,0,Pasted_data!F66-Pasted_data!F$148) -> 152185.23 | FS32: =IF((Pasted_data!G66-Pasted_data!G$148)<0,0,Pasted_data!G66-Pasted_data!G$148) -> 319460.77 | FT32: =IF((Pasted_data!H66-Pasted_data!H$148)<0,0,Pasted_data!H66-Pasted_data!H$148) -> 204240.61 | FU32: =IF((Pasted_data!I66-Pasted_data!I$148)<0,0,Pasted_data!I66-Pasted_data!I$148) -> 865352.23 | FV32: =IF((Pasted_data!J66-Pasted_data!J$148)<0,0,Pasted_data!J66-Pasted_data!J$148) -> 9138.0673 | ... JF32: =IF((Pasted_data!CT66-Pasted_data!CT$148)<0,0,Pasted_data!CT66-Pasted_data!CT$148) -> 587686.42 | JG32: 61480.538 | JH32: 765974.42 | JI32: 861004.46 | JJ32: 886983.64 | JK32: 17915 | JL32: 855047 | JM32: 908244.78 | JN32: 219203.88 | JO32: 18112.788 | JP32: 594714.26 | JQ32: 12410.885 | JR32: 8829.3462 | JS32: 5107.9615 | JT32: 9709.9231 | JU32: 861099.47 | JV32: 509097.65 | JW32: 20291.683 | JX32: 839321.13 | JY32: 0 | JZ32: 35457.471 | KA32: 8150.75 | KB32: 225224.71 | KC32: 11928.24 | KD32: 13632.885
A33: Mother | B33: 456067 | C33: 32672.58 | D33: 6962.7159 | E33: 93986.636 | F33: 1587.1932 | G33: 2467.5795 | H33: 2418.9091 | I33: 8067.3977 | J33: 2267.9432 | K33: 24043.602 | L33: 2735.1023 | M33: 2547.9659 | N33: 3727.2955 | O33: 2488.3295 | P33: 5021.4545 | Q33: 6218.4432 | R33: 8103 | S33: 18225.443 | T33: 3518.6932 | U33: 6318.8068 | V33: 4899.2159 | W33: 16484 | X33: 6243 | Y33: 3374 | Z33: 2371.1136 | AA33: 11928.413 | AB33: 23814.188 | AC33: 23505 | AD33: 4006.7 | AE33: 16763.525 | AF33: 1125.3625 | AG33: 28214.312 | AH33: 208.55 | AI33: 4676.8 | AJ33: 9924.2125 | AK33: 0 | AL33: 24626.487 | AM33: 14663.737 | AN33: 35146.637 | AO33: 5538.775 | AP33: 131.9625 | AQ33: 104.175 | AR33: 19945.963 | AS33: 171.4625 | AT33: 1672.9375 | AU33: 54185.162 | AV33: 24798.713 | AW33: 11427.025 | AX33: 4307.55 | AY33: 1668.95 | AZ33: 1361.0625 | BA33: 4468.7125 | BB33: 1159.4125 | BC33: 1212.925 | BD33: 1157.2 | BE33: 568.275 | BF33: 708.3125 | BG33: 3677.3 | BH33: 530.35 | BI33: 1291.225 | BJ33: 728.0125 | BK33: 1009.9875 | BL33: 1724.3 | BM33: 753.2875 | BN33: 731.575 | BO33: 938.025 | BP33: 1544.3 | BQ33: 541.8625 | BR33: 822.1375 | BS33: 917.6375 | BT33: 1157.9125 | BU33: 1297.1 | BV33: 1101.0375 | BW33: 10758.409 | BX33: 2112.3182 | BY33: 28486.58 | BZ33: 105.77273 | CA33: 670.10227 | CB33: 125.81818 | CC33: 27662.523 | CD33: 198.90909 | CE33: 1296.2614 | CF33: 236.18182 | CG33: 562.36364 | CH33: 269.64773 | CI33: 321.69318 | CJ33: 1474.3295 | CK33: 461.94318 | CL33: 95.420455 | CM33: 3101.8977 | CN33: 476.34091 | CO33: 22.545455 | CP33: 93.965909 | CQ33: 8697.2045 | CR33: 20245.466 | CS33: 479.89773 | CT33: 87.306818 | CU33: 47.35 | CV33: 92.35 | CW33: 370.2125 | CX33: 40.4125 | CY33: 216.85 | CZ33: 23.525 | DA33: 200.475 | DB33: 98.2125 | DC33: 370.9125 | DD33: 44.175 | DE33: 56.65 | DF33: 94.2875 | DG33: 228.1 | DH33: 469.6625 | DI33: 214.475 | DJ33: 83.8125 | DK33: 16.6 | DL33: 0 | DM33: 0 | DN33: 0 | DO33: 123.225 | DP33: 209.8 | DQ33: 266.375 | DR33: 0 | DS33: 199244.67 | DT33: 14238.773 | DU33: 111956.38 | DV33: 25397.409 | DW33: 45327.08 | DX33: 69461.784 | DY33: 14906.455 | DZ33: 1807.4091 | EA33: 188525.16 | EB33: 39922.091 | EC33: 1179.625 | ED33: 123375.47 | EE33: 41653.42 | EF33: 88764.841 | EG33: 42100.818 | EH33: 512.56818 | EI33: 1132.7045 | EJ33: 79945.898 | EK33: 753.39773 | EL33: 993.81818 | EM33: 120991.14 | EN33: 15359.045 | EO33: 47533.636 | EP33: 64168.864 | EQ33: 2161.6923 | ER33: 8.5576923 | ES33: 592.81731 | ET33: 238.39423 | EU33: 78 | EV33: 193.45192 | EW33: 204.66346 | EX33: 68.336538 | EY33: 0 | EZ33: 1649.0962 | FA33: 275.63462 | FB33: 83.298077 | FC33: 332.69231 | FD33: 0 | FE33: 320.03846 | FF33: 315.31731 | FG33: 71.423077 | FH33: 113.64423 | FI33: 151.22115 | FJ33: 63.692308 | FK33: 0 | FL33: 557.15385 | FM33: 174.69231 | FN33: 0 | FO33: =IF((Pasted_data!C18-Pasted_data!C$148)<0,0,Pasted_data!C18-Pasted_data!C$148) -> 643220.62 | FP33: =IF((Pasted_data!D18-Pasted_data!D$148)<0,0,Pasted_data!D18-Pasted_data!D$148) -> 748995.67 | FQ33: =IF((Pasted_data!E18-Pasted_data!E$148)<0,0,Pasted_data!E18-Pasted_data!E$148) -> 445434.64 | FR33: =IF((Pasted_data!F18-Pasted_data!F$148)<0,0,Pasted_data!F18-Pasted_data!F$148) -> 356437.48 | FS33: =IF((Pasted_data!G18-Pasted_data!G$148)<0,0,Pasted_data!G18-Pasted_data!G$148) -> 635172.27 | FT33: =IF((Pasted_data!H18-Pasted_data!H$148)<0,0,Pasted_data!H18-Pasted_data!H$148) -> 324920.61 | FU33: =IF((Pasted_data!I18-Pasted_data!I$148)<0,0,Pasted_data!I18-Pasted_data!I$148) -> 772230.98 | FV33: =IF((Pasted_data!J18-Pasted_data!J$148)<0,0,Pasted_data!J18-Pasted_data!J$148) -> 263666.07 | ... JF33: =IF((Pasted_data!CT18-Pasted_data!CT$148)<0,0,Pasted_data!CT18-Pasted_data!CT$148) -> 485051.42 | JG33: 667305.54 | JH33: 964701.17 | JI33: 729059.46 | JJ33: 887141.64 | JK33: 256623 | JL33: 891139.5 | JM33: 957940.53 | JN33: 82364.135 | JO33: 805575.04 | JP33: 805157.51 | JQ33: 73127.635 | JR33: 20852.596 | JS33: 24626.962 | JT33: 21661.923 | JU33: 894878.47 | JV33: 823203.9 | JW33: 348030.43 | JX33: 881294.38 | JY33: 0 | JZ33: 110886.97 | KA33: 27501.75 | KB33: 859136.71 | KC33: 59734.24 | KD33: 46454.885
A34: Mother | B34: 461077 | C34: 6771.5795 | D34: 928.71591 | E34: 70169.886 | F34: 4107.4432 | G34: 678.32955 | H34: 884.90909 | I34: 1160.1477 | J34: 971.44318 | K34: 7420.6023 | L34: 5935.8523 | M34: 1254.7159 | N34: 525.04545 | O34: 7382.3295 | P34: 10132.955 | Q34: 2014.1932 | R34: 1091.5 | S34: 2815.1932 | T34: 2621.4432 | U34: 1604.8068 | V34: 1161.4659 | W34: 4896.75 | X34: 910 | Y34: 6124 | Z34: 731.36364 | AA34: 596560.66 | AB34: 152520.69 | AC34: 724392 | AD34: 79232.2 | AE34: 161938.52 | AF34: 257027.11 | AG34: 175285.31 | AH34: 2723.05 | AI34: 190166.05 | AJ34: 104806.21 | AK34: 12875.862 | AL34: 512334.24 | AM34: 147461.74 | AN34: 439385.64 | AO34: 239511.02 | AP34: 651.4625 | AQ34: 62473.175 | AR34: 290065.71 | AS34: 1241.2125 | AT34: 1962.9375 | AU34: 1947817.2 | AV34: 140065.96 | AW34: 111126.27 | AX34: 243989.8 | AY34: 34910.45 | AZ34: 241.3125 | BA34: 13747.712 | BB34: 0 | BC34: 163.425 | BD34: 2148.95 | BE34: 760.525 | BF34: 114.3125 | BG34: 13404.05 | BH34: 215.85 | BI34: 3642.475 | BJ34: 2376.5125 | BK34: 223.9875 | BL34: 795.3 | BM34: 617.0375 | BN34: 173.325 | BO34: 1157.025 | BP34: 218.8 | BQ34: 345.6125 | BR34: 0 | BS34: 6387.1375 | BT34: 446.1625 | BU34: 246.1 | BV34: 3657.7875 | BW34: 1371.1591 | BX34: 2470.3182 | BY34: 21707.08 | BZ34: 589.27273 | CA34: 195.60227 | CB34: 308.06818 | CC34: 10371.023 | CD34: 76.909091 | CE34: 3297.7614 | CF34: 538.68182 | CG34: 234.86364 | CH34: 387.39773 | CI34: 681.69318 | CJ34: 1057.8295 | CK34: 1255.6932 | CL34: 31.670455 | CM34: 791.39773 | CN34: 637.09091 | CO34: 0 | CP34: 73.965909 | CQ34: 4616.7045 | CR34: 3109.9659 | CS34: 726.39773 | CT34: 531.05682 | CU34: 97.6 | CV34: 2207.85 | CW34: 6863.7125 | CX34: 53.6625 | CY34: 354.1 | CZ34: 167.025 | DA34: 1594.475 | DB34: 0 | DC34: 705.4125 | DD34: 119.925 | DE34: 0 | DF34: 17.7875 | DG34: 186.35 | DH34: 986.9125 | DI34: 74.475 | DJ34: 457.0625 | DK34: 28.85 | DL34: 237.1625 | DM34: 13.05 | DN34: 0 | DO34: 1156.975 | DP34: 2717.05 | DQ34: 92.875 | DR34: 24.6125 | DS34: 34708.42 | DT34: 3560.5227 | DU34: 40912.875 | DV34: 2080.6591 | DW34: 1168.0795 | DX34: 11079.534 | DY34: 4304.9545 | DZ34: 491.40909 | EA34: 32729.159 | EB34: 3257.5909 | EC34: 1724.875 | ED34: 19634.966 | EE34: 2743.6705 | EF34: 6643.3409 | EG34: 9401.0682 | EH34: 1653.3182 | EI34: 7621.2045 | EJ34: 4402.6477 | EK34: 324.39773 | EL34: 818.31818 | EM34: 366557.39 | EN34: 3672.2955 | EO34: 3819.1364 | EP34: 7055.1136 | EQ34: 183.94231 | ER34: 176.80769 | ES34: 791.56731 | ET34: 0 | EU34: 23 | EV34: 114.20192 | EW34: 50.913462 | EX34: 0 | EY34: 55.567308 | EZ34: 601.59615 | FA34: 0 | FB34: 57.548077 | FC34: 99.942308 | FD34: 170.39423 | FE34: 81.538462 | FF34: 42.817308 | FG34: 260.92308 | FH34: 173.39423 | FI34: 0 | FJ34: 11.692308 | FK34: 210.34615 | FL34: 1209.6538 | FM34: 192.69231 | FN34: 138.38462 | FO34: =IF((Pasted_data!C19-Pasted_data!C$148)<0,0,Pasted_data!C19-Pasted_data!C$148) -> 556612.62 | FP34: =IF((Pasted_data!D19-Pasted_data!D$148)<0,0,Pasted_data!D19-Pasted_data!D$148) -> 169817.17 | FQ34: =IF((Pasted_data!E19-Pasted_data!E$148)<0,0,Pasted_data!E19-Pasted_data!E$148) -> 181993.64 | FR34: =IF((Pasted_data!F19-Pasted_data!F$148)<0,0,Pasted_data!F19-Pasted_data!F$148) -> 0 | FS34: =IF((Pasted_data!G19-Pasted_data!G$148)<0,0,Pasted_data!G19-Pasted_data!G$148) -> 87561.019 | FT34: =IF((Pasted_data!H19-Pasted_data!H$148)<0,0,Pasted_data!H19-Pasted_data!H$148) -> 201629.61 | FU34: =IF((Pasted_data!I19-Pasted_data!I$148)<0,0,Pasted_data!I19-Pasted_data!I$148) -> 241697.48 | FV34: =IF((Pasted_data!J19-Pasted_data!J$148)<0,0,Pasted_data!J19-Pasted_data!J$148) -> 0 | ... JF34: =IF((Pasted_data!CT19-Pasted_data!CT$148)<0,0,Pasted_data!CT19-Pasted_data!CT$148) -> 172268.92 | JG34: 73307.288 | JH34: 625365.42 | JI34: 789415.46 | JJ34: 820829.39 | JK34: 100705.75 | JL34: 181170.25 | JM34: 126360.03 | JN34: 29862.885 | JO34: 46276.788 | JP34: 107311.51 | JQ34: 71327.135 | JR34: 17979.096 | JS34: 8169.2115 | JT34: 98824.923 | JU34: 580733.97 | JV34: 44995.154 | JW34: 65284.683 | JX34: 95861.385 | JY34: 0 | JZ34: 133674.97 | KA34: 60222.75 | KB34: 411084.21 | KC34: 124092.49 | KD34: 63636.885
A35: Mother | B35: 465186 | C35: 60543.58 | D35: 14769.966 | E35: 416179.14 | F35: 75361.693 | G35: 1644.3295 | H35: 11734.409 | I35: 53129.398 | J35: 6563.1932 | K35: 46038.852 | L35: 94400.102 | M35: 2012.2159 | N35: 30098.295 | O35: 102263.08 | P35: 123078.7 | Q35: 16116.193 | R35: 6713 | S35: 13221.193 | T35: 49124.193 | U35: 2683.8068 | V35: 3631.7159 | W35: 48668.5 | X35: 36815.25 | Y35: 92300 | Z35: 21887.864 | AA35: 33218.662 | AB35: 15610.688 | AC35: 47306.75 | AD35: 1392.95 | AE35: 5006.275 | AF35: 12146.612 | AG35: 18489.062 | AH35: 106.8 | AI35: 32099.05 | AJ35: 1969.4625 | AK35: 348.6125 | AL35: 28387.987 | AM35: 4088.2375 | AN35: 16447.888 | AO35: 30191.025 | AP35: 116.2125 | AQ35: 261.425 | AR35: 11175.462 | AS35: 28.9625 | AT35: 18307.438 | AU35: 31861.162 | AV35: 12388.212 | AW35: 2734.025 | AX35: 24243.8 | AY35: 2942.7 | AZ35: 409.0625 | BA35: 11905.212 | BB35: 312.1625 | BC35: 0 | BD35: 507.7 | BE35: 927.775 | BF35: 0 | BG35: 2551.8 | BH35: 122.85 | BI35: 0 | BJ35: 351.0125 | BK35: 319.9875 | BL35: 986.3 | BM35: 334.5375 | BN35: 1200.575 | BO35: 542.025 | BP35: 775.3 | BQ35: 0 | BR35: 0 | BS35: 1232.3875 | BT35: 753.9125 | BU35: 154.1 | BV35: 617.0375 | BW35: 18741.659 | BX35: 9953.3182 | BY35: 24874.33 | BZ35: 1369.2727 | CA35: 2950.3523 | CB35: 5361.3182 | CC35: 16324.273 | CD35: 128.40909 | CE35: 15149.011 | CF35: 1735.6818 | CG35: 46.363636 | CH35: 8937.3977 | CI35: 2403.4432 | CJ35: 6162.5795 | CK35: 6653.1932 | CL35: 123.92045 | CM35: 351.39773 | CN35: 2722.3409 | CO35: 51.045455 | CP35: 18323.716 | CQ35: 1490.7045 | CR35: 6975.7159 | CS35: 2647.8977 | CT35: 12271.807 | CU35: 280.35 | CV35: 290.35 | CW35: 1344.2125 | CX35: 1106.1625 | CY35: 161.85 | CZ35: 177.525 | DA35: 352.975 | DB35: 0 | DC35: 455.6625 | DD35: 628.175 | DE35: 532.9 | DF35: 268.5375 | DG35: 1720.85 | DH35: 5957.1625 | DI35: 277.475 | DJ35: 426.3125 | DK35: 0 | DL35: 8982.9125 | DM35: 31.55 | DN35: 131.75 | DO35: 0 | DP35: 248.55 | DQ35: 649.375 | DR35: 0 | DS35: 8424.6705 | DT35: 20245.523 | DU35: 42943.625 | DV35: 2861.9091 | DW35: 527.32955 | DX35: 3380.0341 | DY35: 12592.955 | DZ35: 144.15909 | EA35: 7018.1591 | EB35: 2925.0909 | EC35: 884.875 | ED35: 5225.7159 | EE35: 3054.6705 | EF35: 4801.5909 | EG35: 5192.0682 | EH35: 526.31818 | EI35: 2202.7045 | EJ35: 4334.8977 | EK35: 560.64773 | EL35: 1347.5682 | EM35: 59169.636 | EN35: 19405.045 | EO35: 3171.1364 | EP35: 3981.6136 | EQ35: 324.94231 | ER35: 257.30769 | ES35: 217.06731 | ET35: 84.394231 | EU35: 124.75 | EV35: 141.45192 | EW35: 320.91346 | EX35: 199.33654 | EY35: 0 | EZ35: 40.846154 | FA35: 0 | FB35: 0 | FC35: 137.69231 | FD35: 14.394231 | FE35: 0 | FF35: 0 | FG35: 64.173077 | FH35: 113.39423 | FI35: 12.721154 | FJ35: 507.69231 | FK35: 87.346154 | FL35: 76.403846 | FM35: 204.69231 | FN35: 10.884615 | FO35: =IF((Pasted_data!C20-Pasted_data!C$148)<0,0,Pasted_data!C20-Pasted_data!C$148) -> 1087338.1 | FP35: =IF((Pasted_data!D20-Pasted_data!D$148)<0,0,Pasted_data!D20-Pasted_data!D$148) -> 754836.17 | FQ35: =IF((Pasted_data!E20-Pasted_data!E$148)<0,0,Pasted_data!E20-Pasted_data!E$148) -> 541504.14 | FR35: =IF((Pasted_data!F20-Pasted_data!F$148)<0,0,Pasted_data!F20-Pasted_data!F$148) -> 208812.23 | FS35: =IF((Pasted_data!G20-Pasted_data!G$148)<0,0,Pasted_data!G20-Pasted_data!G$148) -> 342507.02 | FT35: =IF((Pasted_data!H20-Pasted_data!H$148)<0,0,Pasted_data!H20-Pasted_data!H$148) -> 632140.11 | FU35: =IF((Pasted_data!I20-Pasted_data!I$148)<0,0,Pasted_data!I20-Pasted_data!I$148) -> 829255.98 | FV35: =IF((Pasted_data!J20-Pasted_data!J$148)<0,0,Pasted_data!J20-Pasted_data!J$148) -> 34557.567 | ... JF35: =IF((Pasted_data!CT20-Pasted_data!CT$148)<0,0,Pasted_data!CT20-Pasted_data!CT$148) -> 1078548.7 | JG35: 195757.54 | JH35: 819355.42 | JI35: 864449.46 | JJ35: 889936.14 | JK35: 703780.75 | JL35: 812172 | JM35: 893442.53 | JN35: 799188.63 | JO35: 95093.788 | JP35: 293022.51 | JQ35: 729877.63 | JR35: 21249.096 | JS35: 9792.7115 | JT35: 27018.673 | JU35: 931672.22 | JV35: 222352.65 | JW35: 68924.183 | JX35: 769088.38 | JY35: 434511.66 | JZ35: 33611.721 | KA35: 12620.75 | KB35: 729633.46 | KC35: 11895.74 | KD35: 851992.13
A36: Mother | B36: 466420 | C36: 13063.33 | D36: 2183.9659 | E36: 41763.886 | F36: 1974.6932 | G36: 1385.3295 | H36: 1157.9091 | I36: 4432.1477 | J36: 1017.1932 | K36: 8180.6023 | L36: 3361.1023 | M36: 1460.4659 | N36: 1723.5455 | O36: 3316.3295 | P36: 5317.7045 | Q36: 3446.9432 | R36: 2678.5 | S36: 9797.1932 | T36: 1745.9432 | U36: 1080.3068 | V36: 2384.9659 | W36: 6692.25 | X36: 2563.75 | Y36: 4261.25 | Z36: 1014.3636 | AA36: 706.9125 | AB36: 13995.688 | AC36: 10186.25 | AD36: 0 | AE36: 7022.275 | AF36: 118.6125 | AG36: 15998.062 | AH36: 0 | AI36: 6779.8 | AJ36: 0 | AK36: 259.1125 | AL36: 30302.737 | AM36: 0 | AN36: 3659.1375 | AO36: 536.025 | AP36: 303.4625 | AQ36: 361.425 | AR36: 455.2125 | AS36: 147.7125 | AT36: 2509.9375 | AU36: 39357.162 | AV36: 1029.7125 | AW36: 0 | AX36: 986.55 | AY36: 4466.2 | AZ36: 665.8125 | BA36: 44445.963 | BB36: 333.4125 | BC36: 529.925 | BD36: 605.2 | BE36: 1272.525 | BF36: 0 | BG36: 16098.55 | BH36: 727.1 | BI36: 365.225 | BJ36: 364.0125 | BK36: 266.2375 | BL36: 954.05 | BM36: 277.5375 | BN36: 1067.825 | BO36: 778.275 | BP36: 548.55 | BQ36: 222.3625 | BR36: 519.8875 | BS36: 3086.8875 | BT36: 896.1625 | BU36: 531.6 | BV36: 475.5375 | BW36: 3016.9091 | BX36: 2199.5682 | BY36: 23726.58 | BZ36: 901.27273 | CA36: 3576.8523 | CB36: 720.56818 | CC36: 2513.2727 | CD36: 261.15909 | CE36: 6367.2614 | CF36: 919.68182 | CG36: 411.86364 | CH36: 984.39773 | CI36: 1495.4432 | CJ36: 2504.5795 | CK36: 4957.1932 | CL36: 7.1704545 | CM36: 2064.1477 | CN36: 1405.8409 | CO36: 397.54545 | CP36: 381.46591 | CQ36: 2996.2045 | CR36: 2250.4659 | CS36: 1331.8977 | CT36: 771.05682 | CU36: 129.1 | CV36: 0 | CW36: 1262.2125 | CX36: 0 | CY36: 164.1 | CZ36: 186.025 | DA36: 140.475 | DB36: 16.7125 | DC36: 445.6625 | DD36: 0 | DE36: 137.9 | DF36: 0 | DG36: 42.85 | DH36: 3.9125 | DI36: 0 | DJ36: 357.0625 | DK36: 95.6 | DL36: 0 | DM36: 0 | DN36: 0 | DO36: 1724.725 | DP36: 122.8 | DQ36: 148.875 | DR36: 187.8625 | DS36: 15979.42 | DT36: 3845.7727 | DU36: 28599.875 | DV36: 7606.4091 | DW36: 34826.33 | DX36: 5312.5341 | DY36: 7027.4545 | DZ36: 3001.1591 | EA36: 12203.909 | EB36: 14413.841 | EC36: 2314.125 | ED36: 6431.9659 | EE36: 11921.67 | EF36: 38933.841 | EG36: 13271.818 | EH36: 882.06818 | EI36: 2732.2045 | EJ36: 15185.148 | EK36: 330.89773 | EL36: 3505.8182 | EM36: 46484.886 | EN36: 2680.0455 | EO36: 17530.636 | EP36: 4522.8636 | EQ36: 410.69231 | ER36: 94.557692 | ES36: 520.31731 | ET36: 105.39423 | EU36: 154.5 | EV36: 0 | EW36: 78.663462 | EX36: 69.336538 | EY36: 0 | EZ36: 371.34615 | FA36: 0 | FB36: 105.04808 | FC36: 109.69231 | FD36: 59.894231 | FE36: 154.03846 | FF36: 191.81731 | FG36: 252.42308 | FH36: 0 | FI36: 68.721154 | FJ36: 122.19231 | FK36: 10.346154 | FL36: 212.15385 | FM36: 33.442308 | FN36: 183.63462 | FO36: =IF((Pasted_data!C16-Pasted_data!C$148)<0,0,Pasted_data!C16-Pasted_data!C$148) -> 669296.62 | FP36: =IF((Pasted_data!D16-Pasted_data!D$148)<0,0,Pasted_data!D16-Pasted_data!D$148) -> 588571.17 | FQ36: =IF((Pasted_data!E16-Pasted_data!E$148)<0,0,Pasted_data!E16-Pasted_data!E$148) -> 550577.39 | FR36: =IF((Pasted_data!F16-Pasted_data!F$148)<0,0,Pasted_data!F16-Pasted_data!F$148) -> 142972.48 | FS36: =IF((Pasted_data!G16-Pasted_data!G$148)<0,0,Pasted_data!G16-Pasted_data!G$148) -> 870870.27 | FT36: =IF((Pasted_data!H16-Pasted_data!H$148)<0,0,Pasted_data!H16-Pasted_data!H$148) -> 330736.61 | FU36: =IF((Pasted_data!I16-Pasted_data!I$148)<0,0,Pasted_data!I16-Pasted_data!I$148) -> 983630.48 | FV36: =IF((Pasted_data!J16-Pasted_data!J$148)<0,0,Pasted_data!J16-Pasted_data!J$148) -> 87772.067 | ... JF36: =IF((Pasted_data!CT16-Pasted_data!CT$148)<0,0,Pasted_data!CT16-Pasted_data!CT$148) -> 423998.42 | JG36: 16704.538 | JH36: 158372.42 | JI36: 300127.96 | JJ36: 516450.89 | JK36: 13363.5 | JL36: 564440.5 | JM36: 141430.53 | JN36: 350401.13 | JO36: 294841.29 | JP36: 45242.51 | JQ36: 4342.3846 | JR36: 5832.8462 | JS36: 4933.7115 | JT36: 6480.4231 | JU36: 979279.97 | JV36: 28060.404 | JW36: 15593.933 | JX36: 159000.63 | JY36: 66040.663 | JZ36: 310954.47 | KA36: 22154.75 | KB36: 120740.96 | KC36: 13466.49 | KD36: 36630.885
A37: Mother | B37: 474738 | C37: 21344.58 | D37: 4853.9659 | E37: 102265.14 | F37: 68830.443 | G37: 1451.3295 | H37: 2013.9091 | I37: 5627.8977 | J37: 3275.6932 | K37: 10673.352 | L37: 101735.1 | M37: 2351.9659 | N37: 2307.0455 | O37: 121581.33 | P37: 140158.95 | Q37: 4415.4432 | R37: 6515.5 | S37: 10132.443 | T37: 34279.693 | U37: 2891.8068 | V37: 2218.7159 | W37: 14831.25 | X37: 5849 | Y37: 113062 | Z37: 2187.8636 | AA37: 1553731.9 | AB37: 1253201.2 | AC37: 693042 | AD37: 261837.7 | AE37: 367211.53 | AF37: 353481.36 | AG37: 1531746.6 | AH37: 11293.55 | AI37: 1268243.1 | AJ37: 231851.46 | AK37: 25637.112 | AL37: 692585.99 | AM37: 396360.24 | AN37: 1161173.1 | AO37: 493366.53 | AP37: 1433.2125 | AQ37: 120377.93 | AR37: 814915.46 | AS37: 3174.4625 | AT37: 21216.438 | AU37: 2105288.2 | AV37: 1218092.7 | AW37: 272326.03 | AX37: 931824.3 | AY37: 5492.45 | AZ37: 744.8125 | BA37: 15632.962 | BB37: 602.1625 | BC37: 313.425 | BD37: 623.2 | BE37: 1006.775 | BF37: 236.0625 | BG37: 2553.3 | BH37: 784.35 | BI37: 0 | BJ37: 257.7625 | BK37: 715.2375 | BL37: 2376.55 | BM37: 287.2875 | BN37: 865.575 | BO37: 568.525 | BP37: 1499.8 | BQ37: 140.3625 | BR37: 0 | BS37: 2757.8875 | BT37: 727.9125 | BU37: 1110.1 | BV37: 594.7875 | BW37: 9361.4091 | BX37: 1344.8182 | BY37: 3840.3295 | BZ37: 1106.7727 | CA37: 4848.6023 | CB37: 7785.8182 | CC37: 2833.0227 | CD37: 471.65909 | CE37: 10050.011 | CF37: 1886.1818 | CG37: 112.36364 | CH37: 7978.3977 | CI37: 1906.6932 | CJ37: 4883.5795 | CK37: 9151.6932 | CL37: 49.420455 | CM37: 197.39773 | CN37: 2444.3409 | CO37: 63.795455 | CP37: 78.465909 | CQ37: 8067.2045 | CR37: 985.21591 | CS37: 2426.1477 | CT37: 8557.5568 | CU37: 237.85 | CV37: 210.1 | CW37: 1925.2125 | CX37: 135.1625 | CY37: 212.35 | CZ37: 147.275 | DA37: 328.475 | DB37: 0 | DC37: 1083.1625 | DD37: 127.925 | DE37: 196.65 | DF37: 208.2875 | DG37: 133.6 | DH37: 582.6625 | DI37: 175.225 | DJ37: 92.5625 | DK37: 138.1 | DL37: 480.9125 | DM37: 162.05 | DN37: 0 | DO37: 86.975 | DP37: 238.8 | DQ37: 130.625 | DR37: 0 | DS37: 30935.92 | DT37: 38518.023 | DU37: 53777.125 | DV37: 5538.1591 | DW37: 10568.83 | DX37: 6252.2841 | DY37: 50039.205 | DZ37: 965.90909 | EA37: 104995.16 | EB37: 10020.091 | EC37: 2492.125 | ED37: 14223.466 | EE37: 8618.9205 | EF37: 20152.341 | EG37: 14976.568 | EH37: 642.06818 | EI37: 2496.7045 | EJ37: 12916.148 | EK37: 1632.6477 | EL37: 1457.0682 | EM37: 791257.14 | EN37: 41797.545 | EO37: 11351.886 | EP37: 31861.614 | EQ37: 363.94231 | ER37: 150.30769 | ES37: 1013.5673 | ET37: 52.894231 | EU37: 0 | EV37: 306.95192 | EW37: 156.41346 | EX37: 474.83654 | EY37: 144.31731 | EZ37: 1943.5962 | FA37: 166.63462 | FB37: 51.298077 | FC37: 92.692308 | FD37: 213.89423 | FE37: 742.78846 | FF37: 397.31731 | FG37: 289.92308 | FH37: 76.894231 | FI37: 370.72115 | FJ37: 212.94231 | FK37: 0 | FL37: 1070.4038 | FM37: 373.69231 | FN37: 298.13462 | FO37: =IF((Pasted_data!C21-Pasted_data!C$148)<0,0,Pasted_data!C21-Pasted_data!C$148) -> 845721.12 | FP37: =IF((Pasted_data!D21-Pasted_data!D$148)<0,0,Pasted_data!D21-Pasted_data!D$148) -> 716808.92 | FQ37: =IF((Pasted_data!E21-Pasted_data!E$148)<0,0,Pasted_data!E21-Pasted_data!E$148) -> 73224.144 | FR37: =IF((Pasted_data!F21-Pasted_data!F$148)<0,0,Pasted_data!F21-Pasted_data!F$148) -> 166881.73 | FS37: =IF((Pasted_data!G21-Pasted_data!G$148)<0,0,Pasted_data!G21-Pasted_data!G$148) -> 323187.02 | FT37: =IF((Pasted_data!H21-Pasted_data!H$148)<0,0,Pasted_data!H21-Pasted_data!H$148) -> 297398.61 | FU37: =IF((Pasted_data!I21-Pasted_data!I$148)<0,0,Pasted_data!I21-Pasted_data!I$148) -> 879847.98 | FV37: =IF((Pasted_data!J21-Pasted_data!J$148)<0,0,Pasted_data!J21-Pasted_data!J$148) -> 4142.0673 | ... JF37: =IF((Pasted_data!CT21-Pasted_data!CT$148)<0,0,Pasted_data!CT21-Pasted_data!CT$148) -> 685980.92 | JG37: 422010.04 | JH37: 942228.92 | JI37: 914738.71 | JJ37: 716004.89 | JK37: 600012.75 | JL37: 931397.5 | JM37: 996142.53 | JN37: 775299.88 | JO37: 368379.29 | JP37: 452903.26 | JQ37: 312411.63 | JR37: 20987.096 | JS37: 8137.7115 | JT37: 29666.423 | JU37: 836835.72 | JV37: 400056.15 | JW37: 187041.68 | JX37: 957914.88 | JY37: 0 | JZ37: 36630.471 | KA37: 16333.75 | KB37: 874499.71 | KC37: 29474.24 | KD37: 20838.885
A38: Mother | B38: 480137 | C38: 5674 | D38: 3032.2885 | E38: 28346.385 | F38: 4414.4615 | G38: 3564 | H38: 1762.9231 | I38: 4080.4231 | J38: 1547.7115 | K38: 32499.596 | L38: 7189.5 | M38: 1988.0577 | N38: 1233.6154 | O38: 5459.9808 | P38: 8929.0962 | Q38: 1846.9423 | R38: 4810.9231 | S38: 13966.462 | T38: 5523.2308 | U38: 4105.7308 | V38: 2825.9615 | W38: 5684.7308 | X38: 3607.5385 | Y38: 8759.5962 | Z38: 3095.8269 | AA38: 861273.12 | AB38: 449072.21 | AC38: 1032381.4 | AD38: 286632.79 | AE38: 606926.48 | AF38: 263908.19 | AG38: 1145104 | AH38: 23199.615 | AI38: 641763.88 | AJ38: 407659.9 | AK38: 12754 | AL38: 618507.04 | AM38: 473794.71 | AN38: 1344798.9 | AO38: 310770.04 | AP38: 1652.5769 | AQ38: 176374.21 | AR38: 622592.27 | AS38: 9543.1923 | AT38: 130449.21 | AU38: 12750.269 | AV38: 481745.08 | AW38: 461626.75 | AX38: 356305.21 | AY38: 2527.3846 | AZ38: 745.34615 | BA38: 5565.3462 | BB38: 440.48077 | BC38: 1113.0962 | BD38: 218.03846 | BE38: 1087.1731 | BF38: 38.730769 | BG38: 3737.25 | BH38: 1380.6538 | BI38: 56.019231 | BJ38: 703.80769 | BK38: 968.55769 | BL38: 7939.0385 | BM38: 372.88462 | BN38: 1186.7115 | BO38: 1136.9808 | BP38: 2279.5 | BQ38: 163.98077 | BR38: 207.67308 | BS38: 140815.23 | BT38: 811.15385 | BU38: 1263.9231 | BV38: 718.75 | BW38: 2260.6538 | BX38: 679.55769 | BY38: 6791.3846 | BZ38: 766.94231 | CA38: 1952.0192 | CB38: 339.05769 | CC38: 1154.3462 | CD38: 55.326923 | CE38: 5392.1731 | CF38: 1106.4231 | CG38: 325.42308 | CH38: 438.88462 | CI38: 1259.3269 | CJ38: 3322.4038 | CK38: 845.63462 | CL38: 209.65385 | CM38: 636.13462 | CN38: 2609.8269 | CO38: 305.76923 | CP38: 498.67308 | CQ38: 1196.0192 | CR38: 714.26923 | CS38: 1527.2692 | CT38: 546.11538 | CU38: 4186.2885 | CV38: 674.01923 | CW38: 2787.7692 | CX38: 162.34615 | CY38: 643.44231 | CZ38: 0 | DA38: 410.09615 | DB38: 0 | DC38: 1518.7308 | DD38: 431.51923 | DE38: 0 | DF38: 69.346154 | DG38: 315.63462 | DH38: 1642.3462 | DI38: 119.84615 | DJ38: 160.01923 | DK38: 211.44231 | DL38: 839.05769 | DM38: 0 | DN38: 234.42308 | DO38: 1367.9423 | DP38: 638.92308 | DQ38: 555.53846 | DR38: 414.5 | DS38: 4625.3077 | DT38: 1911.1346 | DU38: 12372.423 | DV38: 21835.673 | DW38: 23691.115 | DX38: 1126 | DY38: 2438.3654 | DZ38: 343.13462 | EA38: 10762.115 | EB38: 44988.481 | EC38: 1202.5192 | ED38: 4541.0577 | EE38: 29657.308 | EF38: 84284.962 | EG38: 5445.5769 | EH38: 498.19231 | EI38: 2297.1923 | EJ38: 88447.596 | EK38: 1016.6731 | EL38: 477.90385 | EM38: 4392.5769 | EN38: 1415.4423 | EO38: 54858.808 | EP38: 1430.8462 | EQ38: 228.69231 | ER38: 119.05769 | ES38: 695.06731 | ET38: 1004.8942 | EU38: 3478 | EV38: 95.701923 | EW38: 333.41346 | EX38: 176.33654 | EY38: 30.317308 | EZ38: 1011.3462 | FA38: 7796.1346 | FB38: 0 | FC38: 332.94231 | FD38: 1773.3942 | FE38: 11257.288 | FF38: 602.06731 | FG38: 102.42308 | FH38: 0 | FI38: 13666.221 | FJ38: 6.1923077 | FK38: 95.596154 | FL38: 115.90385 | FM38: 185.69231 | FN38: 7946.6346 | FO38: =IF((Pasted_data!C67-Pasted_data!C$148)<0,0,Pasted_data!C67-Pasted_data!C$148) -> 691666.62 | FP38: =IF((Pasted_data!D67-Pasted_data!D$148)<0,0,Pasted_data!D67-Pasted_data!D$148) -> 910576.17 | FQ38: =IF((Pasted_data!E67-Pasted_data!E$148)<0,0,Pasted_data!E67-Pasted_data!E$148) -> 288445.89 | FR38: =IF((Pasted_data!F67-Pasted_data!F$148)<0,0,Pasted_data!F67-Pasted_data!F$148) -> 445149.23 | FS38: =IF((Pasted_data!G67-Pasted_data!G$148)<0,0,Pasted_data!G67-Pasted_data!G$148) -> 829383.77 | FT38: =IF((Pasted_data!H67-Pasted_data!H$148)<0,0,Pasted_data!H67-Pasted_data!H$148) -> 637330.11 | FU38: =IF((Pasted_data!I67-Pasted_data!I$148)<0,0,Pasted_data!I67-Pasted_data!I$148) -> 1371652 | FV38: =IF((Pasted_data!J67-Pasted_data!J$148)<0,0,Pasted_data!J67-Pasted_data!J$148) -> 115271.07 | ... JF38: =IF((Pasted_data!CT67-Pasted_data!CT$148)<0,0,Pasted_data!CT67-Pasted_data!CT$148) -> 962677.67 | JG38: 468914.29 | JH38: 917125.42 | JI38: 865422.46 | JJ38: 858370.14 | JK38: 338530.75 | JL38: 609410.25 | JM38: 607885.53 | JN38: 754403.63 | JO38: 841892.29 | JP38: 752510.76 | JQ38: 283168.88 | JR38: 9468.0962 | JS38: 5088.2115 | JT38: 7548.9231 | JU38: 836000.47 | JV38: 727197.65 | JW38: 112154.18 | JX38: 524809.63 | JY38: 155350.91 | JZ38: 15463.971 | KA38: 14090.75 | KB38: 789219.71 | KC38: 13258.24 | KD38: 55259.385
A39: Mother | B39: 484520 | C39: 18518.58 | D39: 3499.4659 | E39: 69262.636 | F39: 13449.443 | G39: 1788.5795 | H39: 2351.1591 | I39: 3075.3977 | J39: 1729.6932 | K39: 22920.602 | L39: 20174.102 | M39: 2374.9659 | N39: 3258.0455 | O39: 25838.58 | P39: 39829.705 | Q39: 8316.4432 | R39: 1995 | S39: 11127.943 | T39: 6813.4432 | U39: 2204.8068 | V39: 2747.2159 | W39: 14107.25 | X39: 3179 | Y39: 22587.5 | Z39: 2997.8636 | AA39: 18625.162 | AB39: 3034.9375 | AC39: 1134.25 | AD39: 1563.95 | AE39: 10453.525 | AF39: 0 | AG39: 966.0625 | AH39: 548.05 | AI39: 11470.3 | AJ39: 2325.4625 | AK39: 0 | AL39: 3903.9875 | AM39: 2774.2375 | AN39: 10350.388 | AO39: 1053.275 | AP39: 70.4625 | AQ39: 184.925 | AR39: 4024.4625 | AS39: 0 | AT39: 0 | AU39: 130632.41 | AV39: 55.7125 | AW39: 3338.525 | AX39: 2842.3 | AY39: 5761.45 | AZ39: 1220.8125 | BA39: 24542.213 | BB39: 107.1625 | BC39: 219.925 | BD39: 415.45 | BE39: 986.025 | BF39: 139.8125 | BG39: 5220.8 | BH39: 318.1 | BI39: 80.225 | BJ39: 360.5125 | BK39: 381.7375 | BL39: 658.8 | BM39: 148.5375 | BN39: 1308.325 | BO39: 541.775 | BP39: 0 | BQ39: 145.3625 | BR39: 548.6375 | BS39: 2393.3875 | BT39: 1071.9125 | BU39: 551.85 | BV39: 80.0375 | BW39: 2887.6591 | BX39: 8249.8182 | BY39: 9254.5795 | BZ39: 616.77273 | CA39: 1098.1023 | CB39: 867.06818 | CC39: 15541.523 | CD39: 240.40909 | CE39: 2564.5114 | CF39: 706.68182 | CG39: 211.36364 | CH39: 839.64773 | CI39: 1039.6932 | CJ39: 1750.3295 | CK39: 1365.4432 | CL39: 211.92045 | CM39: 623.64773 | CN39: 1106.8409 | CO39: 56.795455 | CP39: 371.46591 | CQ39: 23004.955 | CR39: 9147.9659 | CS39: 961.14773 | CT39: 1010.0568 | CU39: 545.85 | CV39: 2798.35 | CW39: 10571.462 | CX39: 208.9125 | CY39: 161.1 | CZ39: 220.275 | DA39: 1763.475 | DB39: 56.4625 | DC39: 2630.4125 | DD39: 193.175 | DE39: 100.9 | DF39: 469.2875 | DG39: 142.1 | DH39: 623.1625 | DI39: 323.975 | DJ39: 309.3125 | DK39: 134.85 | DL39: 157.4125 | DM39: 0 | DN39: 0 | DO39: 0 | DP39: 2048.8 | DQ39: 166.875 | DR39: 276.8625 | DS39: 131806.67 | DT39: 146287.02 | DU39: 68810.625 | DV39: 48661.409 | DW39: 18160.08 | DX39: 52261.534 | DY39: 152703.95 | DZ39: 1264.4091 | EA39: 151683.41 | EB39: 53288.591 | EC39: 4279.375 | ED39: 96429.216 | EE39: 72645.42 | EF39: 144504.84 | EG39: 52175.818 | EH39: 8464.5682 | EI39: 987.45455 | EJ39: 78887.398 | EK39: 580.39773 | EL39: 4860.3182 | EM39: 112601.64 | EN39: 44076.545 | EO39: 65752.886 | EP39: 69072.364 | EQ39: 1489.9423 | ER39: 793.55769 | ES39: 1083.3173 | ET39: 226.89423 | EU39: 193.75 | EV39: 130.45192 | EW39: 305.66346 | EX39: 344.83654 | EY39: 22.067308 | EZ39: 1677.8462 | FA39: 400.38462 | FB39: 247.04808 | FC39: 634.19231 | FD39: 512.39423 | FE39: 2729.5385 | FF39: 14.567308 | FG39: 142.67308 | FH39: 0 | FI39: 901.22115 | FJ39: 15.692308 | FK39: 111.34615 | FL39: 650.40385 | FM39: 114.19231 | FN39: 303.63462 | FO39: =IF((Pasted_data!C22-Pasted_data!C$148)<0,0,Pasted_data!C22-Pasted_data!C$148) -> 726055.12 | FP39: =IF((Pasted_data!D22-Pasted_data!D$148)<0,0,Pasted_data!D22-Pasted_data!D$148) -> 455695.42 | FQ39: =IF((Pasted_data!E22-Pasted_data!E$148)<0,0,Pasted_data!E22-Pasted_data!E$148) -> 78976.644 | FR39: =IF((Pasted_data!F22-Pasted_data!F$148)<0,0,Pasted_data!F22-Pasted_data!F$148) -> 37207.731 | FS39: =IF((Pasted_data!G22-Pasted_data!G$148)<0,0,Pasted_data!G22-Pasted_data!G$148) -> 360856.77 | FT39: =IF((Pasted_data!H22-Pasted_data!H$148)<0,0,Pasted_data!H22-Pasted_data!H$148) -> 203565.86 | FU39: =IF((Pasted_data!I22-Pasted_data!I$148)<0,0,Pasted_data!I22-Pasted_data!I$148) -> 351428.23 | FV39: =IF((Pasted_data!J22-Pasted_data!J$148)<0,0,Pasted_data!J22-Pasted_data!J$148) -> 5073.0673 | ... JF39: =IF((Pasted_data!CT22-Pasted_data!CT$148)<0,0,Pasted_data!CT22-Pasted_data!CT$148) -> 312236.67 | JG39: 7870.0385 | JH39: 19387.423 | JI39: 574449.46 | JJ39: 9017.3942 | JK39: 13780.25 | JL39: 23312.25 | JM39: 7459.0288 | JN39: 415032.38 | JO39: 9209.7885 | JP39: 9192.5096 | JQ39: 2881.6346 | JR39: 7889.3462 | JS39: 3490.2115 | JT39: 21070.423 | JU39: 21333.471 | JV39: 5017.1538 | JW39: 5377.1827 | JX39: 4786.1346 | JY39: 16047.913 | JZ39: 112799.22 | KA39: 12560 | KB39: 6050.4615 | KC39: 13426.99 | KD39: 21834.635
A40: Mother | B40: 484537 | C40: 9356.3295 | D40: 2853.4659 | E40: 58034.136 | F40: 4030.9432 | G40: 1027.0795 | H40: 1398.6591 | I40: 3287.6477 | J40: 743.44318 | K40: 12980.102 | L40: 5395.6023 | M40: 1514.2159 | N40: 1177.5455 | O40: 6637.8295 | P40: 8803.7045 | Q40: 3707.9432 | R40: 1341.75 | S40: 6781.6932 | T40: 2776.1932 | U40: 2886.5568 | V40: 2116.7159 | W40: 15577.5 | X40: 3330.75 | Y40: 5316.25 | Z40: 997.11364 | AA40: 1540556.9 | AB40: 1763079.7 | AC40: 1599370.8 | AD40: 264772.7 | AE40: 627758.03 | AF40: 608343.11 | AG40: 2195311.6 | AH40: 35338.05 | AI40: 651486.8 | AJ40: 282709.46 | AK40: 95308.363 | AL40: 826386.49 | AM40: 439875.49 | AN40: 895341.89 | AO40: 804375.53 | AP40: 6990.2125 | AQ40: 542647.18 | AR40: 542905.71 | AS40: 2607.2125 | AT40: 65878.688 | AU40: 4205808.2 | AV40: 1603597.5 | AW40: 337928.28 | AX40: 738355.55 | AY40: 33492.45 | AZ40: 18323.062 | BA40: 26023.463 | BB40: 549.4125 | BC40: 660.175 | BD40: 1253.2 | BE40: 6588.775 | BF40: 214.8125 | BG40: 9878.8 | BH40: 774.35 | BI40: 786.975 | BJ40: 1907.2625 | BK40: 939.9875 | BL40: 2224.05 | BM40: 626.5375 | BN40: 5784.825 | BO40: 1328.275 | BP40: 720.8 | BQ40: 608.3625 | BR40: 914.6375 | BS40: 48351.387 | BT40: 20084.162 | BU40: 1162.85 | BV40: 4585.0375 | BW40: 123486.91 | BX40: 1256.3182 | BY40: 36269.08 | BZ40: 228.02273 | CA40: 89.102273 | CB40: 128.06818 | CC40: 2297.5227 | CD40: 116.40909 | CE40: 3452.2614 | CF40: 118.68182 | CG40: 0 | CH40: 415.64773 | CI40: 339.19318 | CJ40: 423.82955 | CK40: 992.19318 | CL40: 108.92045 | CM40: 362.14773 | CN40: 251.34091 | CO40: 152.54545 | CP40: 117.21591 | CQ40: 5455.9545 | CR40: 1172.9659 | CS40: 206.89773 | CT40: 250.55682 | CU40: 403.85 | CV40: 67376.35 | CW40: 23712.713 | CX40: 879.6625 | CY40: 434.6 | CZ40: 205.525 | DA40: 46979.725 | DB40: 108.4625 | DC40: 3779.1625 | DD40: 287.675 | DE40: 39.15 | DF40: 182.5375 | DG40: 1865.35 | DH40: 3166.9125 | DI40: 41.475 | DJ40: 303.5625 | DK40: 267.1 | DL40: 247.9125 | DM40: 127.05 | DN40: 41 | DO40: 1120.475 | DP40: 64148.8 | DQ40: 703.375 | DR40: 342.8625 | DS40: 53621.92 | DT40: 29802.023 | DU40: 71413.625 | DV40: 4000.4091 | DW40: 9537.5795 | DX40: 9620.5341 | DY40: 26748.455 | DZ40: 2003.4091 | EA40: 26924.659 | EB40: 3820.3409 | EC40: 3000.125 | ED40: 18375.216 | EE40: 5865.9205 | EF40: 11413.091 | EG40: 18033.318 | EH40: 8248.8182 | EI40: 16562.705 | EJ40: 5662.1477 | EK40: 948.89773 | EL40: 4664.3182 | EM40: 352978.64 | EN40: 62532.045 | EO40: 4654.1364 | EP40: 14887.864 | EQ40: 3049.6923 | ER40: 283.05769 | ES40: 1116.8173 | ET40: 221.39423 | EU40: 60.5 | EV40: 317.45192 | EW40: 60.663462 | EX40: 0 | EY40: 170.06731 | EZ40: 868.09615 | FA40: 125.88462 | FB40: 226.29808 | FC40: 75.192308 | FD40: 39.144231 | FE40: 220.53846 | FF40: 9.8173077 | FG40: 877.92308 | FH40: 548.89423 | FI40: 87.971154 | FJ40: 54.192308 | FK40: 0 | FL40: 1217.1538 | FM40: 463.19231 | FN40: 178.63462 | FO40: =IF((Pasted_data!C23-Pasted_data!C$148)<0,0,Pasted_data!C23-Pasted_data!C$148) -> 895674.62 | FP40: =IF((Pasted_data!D23-Pasted_data!D$148)<0,0,Pasted_data!D23-Pasted_data!D$148) -> 808699.42 | FQ40: =IF((Pasted_data!E23-Pasted_data!E$148)<0,0,Pasted_data!E23-Pasted_data!E$148) -> 322997.89 | FR40: =IF((Pasted_data!F23-Pasted_data!F$148)<0,0,Pasted_data!F23-Pasted_data!F$148) -> 185595.48 | FS40: =IF((Pasted_data!G23-Pasted_data!G$148)<0,0,Pasted_data!G23-Pasted_data!G$148) -> 508760.27 | FT40: =IF((Pasted_data!H23-Pasted_data!H$148)<0,0,Pasted_data!H23-Pasted_data!H$148) -> 465138.11 | FU40: =IF((Pasted_data!I23-Pasted_data!I$148)<0,0,Pasted_data!I23-Pasted_data!I$148) -> 886003.48 | FV40: =IF((Pasted_data!J23-Pasted_data!J$148)<0,0,Pasted_data!J23-Pasted_data!J$148) -> 75921.067 | ... JF40: =IF((Pasted_data!CT23-Pasted_data!CT$148)<0,0,Pasted_data!CT23-Pasted_data!CT$148) -> 860979.67 | JG40: 7687.0385 | JH40: 31809.423 | JI40: 569974.71 | JJ40: 101414.64 | JK40: 13934.5 | JL40: 263119.25 | JM40: 227237.53 | JN40: 29584.135 | JO40: 21462.038 | JP40: 13578.01 | JQ40: 5417.6346 | JR40: 12778.346 | JS40: 6677.9615 | JT40: 2901.9231 | JU40: 8965.4712 | JV40: 14366.404 | JW40: 7895.9327 | JX40: 221877.38 | JY40: 8606.6635 | JZ40: 56150.221 | KA40: 23112.25 | KB40: 8008.4615 | KC40: 23660.74 | KD40: 24024.885
A41: Mother | B41: 489442 | C41: 21633.33 | D41: 2637.2159 | E41: 82451.386 | F41: 2116.1932 | G41: 1689.8295 | H41: 1428.6591 | I41: 3818.1477 | J41: 1109.1932 | K41: 15772.852 | L41: 3811.8523 | M41: 2295.7159 | N41: 1576.5455 | O41: 4567.5795 | P41: 7205.7045 | Q41: 2489.6932 | R41: 4580.25 | S41: 6875.9432 | T41: 3554.4432 | U41: 2431.3068 | V41: 1395.7159 | W41: 11855.5 | X41: 2415.25 | Y41: 4214.75 | Z41: 1249.6136 | AA41: 803776.91 | AB41: 191991.94 | AC41: 362329.5 | AD41: 253732.95 | AE41: 914906.28 | AF41: 225329.36 | AG41: 452485.06 | AH41: 8759.55 | AI41: 396815.8 | AJ41: 768008.71 | AK41: 5548.1125 | AL41: 517175.24 | AM41: 425607.74 | AN41: 1264925.6 | AO41: 347800.28 | AP41: 796.2125 | AQ41: 148160.92 | AR41: 764455.46 | AS41: 1804.9625 | AT41: 32756.938 | AU41: 2376437.4 | AV41: 96998.212 | AW41: 927783.03 | AX41: 194834.05 | AY41: 446.7 | AZ41: 1645.5625 | BA41: 6631.7125 | BB41: 203.9125 | BC41: 1441.675 | BD41: 193.2 | BE41: 2029.025 | BF41: 152.3125 | BG41: 2434.3 | BH41: 1337.6 | BI41: 0 | BJ41: 181.0125 | BK41: 564.2375 | BL41: 1533.05 | BM41: 0 | BN41: 427.825 | BO41: 1514.275 | BP41: 476.05 | BQ41: 0 | BR41: 0 | BS41: 2335.3875 | BT41: 1299.4125 | BU41: 1087.6 | BV41: 270.2875 | BW41: 1245.4091 | BX41: 242.31818 | BY41: 19519.33 | BZ41: 36.772727 | CA41: 399.10227 | CB41: 261.06818 | CC41: 231.27273 | CD41: 159.90909 | CE41: 5193.7614 | CF41: 354.43182 | CG41: 447.61364 | CH41: 122.39773 | CI41: 319.94318 | CJ41: 606.57955 | CK41: 1128.1932 | CL41: 0 | CM41: 517.89773 | CN41: 528.84091 | CO41: 323.79545 | CP41: 195.46591 | CQ41: 3487.9545 | CR41: 374.46591 | CS41: 547.89773 | CT41: 0 | CU41: 89.6 | CV41: 535.1 | CW41: 1061.7125 | CX41: 185.4125 | CY41: 358.35 | CZ41: 239.525 | DA41: 1002.725 | DB41: 0 | DC41: 603.6625 | DD41: 159.925 | DE41: 197.15 | DF41: 179.0375 | DG41: 179.1 | DH41: 467.6625 | DI41: 0 | DJ41: 96.0625 | DK41: 0 | DL41: 138.4125 | DM41: 0 | DN41: 0 | DO41: 246.225 | DP41: 820.55 | DQ41: 276.625 | DR41: 268.6125 | DS41: 28389.17 | DT41: 25393.523 | DU41: 72017.875 | DV41: 14570.909 | DW41: 35909.08 | DX41: 7932.7841 | DY41: 23985.955 | DZ41: 1760.1591 | EA41: 25295.159 | EB41: 31121.091 | EC41: 1778.625 | ED41: 20313.216 | EE41: 24731.67 | EF41: 46402.591 | EG41: 8656.5682 | EH41: 2937.3182 | EI41: 43711.205 | EJ41: 33807.148 | EK41: 2072.3977 | EL41: 2742.3182 | EM41: 311637.39 | EN41: 18385.295 | EO41: 36530.386 | EP41: 13198.364 | EQ41: 238.19231 | ER41: 268.05769 | ES41: 893.06731 | ET41: 229.89423 | EU41: 238.75 | EV41: 43.951923 | EW41: 176.41346 | EX41: 144.08654 | EY41: 30.567308 | EZ41: 865.84615 | FA41: 211.38462 | FB41: 0 | FC41: 136.19231 | FD41: 28.894231 | FE41: 271.53846 | FF41: 2.0673077 | FG41: 535.67308 | FH41: 406.89423 | FI41: 132.97115 | FJ41: 80.192308 | FK41: 52.346154 | FL41: 1068.4038 | FM41: 96.192308 | FN41: 299.13462 | FO41: =IF((Pasted_data!C24-Pasted_data!C$148)<0,0,Pasted_data!C24-Pasted_data!C$148) -> 726534.12 | FP41: =IF((Pasted_data!D24-Pasted_data!D$148)<0,0,Pasted_data!D24-Pasted_data!D$148) -> 336787.42 | FQ41: =IF((Pasted_data!E24-Pasted_data!E$148)<0,0,Pasted_data!E24-Pasted_data!E$148) -> 149713.64 | FR41: =IF((Pasted_data!F24-Pasted_data!F$148)<0,0,Pasted_data!F24-Pasted_data!F$148) -> 188233.23 | FS41: =IF((Pasted_data!G24-Pasted_data!G$148)<0,0,Pasted_data!G24-Pasted_data!G$148) -> 729831.27 | FT41: =IF((Pasted_data!H24-Pasted_data!H$148)<0,0,Pasted_data!H24-Pasted_data!H$148) -> 247871.11 | FU41: =IF((Pasted_data!I24-Pasted_data!I$148)<0,0,Pasted_data!I24-Pasted_data!I$148) -> 533134.23 | FV41: =IF((Pasted_data!J24-Pasted_data!J$148)<0,0,Pasted_data!J24-Pasted_data!J$148) -> 21027.817 | ... JF41: =IF((Pasted_data!CT24-Pasted_data!CT$148)<0,0,Pasted_data!CT24-Pasted_data!CT$148) -> 6233.4231 | JG41: 161801.04 | JH41: 899795.92 | JI41: 603453.46 | JJ41: 233832.89 | JK41: 33972.5 | JL41: 35785 | JM41: 11048.029 | JN41: 18079.135 | JO41: 748767.79 | JP41: 687060.76 | JQ41: 5551.6346 | JR41: 14521.346 | JS41: 6649.2115 | JT41: 14489.673 | JU41: 305827.97 | JV41: 614698.15 | JW41: 45827.433 | JX41: 44771.635 | JY41: 83244.163 | JZ41: 189108.97 | KA41: 11279.75 | KB41: 754053.96 | KC41: 49468.74 | KD41: 40447.135
A42: Mother | B42: 494115 | C42: 12165 | D42: 2619.2885 | E42: 61489.635 | F42: 3354.2115 | G42: 2786.5 | H42: 1466.9231 | I42: 3549.1731 | J42: 679.96154 | K42: 29356.596 | L42: 4961.75 | M42: 2753.3077 | N42: 1796.8654 | O42: 5504.9808 | P42: 6567.8462 | Q42: 925.69231 | R42: 3969.6731 | S42: 22514.712 | T42: 3539.7308 | U42: 3673.7308 | V42: 1635.7115 | W42: 8374.7308 | X42: 2726.7885 | Y42: 5991.0962 | Z42: 4955.8269 | AA42: 8267.1154 | AB42: 10562.712 | AC42: 48249.904 | AD42: 0 | AE42: 0 | AF42: 106.19231 | AG42: 29542.538 | AH42: 0 | AI42: 0 | AJ42: 0 | AK42: 215 | AL42: 1305.0385 | AM42: 0 | AN42: 0 | AO42: 357.03846 | AP42: 601.07692 | AQ42: 18487.962 | AR42: 0 | AS42: 60.192308 | AT42: 6959.4615 | AU42: 3041.0192 | AV42: 2694.0769 | AW42: 0 | AX42: 0 | AY42: 3379.8846 | AZ42: 192.84615 | BA42: 6612.8462 | BB42: 41.980769 | BC42: 326.34615 | BD42: 107.03846 | BE42: 2919.4231 | BF42: 0 | BG42: 2877.25 | BH42: 275.40385 | BI42: 0 | BJ42: 209.05769 | BK42: 239.55769 | BL42: 893.78846 | BM42: 22.134615 | BN42: 1346.9615 | BO42: 2076.2308 | BP42: 3.75 | BQ42: 520.48077 | BR42: 193.67308 | BS42: 11674.231 | BT42: 566.65385 | BU42: 335.42308 | BV42: 0 | BW42: 6830.4038 | BX42: 3264.0577 | BY42: 18549.885 | BZ42: 9791.9423 | CA42: 38390.769 | CB42: 1036.0577 | CC42: 10558.096 | CD42: 15572.827 | CE42: 10227.673 | CF42: 11111.923 | CG42: 947.67308 | CH42: 1185.3846 | CI42: 12826.827 | CJ42: 22596.154 | CK42: 3078.8846 | CL42: 155.65385 | CM42: 1585.1346 | CN42: 18453.577 | CO42: 70.519231 | CP42: 545.17308 | CQ42: 4374.2692 | CR42: 4114.2692 | CS42: 14270.019 | CT42: 1153.6154 | CU42: 372.78846 | CV42: 146.51923 | CW42: 811.51923 | CX42: 0 | CY42: 409.94231 | CZ42: 0 | DA42: 0 | DB42: 27.307692 | DC42: 98.480769 | DD42: 166.51923 | DE42: 0 | DF42: 100.09615 | DG42: 122.38462 | DH42: 308.84615 | DI42: 0 | DJ42: 44.019231 | DK42: 60.442308 | DL42: 387.05769 | DM42: 305.78846 | DN42: 0 | DO42: 318.94231 | DP42: 207.92308 | DQ42: 582.03846 | DR42: 472.5 | DS42: 26706.058 | DT42: 3418.3846 | DU42: 10866.173 | DV42: 11998.673 | DW42: 9551.3654 | DX42: 7555.75 | DY42: 7005.6154 | DZ42: 720.88462 | EA42: 12435.365 | EB42: 2303.9808 | EC42: 932.26923 | ED42: 32863.808 | EE42: 30356.808 | EF42: 21057.462 | EG42: 6539.5769 | EH42: 900.69231 | EI42: 11082.942 | EJ42: 3847.0962 | EK42: 355.42308 | EL42: 7601.4038 | EM42: 359880.58 | EN42: 5669.9423 | EO42: 3146.0577 | EP42: 6612.0962 | EQ42: 232.19231 | ER42: 0 | ES42: 309.06731 | ET42: 0 | EU42: 0 | EV42: 0 | EW42: 32.413462 | EX42: 0 | EY42: 12.817308 | EZ42: 169.09615 | FA42: 0 | FB42: 73.798077 | FC42: 286.69231 | FD42: 0 | FE42: 66.538462 | FF42: 103.56731 | FG42: 0 | FH42: 488.89423 | FI42: 0 | FJ42: 0 | FK42: 0 | FL42: 1937.4038 | FM42: 113.69231 | FN42: 5.6346154 | FO42: =IF((Pasted_data!C68-Pasted_data!C$148)<0,0,Pasted_data!C68-Pasted_data!C$148) -> 785344.62 | FP42: =IF((Pasted_data!D68-Pasted_data!D$148)<0,0,Pasted_data!D68-Pasted_data!D$148) -> 745069.92 | FQ42: =IF((Pasted_data!E68-Pasted_data!E$148)<0,0,Pasted_data!E68-Pasted_data!E$148) -> 670511.64 | FR42: =IF((Pasted_data!F68-Pasted_data!F$148)<0,0,Pasted_data!F68-Pasted_data!F$148) -> 179861.98 | FS42: =IF((Pasted_data!G68-Pasted_data!G$148)<0,0,Pasted_data!G68-Pasted_data!G$148) -> 605177.77 | FT42: =IF((Pasted_data!H68-Pasted_data!H$148)<0,0,Pasted_data!H68-Pasted_data!H$148) -> 390259.11 | FU42: =IF((Pasted_data!I68-Pasted_data!I$148)<0,0,Pasted_data!I68-Pasted_data!I$148) -> 720982.48 | FV42: =IF((Pasted_data!J68-Pasted_data!J$148)<0,0,Pasted_data!J68-Pasted_data!J$148) -> 155469.32 | ... JF42: =IF((Pasted_data!CT68-Pasted_data!CT$148)<0,0,Pasted_data!CT68-Pasted_data!CT$148) -> 200801.17 | JG42: 8016.0385 | JH42: 186589.92 | JI42: 710658.96 | JJ42: 931115.89 | JK42: 7275 | JL42: 677716.5 | JM42: 427883.03 | JN42: 10337.885 | JO42: 27030.788 | JP42: 13520.51 | JQ42: 26989.135 | JR42: 16421.096 | JS42: 2347.9615 | JT42: 0 | JU42: 236049.97 | JV42: 9960.9038 | JW42: 7837.1827 | JX42: 57366.385 | JY42: 0 | JZ42: 16743.721 | KA42: 14869.25 | KB42: 117038.71 | KC42: 5788.7404 | KD42: 7845.6346
A43: Mother | B43: 497420 | C43: 9050.0795 | D43: 2271.4659 | E43: 57928.136 | F43: 2459.4432 | G43: 613.57955 | H43: 1233.9091 | I43: 4808.6477 | J43: 704.44318 | K43: 15663.352 | L43: 2972.1023 | M43: 1506.2159 | N43: 676.29545 | O43: 3544.3295 | P43: 5371.4545 | Q43: 2244.6932 | R43: 1581.5 | S43: 2757.4432 | T43: 2270.1932 | U43: 1360.5568 | V43: 1907.2159 | W43: 7599.5 | X43: 4215.75 | Y43: 3173.75 | Z43: 712.86364 | AA43: 863180.41 | AB43: 373672.44 | AC43: 1622010.5 | AD43: 243774.7 | AE43: 451529.53 | AF43: 214306.61 | AG43: 748572.81 | AH43: 34121.55 | AI43: 328811.05 | AJ43: 282504.46 | AK43: 84188.863 | AL43: 429274.74 | AM43: 398080.49 | AN43: 949480.14 | AO43: 581760.28 | AP43: 676.4625 | AQ43: 664860.43 | AR43: 599713.21 | AS43: 4821.4625 | AT43: 30585.938 | AU43: 3604033.9 | AV43: 362953.96 | AW43: 339798.53 | AX43: 371431.05 | AY43: 1307.7 | AZ43: 2329.0625 | BA43: 19435.713 | BB43: 0 | BC43: 224.425 | BD43: 624.2 | BE43: 2623.525 | BF43: 125.3125 | BG43: 5571.8 | BH43: 289.85 | BI43: 216.725 | BJ43: 220.0125 | BK43: 227.4875 | BL43: 1243.3 | BM43: 258.7875 | BN43: 663.075 | BO43: 812.275 | BP43: 1092.55 | BQ43: 120.3625 | BR43: 1504.3875 | BS43: 38402.137 | BT43: 1947.9125 | BU43: 233.6 | BV43: 460.7875 | BW43: 5104.6591 | BX43: 569.81818 | BY43: 21832.33 | BZ43: 1103.7727 | CA43: 1802.1023 | CB43: 2066.5682 | CC43: 831.52273 | CD43: 140.90909 | CE43: 8247.0114 | CF43: 669.43182 | CG43: 26.613636 | CH43: 1696.8977 | CI43: 1480.6932 | CJ43: 3966.3295 | CK43: 16213.193 | CL43: 244.92045 | CM43: 432.89773 | CN43: 1375.3409 | CO43: 279.54545 | CP43: 94.965909 | CQ43: 2956.7045 | CR43: 694.71591 | CS43: 1047.6477 | CT43: 1498.0568 | CU43: 429.85 | CV43: 177.35 | CW43: 11616.962 | CX43: 89.9125 | CY43: 236.35 | CZ43: 101.525 | DA43: 480.725 | DB43: 0 | DC43: 3768.4125 | DD43: 280.425 | DE43: 140.15 | DF43: 115.5375 | DG43: 179.35 | DH43: 703.6625 | DI43: 294.975 | DJ43: 150.0625 | DK43: 317.6 | DL43: 323.4125 | DM43: 118.55 | DN43: 0 | DO43: 2001.975 | DP43: 310.3 | DQ43: 140.125 | DR43: 250.1125 | DS43: 7248.9205 | DT43: 2745.0227 | DU43: 69145.375 | DV43: 12631.909 | DW43: 19162.33 | DX43: 2927.0341 | DY43: 4795.4545 | DZ43: 2130.6591 | EA43: 6266.9091 | EB43: 22360.341 | EC43: 1110.375 | ED43: 4494.2159 | EE43: 18010.67 | EF43: 44144.341 | EG43: 4965.5682 | EH43: 938.56818 | EI43: 5198.7045 | EJ43: 15176.648 | EK43: 396.64773 | EL43: 41741.818 | EM43: 266588.64 | EN43: 3800.5455 | EO43: 26242.136 | EP43: 4511.8636 | EQ43: 124.69231 | ER43: 3.8076923 | ES43: 450.06731 | ET43: 86.644231 | EU43: 61.75 | EV43: 84.951923 | EW43: 0 | EX43: 43.586538 | EY43: 118.56731 | EZ43: 128.59615 | FA43: 130.63462 | FB43: 34.798077 | FC43: 39.692308 | FD43: 0 | FE43: 280.53846 | FF43: 0 | FG43: 0 | FH43: 246.39423 | FI43: 169.22115 | FJ43: 0 | FK43: 250.09615 | FL43: 957.65385 | FM43: 174.69231 | FN43: 85.134615 | FO43: =IF((Pasted_data!C25-Pasted_data!C$148)<0,0,Pasted_data!C25-Pasted_data!C$148) -> 548488.62 | FP43: =IF((Pasted_data!D25-Pasted_data!D$148)<0,0,Pasted_data!D25-Pasted_data!D$148) -> 256311.42 | FQ43: =IF((Pasted_data!E25-Pasted_data!E$148)<0,0,Pasted_data!E25-Pasted_data!E$148) -> 409253.39 | FR43: =IF((Pasted_data!F25-Pasted_data!F$148)<0,0,Pasted_data!F25-Pasted_data!F$148) -> 52148.481 | FS43: =IF((Pasted_data!G25-Pasted_data!G$148)<0,0,Pasted_data!G25-Pasted_data!G$148) -> 310579.77 | FT43: =IF((Pasted_data!H25-Pasted_data!H$148)<0,0,Pasted_data!H25-Pasted_data!H$148) -> 100764.61 | FU43: =IF((Pasted_data!I25-Pasted_data!I$148)<0,0,Pasted_data!I25-Pasted_data!I$148) -> 376662.23 | FV43: =IF((Pasted_data!J25-Pasted_data!J$148)<0,0,Pasted_data!J25-Pasted_data!J$148) -> 36782.067 | ... JF43: =IF((Pasted_data!CT25-Pasted_data!CT$148)<0,0,Pasted_data!CT25-Pasted_data!CT$148) -> 344083.92 | JG43: 172519.04 | JH43: 887927.17 | JI43: 792587.46 | JJ43: 984174.89 | JK43: 172382 | JL43: 416447.75 | JM43: 334330.03 | JN43: 24877.635 | JO43: 113911.79 | JP43: 237229.76 | JQ43: 34781.635 | JR43: 24768.096 | JS43: 10781.712 | JT43: 51652.423 | JU43: 245359.47 | JV43: 136337.15 | JW43: 53514.933 | JX43: 327711.88 | JY43: 129300.41 | JZ43: 58230.221 | KA43: 32784.75 | KB43: 746617.96 | KC43: 23297.24 | KD43: 27177.635
A44: Mother | B44: 497848 | C44: 3674 | D44: 1453.0385 | E44: 39814.635 | F44: 3288.2115 | G44: 906.5 | H44: 700.17308 | I44: 3216.4231 | J44: 903.71154 | K44: 27649.596 | L44: 8531.75 | M44: 3343.5577 | N44: 652.36538 | O44: 5286.7308 | P44: 8766.8462 | Q44: 434.69231 | R44: 1732.9231 | S44: 9581.7115 | T44: 1807.2308 | U44: 1240.9808 | V44: 971.21154 | W44: 1974.7308 | X44: 3554.5385 | Y44: 7421.3462 | Z44: 1184.5769 | AA44: 62709.865 | AB44: 105138.96 | AC44: 136828.4 | AD44: 52523.288 | AE44: 105351.23 | AF44: 9135.1923 | AG44: 425663.79 | AH44: 6630.6154 | AI44: 40747.135 | AJ44: 72137.154 | AK44: 1771.75 | AL44: 45567.538 | AM44: 117748.46 | AN44: 375274.67 | AO44: 5574.0385 | AP44: 504.07692 | AQ44: 27087.212 | AR44: 265150.02 | AS44: 2339.4423 | AT44: 0 | AU44: 4348.5192 | AV44: 115523.58 | AW44: 73534 | AX44: 12932.712 | AY44: 7201.3846 | AZ44: 579.84615 | BA44: 26865.846 | BB44: 540.98077 | BC44: 599.34615 | BD44: 217.03846 | BE44: 5760.6731 | BF44: 0 | BG44: 15688.5 | BH44: 306.90385 | BI44: 116.51923 | BJ44: 345.05769 | BK44: 720.05769 | BL44: 2965.7885 | BM44: 204.88462 | BN44: 2200.4615 | BO44: 582.73077 | BP44: 1045.25 | BQ44: 0 | BR44: 246.17308 | BS44: 1784.4808 | BT44: 769.90385 | BU44: 355.17308 | BV44: 286.25 | BW44: 194.65385 | BX44: 573.05769 | BY44: 2493.1346 | BZ44: 229.19231 | CA44: 320.51923 | CB44: 26.807692 | CC44: 686.59615 | CD44: 88.076923 | CE44: 1988.6731 | CF44: 162.17308 | CG44: 0 | CH44: 84.384615 | CI44: 276.07692 | CJ44: 1107.1538 | CK44: 143.88462 | CL44: 424.15385 | CM44: 37.384615 | CN44: 312.57692 | CO44: 260.26923 | CP44: 250.67308 | CQ44: 523.51923 | CR44: 291.76923 | CS44: 473.51923 | CT44: 388.11538 | CU44: 228.03846 | CV44: 727.51923 | CW44: 8618.2692 | CX44: 166.59615 | CY44: 296.94231 | CZ44: 62.980769 | DA44: 35.846154 | DB44: 164.30769 | DC44: 3051.9808 | DD44: 238.51923 | DE44: 0 | DF44: 0 | DG44: 393.13462 | DH44: 683.84615 | DI44: 0 | DJ44: 0 | DK44: 32.192308 | DL44: 580.55769 | DM44: 261.28846 | DN44: 205.67308 | DO44: 2081.9423 | DP44: 531.17308 | DQ44: 419.03846 | DR44: 195.5 | DS44: 2097.0577 | DT44: 4302.3846 | DU44: 24195.673 | DV44: 1895.6731 | DW44: 1589.8654 | DX44: 757 | DY44: 6884.6154 | DZ44: 312.38462 | EA44: 11614.615 | EB44: 2185.2308 | EC44: 631.26923 | ED44: 1955.8077 | EE44: 3997.8077 | EF44: 7887.2115 | EG44: 780.57692 | EH44: 57.442308 | EI44: 1603.1923 | EJ44: 10533.096 | EK44: 696.17308 | EL44: 93.153846 | EM44: 3059.5769 | EN44: 5482.9423 | EO44: 2599.0577 | EP44: 1134.3462 | EQ44: 19.192308 | ER44: 0 | ES44: 707.81731 | ET44: 0 | EU44: 7 | EV44: 0 | EW44: 0 | EX44: 0 | EY44: 12.317308 | EZ44: 562.09615 | FA44: 7.6346154 | FB44: 0 | FC44: 65.692308 | FD44: 59.394231 | FE44: 105.03846 | FF44: 122.31731 | FG44: 143.17308 | FH44: 124.89423 | FI44: 86.721154 | FJ44: 31.692308 | FK44: 0 | FL44: 248.65385 | FM44: 95.442308 | FN44: 0 | FO44: =IF((Pasted_data!C69-Pasted_data!C$148)<0,0,Pasted_data!C69-Pasted_data!C$148) -> 422257.38 | FP44: =IF((Pasted_data!D69-Pasted_data!D$148)<0,0,Pasted_data!D69-Pasted_data!D$148) -> 549981.17 | FQ44: =IF((Pasted_data!E69-Pasted_data!E$148)<0,0,Pasted_data!E69-Pasted_data!E$148) -> 180528.14 | FR44: =IF((Pasted_data!F69-Pasted_data!F$148)<0,0,Pasted_data!F69-Pasted_data!F$148) -> 225164.73 | FS44: =IF((Pasted_data!G69-Pasted_data!G$148)<0,0,Pasted_data!G69-Pasted_data!G$148) -> 563224.02 | FT44: =IF((Pasted_data!H69-Pasted_data!H$148)<0,0,Pasted_data!H69-Pasted_data!H$148) -> 127750.11 | FU44: =IF((Pasted_data!I69-Pasted_data!I$148)<0,0,Pasted_data!I69-Pasted_data!I$148) -> 806035.98 | FV44: =IF((Pasted_data!J69-Pasted_data!J$148)<0,0,Pasted_data!J69-Pasted_data!J$148) -> 83449.567 | ... JF44: =IF((Pasted_data!CT69-Pasted_data!CT$148)<0,0,Pasted_data!CT69-Pasted_data!CT$148) -> 160342.92 | JG44: 73649.288 | JH44: 818626.42 | JI44: 0 | JJ44: 127940.14 | JK44: 4210.5 | JL44: 357938 | JM44: 323102.28 | JN44: 10467.385 | JO44: 46994.288 | JP44: 92211.26 | JQ44: 0 | JR44: 7175.5962 | JS44: 4198.2115 | JT44: 1510.9231 | JU44: 7683.4712 | JV44: 51597.154 | JW44: 14932.933 | JX44: 250499.13 | JY44: 0 | JZ44: 13785.721 | KA44: 4806.25 | KB44: 677309.46 | KC44: 14110.74 | KD44: 19840.885
A45: Mother | B45: 500542 | C45: 4964.5 | D45: 929.78846 | E45: 29134.385 | F45: 917.46154 | G45: 354 | H45: 1983.1731 | I45: 4727.6731 | J45: 372.46154 | K45: 13692.096 | L45: 1573 | M45: 801.05769 | N45: 1634.8654 | O45: 1275.2308 | P45: 2539.8462 | Q45: 1976.9423 | R45: 1903.9231 | S45: 6840.7115 | T45: 1581.4808 | U45: 1407.4808 | V45: 1206.7115 | W45: 3289.7308 | X45: 6117.0385 | Y45: 1832.3462 | Z45: 1923.5769 | AA45: 138361.37 | AB45: 161767.46 | AC45: 248048.65 | AD45: 52338.038 | AE45: 48769.481 | AF45: 29454.692 | AG45: 336734.04 | AH45: 1911.6154 | AI45: 94286.385 | AJ45: 41399.904 | AK45: 3851 | AL45: 73552.538 | AM45: 95869.962 | AN45: 173022.92 | AO45: 30235.538 | AP45: 1219.5769 | AQ45: 77241.212 | AR45: 53561.519 | AS45: 781.69231 | AT45: 53256.962 | AU45: 3506.2692 | AV45: 139472.08 | AW45: 42873 | AX45: 28434.462 | AY45: 2528.8846 | AZ45: 884.59615 | BA45: 41502.846 | BB45: 441.98077 | BC45: 453.34615 | BD45: 278.78846 | BE45: 8457.9231 | BF45: 0 | BG45: 9802.75 | BH45: 453.15385 | BI45: 445.01923 | BJ45: 389.55769 | BK45: 911.05769 | BL45: 1769.5385 | BM45: 343.63462 | BN45: 124.21154 | BO45: 777.23077 | BP45: 904.75 | BQ45: 178.48077 | BR45: 421.92308 | BS45: 1908.2308 | BT45: 1185.6538 | BU45: 660.17308 | BV45: 461.5 | BW45: 7210.1538 | BX45: 9867.5577 | BY45: 39215.885 | BZ45: 2688.4423 | CA45: 16039.019 | CB45: 910.05769 | CC45: 16652.096 | CD45: 1735.8269 | CE45: 10447.423 | CF45: 5025.1731 | CG45: 1756.4231 | CH45: 1409.3846 | CI45: 4459.0769 | CJ45: 10739.404 | CK45: 1244.3846 | CL45: 1069.1538 | CM45: 951.13462 | CN45: 7403.5769 | CO45: 387.26923 | CP45: 321.42308 | CQ45: 2635.5192 | CR45: 10799.019 | CS45: 5429.5192 | CT45: 1541.1154 | CU45: 154.28846 | CV45: 0 | CW45: 1590.7692 | CX45: 0 | CY45: 251.94231 | CZ45: 138.73077 | DA45: 0 | DB45: 0 | DC45: 511.23077 | DD45: 34.269231 | DE45: 0 | DF45: 147.59615 | DG45: 130.38462 | DH45: 451.59615 | DI45: 48.096154 | DJ45: 90.019231 | DK45: 68.192308 | DL45: 0 | DM45: 27.788462 | DN45: 0 | DO45: 214.19231 | DP45: 130.67308 | DQ45: 203.03846 | DR45: 105 | DS45: 5038.0577 | DT45: 3621.1346 | DU45: 23398.673 | DV45: 2045.6731 | DW45: 4332.6154 | DX45: 1946.5 | DY45: 3559.8654 | DZ45: 24.134615 | EA45: 59428.865 | EB45: 3348.2308 | EC45: 1492.5192 | ED45: 3650.0577 | EE45: 3542.5577 | EF45: 23389.462 | EG45: 2506.3269 | EH45: 1190.1923 | EI45: 2309.4423 | EJ45: 12179.596 | EK45: 353.67308 | EL45: 451.40385 | EM45: 48304.327 | EN45: 6596.4423 | EO45: 3809.5577 | EP45: 2844.3462 | EQ45: 82.192308 | ER45: 32.057692 | ES45: 463.06731 | ET45: 0 | EU45: 0 | EV45: 0 | EW45: 0 | EX45: 9.3365385 | EY45: 13.817308 | EZ45: 1220.0962 | FA45: 0 | FB45: 0 | FC45: 0 | FD45: 0 | FE45: 0 | FF45: 33.067308 | FG45: 0 | FH45: 239.64423 | FI45: 152.72115 | FJ45: 146.19231 | FK45: 175.84615 | FL45: 1212.9038 | FM45: 0 | FN45: 0 | FO45: =IF((Pasted_data!C70-Pasted_data!C$148)<0,0,Pasted_data!C70-Pasted_data!C$148) -> 486914.38 | FP45: =IF((Pasted_data!D70-Pasted_data!D$148)<0,0,Pasted_data!D70-Pasted_data!D$148) -> 578074.17 | FQ45: =IF((Pasted_data!E70-Pasted_data!E$148)<0,0,Pasted_data!E70-Pasted_data!E$148) -> 89071.644 | FR45: =IF((Pasted_data!F70-Pasted_data!F$148)<0,0,Pasted_data!F70-Pasted_data!F$148) -> 232007.73 | FS45: =IF((Pasted_data!G70-Pasted_data!G$148)<0,0,Pasted_data!G70-Pasted_data!G$148) -> 411038.52 | FT45: =IF((Pasted_data!H70-Pasted_data!H$148)<0,0,Pasted_data!H70-Pasted_data!H$148) -> 154419.11 | FU45: =IF((Pasted_data!I70-Pasted_data!I$148)<0,0,Pasted_data!I70-Pasted_data!I$148) -> 513335.98 | FV45: =IF((Pasted_data!J70-Pasted_data!J$148)<0,0,Pasted_data!J70-Pasted_data!J$148) -> 46872.817 | ... JF45: =IF((Pasted_data!CT70-Pasted_data!CT$148)<0,0,Pasted_data!CT70-Pasted_data!CT$148) -> 238565.92 | JG45: 82173.288 | JH45: 714939.92 | JI45: 382421.21 | JJ45: 217484.14 | JK45: 3246.5 | JL45: 548698.5 | JM45: 358412.03 | JN45: 502999.63 | JO45: 26777.288 | JP45: 450285.51 | JQ45: 0 | JR45: 3159.5962 | JS45: 2017.2115 | JT45: 711.17308 | JU45: 36758.471 | JV45: 331268.15 | JW45: 10026.683 | JX45: 121067.38 | JY45: 0 | JZ45: 4508.9712 | KA45: 4869.25 | KB45: 253353.21 | KC45: 7807.7404 | KD45: 3760.8846
A46: Mother | B46: 503219 | C46: 8371.5795 | D46: 3676.9659 | E46: 31811.636 | F46: 4188.6932 | G46: 1022.5795 | H46: 1221.4091 | I46: 3230.3977 | J46: 1057.9432 | K46: 6176.1023 | L46: 6662.6023 | M46: 1588.2159 | N46: 1709.5455 | O46: 7563.8295 | P46: 9471.2045 | Q46: 3200.4432 | R46: 3540.75 | S46: 8295.6932 | T46: 2695.1932 | U46: 2213.3068 | V46: 1432.7159 | W46: 23663.5 | X46: 2440.75 | Y46: 7523 | Z46: 1164.3636 | AA46: 11655.413 | AB46: 14852.688 | AC46: 60063.25 | AD46: 3423.95 | AE46: 2013.775 | AF46: 1747.6125 | AG46: 8610.0625 | AH46: 0 | AI46: 3600.55 | AJ46: 3432.2125 | AK46: 206.1125 | AL46: 18817.737 | AM46: 8130.4875 | AN46: 30604.638 | AO46: 2849.025 | AP46: 62.7125 | AQ46: 9.925 | AR46: 17176.713 | AS46: 233.9625 | AT46: 12.1875 | AU46: 119073.16 | AV46: 3857.2125 | AW46: 2882.525 | AX46: 3076.3 | AY46: 18492.95 | AZ46: 42225.312 | BA46: 56448.963 | BB46: 5367.1625 | BC46: 332.425 | BD46: 2623.95 | BE46: 30752.775 | BF46: 1915.3125 | BG46: 6284.05 | BH46: 10566.85 | BI46: 12026.725 | BJ46: 6675.0125 | BK46: 8525.9875 | BL46: 13825.8 | BM46: 424.5375 | BN46: 822.075 | BO46: 953.275 | BP46: 3386.55 | BQ46: 336.3625 | BR46: 0 | BS46: 21120.388 | BT46: 54384.162 | BU46: 8759.6 | BV46: 11556.788 | BW46: 1559.9091 | BX46: 6816.0682 | BY46: 15772.08 | BZ46: 725.52273 | CA46: 2686.1023 | CB46: 349.06818 | CC46: 8484.5227 | CD46: 354.15909 | CE46: 2617.5114 | CF46: 552.18182 | CG46: 283.61364 | CH46: 621.89773 | CI46: 1150.9432 | CJ46: 2201.0795 | CK46: 1314.6932 | CL46: 85.920455 | CM46: 1776.1477 | CN46: 1167.3409 | CO46: 335.54545 | CP46: 160.96591 | CQ46: 5441.4545 | CR46: 5418.2159 | CS46: 768.64773 | CT46: 550.80682 | CU46: 537.85 | CV46: 2599.6 | CW46: 2749.2125 | CX46: 395.4125 | CY46: 219.85 | CZ46: 273.025 | DA46: 1832.725 | DB46: 58.4625 | DC46: 728.6625 | DD46: 308.175 | DE46: 51.4 | DF46: 488.2875 | DG46: 442.85 | DH46: 1133.1625 | DI46: 210.225 | DJ46: 0 | DK46: 67.1 | DL46: 430.9125 | DM46: 18.8 | DN46: 0 | DO46: 1607.225 | DP46: 2010.8 | DQ46: 579.125 | DR46: 134.6125 | DS46: 58373.92 | DT46: 48695.023 | DU46: 81606.125 | DV46: 6536.9091 | DW46: 4938.5795 | DX46: 17972.284 | DY46: 46869.705 | DZ46: 1088.1591 | EA46: 20443.159 | EB46: 6201.0909 | EC46: 3436.875 | ED46: 54850.466 | EE46: 9592.4205 | EF46: 19991.341 | EG46: 42591.068 | EH46: 436.56818 | EI46: 917.45455 | EJ46: 10587.398 | EK46: 934.14773 | EL46: 717.56818 | EM46: 107760.89 | EN46: 43290.795 | EO46: 6893.1364 | EP46: 19118.364 | EQ46: 110.19231 | ER46: 291.80769 | ES46: 639.31731 | ET46: 0 | EU46: 0 | EV46: 229.95192 | EW46: 24.163462 | EX46: 80.336538 | EY46: 73.317308 | EZ46: 242.84615 | FA46: 96.884615 | FB46: 0 | FC46: 1420.1923 | FD46: 0 | FE46: 2767.7885 | FF46: 172.81731 | FG46: 59.923077 | FH46: 5.3942308 | FI46: 0 | FJ46: 0 | FK46: 15.346154 | FL46: 0 | FM46: 165.69231 | FN46: 71.134615 | FO46: =IF((Pasted_data!C26-Pasted_data!C$148)<0,0,Pasted_data!C26-Pasted_data!C$148) -> 668921.12 | FP46: =IF((Pasted_data!D26-Pasted_data!D$148)<0,0,Pasted_data!D26-Pasted_data!D$148) -> 693172.92 | FQ46: =IF((Pasted_data!E26-Pasted_data!E$148)<0,0,Pasted_data!E26-Pasted_data!E$148) -> 647224.64 | FR46: =IF((Pasted_data!F26-Pasted_data!F$148)<0,0,Pasted_data!F26-Pasted_data!F$148) -> 313962.73 | FS46: =IF((Pasted_data!G26-Pasted_data!G$148)<0,0,Pasted_data!G26-Pasted_data!G$148) -> 445756.52 | FT46: =IF((Pasted_data!H26-Pasted_data!H$148)<0,0,Pasted_data!H26-Pasted_data!H$148) -> 413155.36 | FU46: =IF((Pasted_data!I26-Pasted_data!I$148)<0,0,Pasted_data!I26-Pasted_data!I$148) -> 689723.48 | FV46: =IF((Pasted_data!J26-Pasted_data!J$148)<0,0,Pasted_data!J26-Pasted_data!J$148) -> 157707.07 | ... JF46: =IF((Pasted_data!CT26-Pasted_data!CT$148)<0,0,Pasted_data!CT26-Pasted_data!CT$148) -> 873377.17 | JG46: 441135.54 | JH46: 950331.42 | JI46: 879173.96 | JJ46: 1000591.9 | JK46: 171742.5 | JL46: 819965.5 | JM46: 641856.53 | JN46: 66065.885 | JO46: 155006.54 | JP46: 698019.51 | JQ46: 93920.135 | JR46: 130898.35 | JS46: 8436.7115 | JT46: 24221.923 | JU46: 964140.47 | JV46: 675973.15 | JW46: 109932.93 | JX46: 372470.88 | JY46: 0 | JZ46: 46414.971 | KA46: 11117.25 | KB46: 883992.21 | KC46: 28282.24 | KD46: 21156.635
A47: Mother | B47: 523375 | C47: 27093.83 | D47: 11503.966 | E47: 70470.136 | F47: 2370.1932 | G47: 1626.5795 | H47: 1675.6591 | I47: 9499.6477 | J47: 1121.1932 | K47: 14376.102 | L47: 4078.1023 | M47: 2561.2159 | N47: 3193.0455 | O47: 4423.3295 | P47: 11349.205 | Q47: 10359.193 | R47: 2727 | S47: 10082.943 | T47: 4964.6932 | U47: 1983.5568 | V47: 4272.7159 | W47: 48892.75 | X47: 8141.5 | Y47: 5245 | Z47: 1436.6136 | AA47: 19156.912 | AB47: 10084.688 | AC47: 16121 | AD47: 1658.95 | AE47: 3954.525 | AF47: 0 | AG47: 7018.5625 | AH47: 0 | AI47: 4108.55 | AJ47: 4487.4625 | AK47: 0 | AL47: 2329.7375 | AM47: 4386.2375 | AN47: 14888.138 | AO47: 1026.025 | AP47: 0 | AQ47: 0 | AR47: 12375.462 | AS47: 21.7125 | AT47: 0 | AU47: 49400.912 | AV47: 3096.7125 | AW47: 7257.275 | AX47: 1660.8 | AY47: 23888.95 | AZ47: 2874.8125 | BA47: 48515.963 | BB47: 3431.4125 | BC47: 1746.675 | BD47: 896.45 | BE47: 3394.025 | BF47: 846.8125 | BG47: 13559.8 | BH47: 5613.6 | BI47: 4981.225 | BJ47: 1674.5125 | BK47: 4021.2375 | BL47: 19969.8 | BM47: 441.5375 | BN47: 2853.575 | BO47: 968.275 | BP47: 8759.55 | BQ47: 1513.6125 | BR47: 232.3875 | BS47: 2858.1375 | BT47: 2487.4125 | BU47: 5064.85 | BV47: 2112.0375 | BW47: 14430.659 | BX47: 4040.3182 | BY47: 15709.58 | BZ47: 2252.7727 | CA47: 3386.3523 | CB47: 4382.0682 | CC47: 4222.5227 | CD47: 1080.4091 | CE47: 9198.2614 | CF47: 3002.6818 | CG47: 1412.8636 | CH47: 6346.3977 | CI47: 4227.9432 | CJ47: 7411.8295 | CK47: 12152.943 | CL47: 10439.67 | CM47: 1187.8977 | CN47: 5229.3409 | CO47: 283.29545 | CP47: 1102.9659 | CQ47: 28129.955 | CR47: 3500.9659 | CS47: 3686.1477 | CT47: 3259.5568 | CU47: 221.6 | CV47: 418.1 | CW47: 1375.7125 | CX47: 0 | CY47: 0 | CZ47: 298.775 | DA47: 300.725 | DB47: 47.4625 | DC47: 487.4125 | DD47: 0 | DE47: 0 | DF47: 145.7875 | DG47: 189.35 | DH47: 210.6625 | DI47: 313.225 | DJ47: 370.0625 | DK47: 234.6 | DL47: 16.4125 | DM47: 0 | DN47: 0 | DO47: 357.225 | DP47: 163.8 | DQ47: 239.875 | DR47: 0 | DS47: 11746.17 | DT47: 3391.0227 | DU47: 23448.125 | DV47: 2055.9091 | DW47: 3829.0795 | DX47: 2758.7841 | DY47: 3308.7045 | DZ47: 646.40909 | EA47: 9562.1591 | EB47: 2975.0909 | EC47: 1504.375 | ED47: 6022.7159 | EE47: 2985.6705 | EF47: 5208.3409 | EG47: 4459.0682 | EH47: 100.81818 | EI47: 996.20455 | EJ47: 3830.6477 | EK47: 102.39773 | EL47: 740.81818 | EM47: 22587.136 | EN47: 2538.0455 | EO47: 3250.1364 | EP47: 3175.8636 | EQ47: 181.69231 | ER47: 0 | ES47: 493.56731 | ET47: 110.39423 | EU47: 14.25 | EV47: 175.95192 | EW47: 56.163462 | EX47: 111.83654 | EY47: 0 | EZ47: 428.84615 | FA47: 70.634615 | FB47: 69.298077 | FC47: 47.442308 | FD47: 0 | FE47: 154.03846 | FF47: 0 | FG47: 390.92308 | FH47: 81.894231 | FI47: 82.221154 | FJ47: 48.942308 | FK47: 0 | FL47: 0 | FM47: 0 | FN47: 105.13462 | FO47: =IF((Pasted_data!C27-Pasted_data!C$148)<0,0,Pasted_data!C27-Pasted_data!C$148) -> 749814.88 | FP47: =IF((Pasted_data!D27-Pasted_data!D$148)<0,0,Pasted_data!D27-Pasted_data!D$148) -> 1009756.7 | FQ47: =IF((Pasted_data!E27-Pasted_data!E$148)<0,0,Pasted_data!E27-Pasted_data!E$148) -> 395070.64 | FR47: =IF((Pasted_data!F27-Pasted_data!F$148)<0,0,Pasted_data!F27-Pasted_data!F$148) -> 489527.73 | FS47: =IF((Pasted_data!G27-Pasted_data!G$148)<0,0,Pasted_data!G27-Pasted_data!G$148) -> 891124.52 | FT47: =IF((Pasted_data!H27-Pasted_data!H$148)<0,0,Pasted_data!H27-Pasted_data!H$148) -> 476250.61 | FU47: =IF((Pasted_data!I27-Pasted_data!I$148)<0,0,Pasted_data!I27-Pasted_data!I$148) -> 872677.98 | FV47: =IF((Pasted_data!J27-Pasted_data!J$148)<0,0,Pasted_data!J27-Pasted_data!J$148) -> 153373.57 | ... JF47: =IF((Pasted_data!CT27-Pasted_data!CT$148)<0,0,Pasted_data!CT27-Pasted_data!CT$148) -> 808080.92 | JG47: 521226.54 | JH47: 953442.42 | JI47: 860278.96 | JJ47: 883275.64 | JK47: 352799.5 | JL47: 947701.25 | JM47: 934473.53 | JN47: 577497.13 | JO47: 789038.79 | JP47: 879536.51 | JQ47: 318113.13 | JR47: 67832.096 | JS47: 10530.712 | JT47: 152015.17 | JU47: 874973.97 | JV47: 894896.9 | JW47: 254768.18 | JX47: 918995.63 | JY47: 147389.41 | JZ47: 263316.22 | KA47: 62398.25 | KB47: 898527.21 | KC47: 38410.74 | KD47: 265525.13
