Workbook

Sheet Milk_PBS_corrected_numeric
A1: Subject ID | B1: Barcode | C1: Delta_weeks | D1: Time_point | E1: Vax_timing_bin | F1: IgM_A_California_04_2009_H1N1 | G1: IgM_A_Michigan_45_2015_H1N1 | H1: IgM_A_Brisbane_02_2018_H1N1 | I1: IgM_A_Victoria_2570_2019_H1N1 | J1: IgM_A_Wisconsin_588_2019_H1N1 | K1: IgM_A_Hawaii_70_2019_H1N1 | L1: IgM_A_Wisconsin_67_2022_H1N1 | M1: IgM_A_HongKong_4801_2014_H3N2 | N1: IgM_A_Singapore_INFIMH16_2016_H3N2 | O1: IgM_A_Kansas_14_2017_H3N2 | P1: IgM_A_HongKong_45_2019_H3N2 | Q1: IgM_A_Cambodia_e0826360_2020_H3N2 | R1: IgM_A_Darwin_6_2021_H3N2 | S1: IgM_A_Indonesia_05_2005_H5N1 | T1: IgM_A_Shanghai_1_2013_H7N9 | U1: IgM_B_Phuket_3073_2013 | V1: IgM_B_Colorado_06_2017 | W1: IgM_B_Washington_02_2019 | X1: IgM_B_Austria_1359417_2021 | Y1: IgM_Michigan_NA | Z1: IgM_HongKong_NA | AA1: IgM_Ebola | AB1: IgM_RSV | AC1: IgM_EBV | AD1: IgG1_A_California_04_2009_H1N1 | AE1: IgG1_A_Michigan_45_2015_H1N1 | AF1: IgG1_A_Brisbane_02_2018_H1N1 | AG1: IgG1_A_Victoria_2570_2019_H1N1 | AH1: IgG1_A_Wisconsin_588_2019_H1N1 | AI1: IgG1_A_Hawaii_70_2019_H1N1 | AJ1: IgG1_A_Wisconsin_67_2022_H1N1 | AK1: IgG1_A_HongKong_4801_2014_H3N2 | AL1: IgG1_A_Singapore_INFIMH16_2016_H3N2 | AM1: IgG1_A_Kansas_14_2017_H3N2 | AN1: IgG1_A_HongKong_45_2019_H3N2 | AO1: IgG1_A_Cambodia_e0826360_2020_H3N2 | AP1: IgG1_A_Darwin_6_2021_H3N2 | AQ1: IgG1_A_Indonesia_05_2005_H5N1 | AR1: IgG1_A_Shanghai_1_2013_H7N9 | AS1: IgG1_B_Phuket_3073_2013 | AT1: IgG1_B_Colorado_06_2017 | AU1: IgG1_B_Washington_02_2019 | AV1: IgG1_B_Austria_1359417_2021 | AW1: IgG1_Michigan_NA | AX1: IgG1_HongKong_NA | AY1: IgG1_Ebola | AZ1: IgG1_RSV | BA1: IgG1_EBV | BB1: IgG2_A_California_04_2009_H1N1 | BC1: IgG2_A_Michigan_45_2015_H1N1 | BD1: IgG2_A_Brisbane_02_2018_H1N1 | BE1: IgG2_A_Victoria_2570_2019_H1N1 | BF1: IgG2_A_Wisconsin_588_2019_H1N1 | BG1: IgG2_A_Hawaii_70_2019_H1N1 | BH1: IgG2_A_Wisconsin_67_2022_H1N1 | BI1: IgG2_A_HongKong_4801_2014_H3N2 | BJ1: IgG2_A_Singapore_INFIMH16_2016_H3N2 | BK1: IgG2_A_Kansas_14_2017_H3N2 | BL1: IgG2_A_HongKong_45_2019_H3N2 | BM1: IgG2_A_Cambodia_e0826360_2020_H3N2 | BN1: IgG2_A_Darwin_6_2021_H3N2 | BO1: IgG2_A_Indonesia_05_2005_H5N1 | BP1: IgG2_A_Shanghai_1_2013_H7N9 | BQ1: IgG2_B_Phuket_3073_2013 | BR1: IgG2_B_Colorado_06_2017 | BS1: IgG2_B_Washington_02_2019 | BT1: IgG2_B_Austria_1359417_2021 | BU1: IgG2_Michigan_NA | BV1: IgG2_HongKong_NA | BW1: IgG2_Ebola | BX1: IgG2_RSV | BY1: IgG2_EBV | BZ1: IgG3_A_California_04_2009_H1N1 | CA1: IgG3_A_Michigan_45_2015_H1N1 | CB1: IgG3_A_Brisbane_02_2018_H1N1 | CC1: IgG3_A_Victoria_2570_2019_H1N1 | CD1: IgG3_A_Wisconsin_588_2019_H1N1 | CE1: IgG3_A_Hawaii_70_2019_H1N1 | CF1: IgG3_A_Wisconsin_67_2022_H1N1 | CG1: IgG3_A_HongKong_4801_2014_H3N2 | CH1: IgG3_A_Singapore_INFIMH16_2016_H3N2 | CI1: IgG3_A_Kansas_14_2017_H3N2 | CJ1: IgG3_A_HongKong_45_2019_H3N2 | CK1: IgG3_A_Cambodia_e0826360_2020_H3N2 | CL1: IgG3_A_Darwin_6_2021_H3N2 | CM1: IgG3_A_Indonesia_05_2005_H5N1 | CN1: IgG3_A_Shanghai_1_2013_H7N9 | CO1: IgG3_B_Phuket_3073_2013 | CP1: IgG3_B_Colorado_06_2017 | CQ1: IgG3_B_Washington_02_2019 | CR1: IgG3_B_Austria_1359417_2021 | CS1: IgG3_Michigan_NA | CT1: IgG3_HongKong_NA | CU1: IgG3_Ebola | CV1: IgG3_RSV | CW1: IgG3_EBV | CX1: IgG4_A_California_04_2009_H1N1 | CY1: IgG4_A_Michigan_45_2015_H1N1 | CZ1: IgG4_A_Brisbane_02_2018_H1N1 | DA1: IgG4_A_Victoria_2570_2019_H1N1 | DB1: IgG4_A_Wisconsin_588_2019_H1N1 | DC1: IgG4_A_Hawaii_70_2019_H1N1 | DD1: IgG4_A_Wisconsin_67_2022_H1N1 | DE1: IgG4_A_HongKong_4801_2014_H3N2 | DF1: IgG4_A_Singapore_INFIMH16_2016_H3N2 | DG1: IgG4_A_Kansas_14_2017_H3N2 | DH1: IgG4_A_HongKong_45_2019_H3N2 | DI1: IgG4_A_Cambodia_e0826360_2020_H3N2 | DJ1: IgG4_A_Darwin_6_2021_H3N2 | DK1: IgG4_A_Indonesia_05_2005_H5N1 | DL1: IgG4_A_Shanghai_1_2013_H7N9 | DM1: IgG4_B_Phuket_3073_2013 | DN1: IgG4_B_Colorado_06_2017 | DO1: IgG4_B_Washington_02_2019 | DP1: IgG4_B_Austria_1359417_2021 | DQ1: IgG4_Michigan_NA | DR1: IgG4_HongKong_NA | DS1: IgG4_Ebola | DT1: IgG4_RSV | DU1: IgG4_EBV | DV1: IgA1_A_California_04_2009_H1N1 | DW1: IgA1_A_Michigan_45_2015_H1N1 | DX1: IgA1_A_Brisbane_02_2018_H1N1 | DY1: IgA1_A_Victoria_2570_2019_H1N1 | DZ1: IgA1_A_Wisconsin_588_2019_H1N1 | EA1: IgA1_A_Hawaii_70_2019_H1N1 | EB1: IgA1_A_Wisconsin_67_2022_H1N1 | EC1: IgA1_A_HongKong_4801_2014_H3N2 | ED1: IgA1_A_Singapore_INFIMH16_2016_H3N2 | EE1: IgA1_A_Kansas_14_2017_H3N2 | EF1: IgA1_A_HongKong_45_2019_H3N2 | EG1: IgA1_A_Cambodia_e0826360_2020_H3N2 | EH1: IgA1_A_Darwin_6_2021_H3N2 | EI1: IgA1_A_Indonesia_05_2005_H5N1 | EJ1: IgA1_A_Shanghai_1_2013_H7N9 | EK1: IgA1_B_Phuket_3073_2013 | EL1: IgA1_B_Colorado_06_2017 | EM1: IgA1_B_Washington_02_2019 | EN1: IgA1_B_Austria_1359417_2021 | EO1: IgA1_Michigan_NA | EP1: IgA1_HongKong_NA | EQ1: IgA1_Ebola | ER1: IgA1_RSV | ES1: IgA1_EBV | ET1: IgA2_A_California_04_2009_H1N1 | EU1: IgA2_A_Michigan_45_2015_H1N1 | EV1: IgA2_A_Brisbane_02_2018_H1N1 | EW1: IgA2_A_Victoria_2570_2019_H1N1 | EX1: IgA2_A_Wisconsin_588_2019_H1N1 | EY1: IgA2_A_Hawaii_70_2019_H1N1 | EZ1: IgA2_A_Wisconsin_67_2022_H1N1 | FA1: IgA2_A_HongKong_4801_2014_H3N2 | FB1: IgA2_A_Singapore_INFIMH16_2016_H3N2 | FC1: IgA2_A_Kansas_14_2017_H3N2 | FD1: IgA2_A_HongKong_45_2019_H3N2 | FE1: IgA2_A_Cambodia_e0826360_2020_H3N2 | FF1: IgA2_A_Darwin_6_2021_H3N2 | FG1: IgA2_A_Indonesia_05_2005_H5N1 | FH1: IgA2_A_Shanghai_1_2013_H7N9 | FI1: IgA2_B_Phuket_3073_2013 | FJ1: IgA2_B_Colorado_06_2017 | FK1: IgA2_B_Washington_02_2019 | FL1: IgA2_B_Austria_1359417_2021 | FM1: IgA2_Michigan_NA | FN1: IgA2_HongKong_NA | FO1: IgA2_Ebola | FP1: IgA2_RSV | FQ1: IgA2_EBV | FR1: FcgR2A_A_California_04_2009_H1N1 | FS1: FcgR2A_A_Michigan_45_2015_H1N1 | FT1: FcgR2A_A_Brisbane_02_2018_H1N1 | FU1: FcgR2A_A_Victoria_2570_2019_H1N1 | FV1: FcgR2A_A_Wisconsin_588_2019_H1N1 | FW1: FcgR2A_A_Hawaii_70_2019_H1N1 | FX1: FcgR2A_A_Wisconsin_67_2022_H1N1 | FY1: FcgR2A_A_HongKong_4801_2014_H3N2 | FZ1: FcgR2A_A_Singapore_INFIMH16_2016_H3N2 | GA1: FcgR2A_A_Kansas_14_2017_H3N2 | GB1: FcgR2A_A_HongKong_45_2019_H3N2 | GC1: FcgR2A_A_Cambodia_e0826360_2020_H3N2 | GD1: FcgR2A_A_Darwin_6_2021_H3N2 | GE1: FcgR2A_A_Indonesia_05_2005_H5N1 | GF1: FcgR2A_A_Shanghai_1_2013_H7N9 | GG1: FcgR2A_B_Phuket_3073_2013 | GH1: FcgR2A_B_Colorado_06_2017 | GI1: FcgR2A_B_Washington_02_2019 | GJ1: FcgR2A_B_Austria_1359417_2021 | GK1: FcgR2A_Michigan_NA | GL1: FcgR2A_HongKong_NA | GM1: FcgR2A_Ebola | GN1: FcgR2A_RSV | GO1: FcgR2A_EBV | GP1: FcgR2B_A_California_04_2009_H1N1 | GQ1: FcgR2B_A_Michigan_45_2015_H1N1 | GR1: FcgR2B_A_Brisbane_02_2018_H1N1 | GS1: FcgR2B_A_Victoria_2570_2019_H1N1 | GT1: FcgR2B_A_Wisconsin_588_2019_H1N1 | GU1: FcgR2B_A_Hawaii_70_2019_H1N1 | GV1: FcgR2B_A_Wisconsin_67_2022_H1N1 | GW1: FcgR2B_A_HongKong_4801_2014_H3N2 | GX1: FcgR2B_A_Singapore_INFIMH16_2016_H3N2 | GY1: FcgR2B_A_Kansas_14_2017_H3N2 | GZ1: FcgR2B_A_HongKong_45_2019_H3N2 | HA1: FcgR2B_A_Cambodia_e0826360_2020_H3N2 | HB1: FcgR2B_A_Darwin_6_2021_H3N2 | HC1: FcgR2B_A_Indonesia_05_2005_H5N1 | HD1: FcgR2B_A_Shanghai_1_2013_H7N9 | HE1: FcgR2B_B_Phuket_3073_2013 | HF1: FcgR2B_B_Colorado_06_2017 | HG1: FcgR2B_B_Washington_02_2019 | HH1: FcgR2B_B_Austria_1359417_2021 | HI1: FcgR2B_Michigan_NA | HJ1: FcgR2B_HongKong_NA | HK1: FcgR2B_Ebola | HL1: FcgR2B_RSV | HM1: FcgR2B_EBV | HN1: FcgR3A_A_California_04_2009_H1N1 | HO1: FcgR3A_A_Michigan_45_2015_H1N1 | HP1: FcgR3A_A_Brisbane_02_2018_H1N1 | HQ1: FcgR3A_A_Victoria_2570_2019_H1N1 | HR1: FcgR3A_A_Wisconsin_588_2019_H1N1 | HS1: FcgR3A_A_Hawaii_70_2019_H1N1 | HT1: FcgR3A_A_Wisconsin_67_2022_H1N1 | HU1: FcgR3A_A_HongKong_4801_2014_H3N2 | HV1: FcgR3A_A_Singapore_INFIMH16_2016_H3N2 | HW1: FcgR3A_A_Kansas_14_2017_H3N2 | HX1: FcgR3A_A_HongKong_45_2019_H3N2 | HY1: FcgR3A_A_Cambodia_e0826360_2020_H3N2 | HZ1: FcgR3A_A_Darwin_6_2021_H3N2 | IA1: FcgR3A_A_Indonesia_05_2005_H5N1 | IB1: FcgR3A_A_Shanghai_1_2013_H7N9 | IC1: FcgR3A_B_Phuket_3073_2013 | ID1: FcgR3A_B_Colorado_06_2017 | IE1: FcgR3A_B_Washington_02_2019 | IF1: FcgR3A_B_Austria_1359417_2021 | IG1: FcgR3A_Michigan_NA | IH1: FcgR3A_HongKong_NA | II1: FcgR3A_Ebola | IJ1: FcgR3A_RSV | IK1: FcgR3A_EBV | IL1: FcgR3B_A_California_04_2009_H1N1 | IM1: FcgR3B_A_Michigan_45_2015_H1N1 | IN1: FcgR3B_A_Brisbane_02_2018_H1N1 | IO1: FcgR3B_A_Victoria_2570_2019_H1N1 | IP1: FcgR3B_A_Wisconsin_588_2019_H1N1 | IQ1: FcgR3B_A_Hawaii_70_2019_H1N1 | IR1: FcgR3B_A_Wisconsin_67_2022_H1N1 | IS1: FcgR3B_A_HongKong_4801_2014_H3N2 | IT1: FcgR3B_A_Singapore_INFIMH16_2016_H3N2 | IU1: FcgR3B_A_Kansas_14_2017_H3N2 | IV1: FcgR3B_A_HongKong_45_2019_H3N2 | IW1: FcgR3B_A_Cambodia_e0826360_2020_H3N2 | IX1: FcgR3B_A_Darwin_6_2021_H3N2 | IY1: FcgR3B_A_Indonesia_05_2005_H5N1 | IZ1: FcgR3B_A_Shanghai_1_2013_H7N9 | JA1: FcgR3B_B_Phuket_3073_2013 | JB1: FcgR3B_B_Colorado_06_2017 | JC1: FcgR3B_B_Washington_02_2019 | JD1: FcgR3B_B_Austria_1359417_2021 | JE1: FcgR3B_Michigan_NA | JF1: FcgR3B_HongKong_NA | JG1: FcgR3B_Ebola | JH1: FcgR3B_RSV | JI1: FcgR3B_EBV | JJ1: FcaR_A_California_04_2009_H1N1 | JK1: FcaR_A_Michigan_45_2015_H1N1 | JL1: FcaR_A_Brisbane_02_2018_H1N1 | JM1: FcaR_A_Victoria_2570_2019_H1N1 | JN1: FcaR_A_Wisconsin_588_2019_H1N1 | JO1: FcaR_A_Hawaii_70_2019_H1N1 | JP1: FcaR_A_Wisconsin_67_2022_H1N1 | JQ1: FcaR_A_HongKong_4801_2014_H3N2 | JR1: FcaR_A_Singapore_INFIMH16_2016_H3N2 | JS1: FcaR_A_Kansas_14_2017_H3N2 | JT1: FcaR_A_HongKong_45_2019_H3N2 | JU1: FcaR_A_Cambodia_e0826360_2020_H3N2 | JV1: FcaR_A_Darwin_6_2021_H3N2 | JW1: FcaR_A_Indonesia_05_2005_H5N1 | JX1: FcaR_A_Shanghai_1_2013_H7N9 | JY1: FcaR_B_Phuket_3073_2013 | JZ1: FcaR_B_Colorado_06_2017 | KA1: FcaR_B_Washington_02_2019 | KB1: FcaR_B_Austria_1359417_2021 | KC1: FcaR_Michigan_NA | KD1: FcaR_HongKong_NA | KE1: FcaR_Ebola | KF1: FcaR_RSV | KG1: FcaR_EBV | KH1: ADCD_A_California_04_2009_H1N1 | KI1: ADCD_A_Michigan_45_2015_H1N1 | KJ1: ADCD_A_Brisbane_02_2018_H1N1 | KK1: ADCD_A_Victoria_2570_2019_H1N1 | KL1: ADCD_A_Wisconsin_588_2019_H1N1 | KM1: ADCD_A_Hawaii_70_2019_H1N1 | KN1: ADCD_A_Wisconsin_67_2022_H1N1 | KO1: ADCD_A_HongKong_4801_2014_H3N2 | KP1: ADCD_A_Singapore_INFIMH16_2016_H3N2 | KQ1: ADCD_A_Kansas_14_2017_H3N2 | KR1: ADCD_A_HongKong_45_2019_H3N2 | KS1: ADCD_A_Cambodia_e0826360_2020_H3N2 | KT1: ADCD_A_Darwin_6_2021_H3N2 | KU1: ADCD_A_Indonesia_05_2005_H5N1 | KV1: ADCD_A_Shanghai_1_2013_H7N9 | KW1: ADCD_B_Phuket_3073_2013 | KX1: ADCD_B_Colorado_06_2017 | KY1: ADCD_B_Washington_02_2019 | KZ1: ADCD_B_Austria_1359417_2021 | LA1: ADCD_Michigan_NA | LB1: ADCD_HongKong_NA | LC1: ADCD_Ebola | LD1: ADCD_RSV | LE1: ADCD_EBV | LF1: ADNP_A_California_04_2009_H1N1 | LG1: ADNP_A_HongKong_4801_2014_H3N2 | LH1: ADNP_B_Phuket_3073_2013 | LI1: ADCP_A_California_04_2009_H1N1 | LJ1: ADCP_A_HongKong_4801_2014_H3N2 | LK1: ADCP_B_Phuket_3073_2013
A2: CC0023 | B2: 227773 | C2: 2.5714286 | D2: 1 | E2: 5 | F2: 373.94922 | G2: 561.81005 | H2: 485.83886 | I2: 534.21387 | J2: 391.01464 | K2: 498.23633 | L2: 448.08349 | M2: 695.12158 | N2: 639.04151 | O2: 582.60255 | P2: 485.73486 | Q2: 611.88281 | R2: 931.4341 | S2: 112.62207 | T2: 285.5708 | U2: 709.69582 | V2: 609.81396 | W2: 694.68212 | X2: 430.5918 | Y2: 467.90723 | Z2: 374.42774 | AA2: 837.93506 | AB2: 808.66063 | AC2: 402.35303 | AD2: 0.968265 | AE2: 0.84424 | AF2: 0 | AG2: 0 | AH2: 0 | AI2: 4.486815 | AJ2: 0 | AK2: 55.237795 | AL2: 6.143065 | AM2: 143.12011 | AN2: 263.49903 | AO2: 0 | AP2: 23.377445 | AQ2: 0 | AR2: 0 | AS2: 5.457515 | AT2: 0.55713 | AU2: 0 | AV2: 0.41456 | AW2: 0 | AX2: 53.315915 | AY2: 7.57275 | AZ2: 0 | BA2: 8.83008 | BB2: 10.104 | BC2: 4.05615 | BD2: 10.569825 | BE2: 0 | BF2: 0 | BG2: 11.188965 | BH2: 0 | BI2: 40.91992 | BJ2: 6.24463 | BK2: 19.6499 | BL2: 58.07373 | BM2: 0 | BN2: 16.928705 | BO2: 0 | BP2: 13.754885 | BQ2: 14.79346 | BR2: 0 | BS2: 0 | BT2: 10.381345 | BU2: 9.502445 | BV2: 7.929685 | BW2: 4.145025 | BX2: 2.913575 | BY2: 7.2959 | BZ2: 2.631345 | CA2: 1.072265 | CB2: 0 | CC2: 0 | CD2: 0 | CE2: 5.19092 | CF2: 0 | CG2: 0 | CH2: 5.965815 | CI2: 15.29639 | CJ2: 2.260735 | CK2: 0 | CL2: 19.586915 | CM2: 0 | CN2: 0 | CO2: 0 | CP2: 4.445315 | CQ2: 0 | CR2: 0 | CS2: 0 | CT2: 10.54541 | CU2: 8.34521 | CV2: 0.17822 | CW2: 9.35498 | CX2: 164.35498 | CY2: 66.194825 | CZ2: 24.500005 | DA2: 44.77197 | DB2: 51.548345 | DC2: 40.72168 | DD2: 72.184085 | DE2: 24.49267 | DF2: 26.247555 | DG2: 9.08057 | DH2: 35.33985 | DI2: 16.27099 | DJ2: 25.747555 | DK2: 0 | DL2: 40.2417 | DM2: 19.48437 | DN2: 56.80811 | DO2: 71.05078 | DP2: 57.96045 | DQ2: 8.972655 | DR2: 6.901365 | DS2: 2.03662 | DT2: 1.322755 | DU2: 2.959965 | DV2: 5863.6029 | DW2: 3190.3725 | DX2: 1347.226 | DY2: 2126.3813 | DZ2: 2219.9839 | EA2: 3174.8066 | EB2: 1789.4922 | EC2: 982.96191 | ED2: 157.15381 | EE2: 848.58447 | EF2: 1705.7705 | EG2: 307.19629 | EH2: 452.70605 | EI2: 8.17627 | EJ2: 311.34375 | EK2: 1367.0606 | EL2: 170.42139 | EM2: 338.04737 | EN2: 145.46777 | EO2: 254.1919 | EP2: 135.09668 | EQ2: 134.17188 | ER2: 1060.3482 | ES2: 82.98633 | ET2: 2915.9306 | EU2: 928.6831 | EV2: 209.99756 | EW2: 573.12697 | EX2: 596.46875 | EY2: 1230.852 | EZ2: 235.14404 | FA2: 185.77295 | FB2: 13.734375 | FC2: 181.44775 | FD2: 341.83007 | FE2: 22.263185 | FF2: 79.305175 | FG2: 0 | FH2: 23.494145 | FI2: 430.83936 | FJ2: 0 | FK2: 13.14551 | FL2: 11.11377 | FM2: 31.97363 | FN2: 31.756835 | FO2: 189.01709 | FP2: 700.56836 | FQ2: 48.637205 | FR2: 6824.4385 | FS2: 2962.2183 | FT2: 183.8877 | FU2: 6658.5215 | FV2: 6284.8833 | FW2: 3115.3999 | FX2: 0 | FY2: 12642.171 | FZ2: 1049.9262 | GA2: 0 | GB2: 16409.928 | GC2: 1491.8315 | GD2: 4084.333 | GE2: 0 | GF2: 0 | GG2: 6279.9644 | GH2: 0 | GI2: 3361.1645 | GJ2: 5498.1934 | GK2: 0 | GL2: 2231.2119 | GM2: 11.54394 | GN2: 2803.7764 | GO2: 4559.8281 | GP2: 4102.6846 | GQ2: 802.07277 | GR2: 14.20068 | GS2: 2643.1743 | GT2: 2658.1821 | GU2: 827.56984 | GV2: 0 | GW2: 10075.593 | GX2: 258.19678 | GY2: 219.5129 | GZ2: 16356.18 | HA2: 137.42383 | HB2: 2351.0825 | HC2: 0 | HD2: 0 | HE2: 4436.4726 | HF2: 0 | HG2: 743.47411 | HH2: 2214.8784 | HI2: 0 | HJ2: 358.17138 | HK2: 10.623045 | HL2: 1863.3667 | HM2: 549.99365 | HN2: 3524.8262 | HO2: 673.47999 | HP2: 39.149415 | HQ2: 2139.2998 | HR2: 2105.2974 | HS2: 1230.3628 | HT2: 0 | HU2: 6507.773 | HV2: 745.27197 | HW2: 0 | HX2: 11306.834 | HY2: 421.82911 | HZ2: 265.25586 | IA2: 0 | IB2: 0 | IC2: 4076.9546 | ID2: 0 | IE2: 690.79297 | IF2: 1530.1455 | IG2: 0 | IH2: 98.66748 | II2: 10.029785 | IJ2: 2151.2969 | IK2: 292.22901 | IL2: 1142.75 | IM2: 12.592285 | IN2: 0 | IO2: 214.56641 | IP2: 246.47119 | IQ2: 49.07764 | IR2: 0 | IS2: 4301.958 | IT2: 26.294925 | IU2: 0 | IV2: 12538.564 | IW2: 0 | IX2: 53.94287 | IY2: 0 | IZ2: 0 | JA2: 3456.4253 | JB2: 0 | JC2: 11.98242 | JD2: 122.21484 | JE2: 0 | JF2: 29.06348 | JG2: 4.308105 | JH2: 463.69726 | JI2: 27.317875 | JJ2: 5029.1304 | JK2: 2933.8301 | JL2: 1219.3052 | JM2: 2732.4028 | JN2: 2719.5517 | JO2: 3151.6103 | JP2: 0 | JQ2: 911.94385 | JR2: 148.98047 | JS2: 0 | JT2: 1450.9434 | JU2: 127.71386 | JV2: 230.59326 | JW2: 0 | JX2: 277.40771 | JY2: 2343.4223 | JZ2: 0 | KA2: 508.12988 | KB2: 86.00879 | KC2: 165.99024 | KD2: 87.43945 | KE2: 88.265625 | KF2: 700.87404 | KG2: 1.905275 | KH2: 0 | KI2: 532.5 | KJ2: 0 | KK2: 1157 | KL2: 1106.5 | KM2: 0 | KN2: 0 | KO2: 6543.5 | KP2: 298.75 | KQ2: 6611.5 | KR2: 1137 | KS2: 1187.5 | KT2: 310201.25 | KU2: 0 | KV2: 0 | KW2: 17875 | KX2: 2309.25 | KY2: 1782.5 | KZ2: 607.75 | LA2: 0 | LB2: 0 | LC2: 0 | LD2: 0 | LE2: 28281.5 | LF2: 0 | LG2: 2874.7565 | LH2: 0 | LI2: 213.76198 | LJ2: 666.03904 | LK2: 0
A3: CC0023 | B3: 234552 | C3: 7.2857143 | D3: 2 | E3: 5 | F3: 193.10156 | G3: 206.79932 | H3: 195.57763 | I3: 210.60547 | J3: 184.88623 | K3: 235.67872 | L3: 211.94922 | M3: 405.13966 | N3: 322.35595 | O3: 224.01416 | P3: 227.01416 | Q3: 254.02588 | R3: 307.04981 | S3: 35.947265 | T3: 135.1753 | U3: 327.51075 | V3: 235.00878 | W3: 282.56054 | X3: 231.66456 | Y3: 294.79834 | Z3: 193.85693 | AA3: 432.29296 | AB3: 429.94921 | AC3: 284.9253 | AD3: 31.96631 | AE3: 19.894045 | AF3: 8.31885 | AG3: 30.67627 | AH3: 34.293945 | AI3: 33.015625 | AJ3: 17.00488 | AK3: 220.24511 | AL3: 21.486815 | AM3: 269.72363 | AN3: 406.27246 | AO3: 11.870605 | AP3: 89.43262 | AQ3: 0 | AR3: 0 | AS3: 254.40234 | AT3: 61.496585 | AU3: 16.118655 | AV3: 38.601565 | AW3: 0 | AX3: 54.08008 | AY3: 8.342285 | AZ3: 171.27735 | BA3: 22.308105 | BB3: 8.725095 | BC3: 6.52295 | BD3: 10.36523 | BE3: 0 | BF3: 0 | BG3: 9.96728 | BH3: 0 | BI3: 69.34473 | BJ3: 4.44775 | BK3: 34.59033 | BL3: 66.098145 | BM3: 0 | BN3: 17.577145 | BO3: 0 | BP3: 10.234375 | BQ3: 13.271485 | BR3: 0.296385 | BS3: 0 | BT3: 12.82959 | BU3: 11.88428 | BV3: 12.331545 | BW3: 9.30371 | BX3: 6.629395 | BY3: 9.15918 | BZ3: 2.171875 | CA3: 1.5542 | CB3: 0 | CC3: 0 | CD3: 0 | CE3: 4.94922 | CF3: 0.29639 | CG3: 0 | CH3: 5.537595 | CI3: 14.51563 | CJ3: 2.4082 | CK3: 0 | CL3: 19.1626 | CM3: 0 | CN3: 0 | CO3: 0.265135 | CP3: 2.82129 | CQ3: 0 | CR3: 0.186035 | CS3: 0 | CT3: 9.911625 | CU3: 7.471675 | CV3: 2.814455 | CW3: 8.221685 | CX3: 209.00586 | CY3: 91.11572 | CZ3: 26.566895 | DA3: 47.7373 | DB3: 52.425295 | DC3: 46.632325 | DD3: 75.90283 | DE3: 35.792475 | DF3: 33.45898 | DG3: 9.596195 | DH3: 44.45899 | DI3: 15.637205 | DJ3: 19.52343 | DK3: 0 | DL3: 52.849125 | DM3: 28.74072 | DN3: 70.9292 | DO3: 77.832035 | DP3: 70.55957 | DQ3: 6.804685 | DR3: 5.581545 | DS3: 1.475585 | DT3: 1.785645 | DU3: 0.957525 | DV3: 4859.1421 | DW3: 2669.314 | DX3: 1090.7544 | DY3: 1812.9292 | DZ3: 1932.3193 | EA3: 2501.6699 | EB3: 1355.062 | EC3: 1009.5444 | ED3: 172.11279 | EE3: 1152.8628 | EF3: 1690.98 | EG3: 423.20654 | EH3: 584.71923 | EI3: 9.11572 | EJ3: 248.72607 | EK3: 1188.4072 | EL3: 234.9917 | EM3: 306.41943 | EN3: 156.25244 | EO3: 218.58642 | EP3: 124.54687 | EQ3: 124.07519 | ER3: 2591.9409 | ES3: 299.99462 | ET3: 1743.315 | EU3: 473.68212 | EV3: 113.91162 | EW3: 317.97412 | EX3: 332.72412 | EY3: 728.65282 | EZ3: 94.98193 | FA3: 176.74219 | FB3: 18.84766 | FC3: 151.5459 | FD3: 273.2456 | FE3: 26.8794 | FF3: 100.23437 | FG3: 6.48584 | FH3: 11.79883 | FI3: 288.82129 | FJ3: 0 | FK3: 8.9043 | FL3: 13.208005 | FM3: 20.904785 | FN3: 36.41211 | FO3: 116.3457 | FP3: 1034.4619 | FQ3: 82.00781 | FR3: 7730.7847 | FS3: 3866.3599 | FT3: 518.95069 | FU3: 7065.059 | FV3: 6538.2247 | FW3: 4247.5079 | FX3: 0 | FY3: 13036.282 | FZ3: 1199.3393 | GA3: 0 | GB3: 17565.341 | GC3: 2336.7749 | GD3: 4500.498 | GE3: 0 | GF3: 0 | GG3: 7636.2905 | GH3: 0 | GI3: 4709.6909 | GJ3: 6397.1525 | GK3: 0 | GL3: 2356.938 | GM3: 10.93213 | GN3: 4569.6967 | GO3: 5137.8091 | GP3: 5010.3443 | GQ3: 1117.7896 | GR3: 19.748045 | GS3: 3124.3632 | GT3: 3146.3745 | GU3: 1487.688 | GV3: 0 | GW3: 11004.208 | GX3: 450.72314 | GY3: 986.79165 | GZ3: 15839.365 | HA3: 342.80176 | HB3: 2334.5264 | HC3: 0 | HD3: 0 | HE3: 6618.3794 | HF3: 0 | HG3: 1658.2818 | HH3: 2967.0547 | HI3: 0 | HJ3: 536.28368 | HK3: 8.549315 | HL3: 3419.1268 | HM3: 1082.0098 | HN3: 4244.0512 | HO3: 913.93653 | HP3: 94.89551 | HQ3: 2648.0157 | HR3: 2714.2339 | HS3: 2007.8267 | HT3: 0 | HU3: 7964.0577 | HV3: 1458.8804 | HW3: 0 | HX3: 11957.965 | HY3: 761.07421 | HZ3: 322.52686 | IA3: 0 | IB3: 7.781255 | IC3: 7259.789 | ID3: 0 | IE3: 1539.1064 | IF3: 2479.9453 | IG3: 0 | IH3: 105.52783 | II3: 11.004395 | IJ3: 4264.7793 | IK3: 694.16699 | IL3: 2483.9624 | IM3: 42.5166 | IN3: 4.10107 | IO3: 631.54345 | IP3: 603.73144 | IQ3: 446.37842 | IR3: 0 | IS3: 7640.9712 | IT3: 144.27002 | IU3: 0 | IV3: 14412.556 | IW3: 20.12744 | IX3: 62.81738 | IY3: 0 | IZ3: 0 | JA3: 8358.7469 | JB3: 0 | JC3: 140.33154 | JD3: 549.36816 | JE3: 0 | JF3: 41.81104 | JG3: 7.40625 | JH3: 2693.691 | JI3: 152.79395 | JJ3: 5269.9526 | JK3: 2967.3106 | JL3: 1277.1098 | JM3: 2733.9346 | JN3: 2729.1708 | JO3: 3041.5537 | JP3: 0 | JQ3: 1261.0977 | JR3: 429.61913 | JS3: 0 | JT3: 1970.77 | JU3: 392.98438 | JV3: 398.29834 | JW3: 0 | JX3: 431.92138 | JY3: 4256.1626 | JZ3: 0 | KA3: 596.28955 | KB3: 192.18604 | KC3: 196.63086 | KD3: 94.2998 | KE3: 101.62207 | KF3: 2609.0655 | KG3: 170.39111 | KH3: 0 | KI3: 0 | KJ3: 2088.25 | KK3: 1729.5 | KL3: 2109.5 | KM3: 51 | KN3: 0 | KO3: 11624.25 | KP3: 2983.75 | KQ3: 5010.75 | KR3: 8751.5 | KS3: 649.5 | KT3: 264365.75 | KU3: 0 | KV3: 0 | KW3: 11177 | KX3: 3556.5 | KY3: 896.5 | KZ3: 597 | LA3: 0 | LB3: 0 | LC3: 0 | LD3: 8667.75 | LE3: 20045.75 | LF3: 0 | LG3: 2483.3643 | LH3: 0 | LI3: 273.8121 | LJ3: 604.32649 | LK3: 0
A4: CC0023 | B4: 270607 | C4: 28.428571 | D4: 3 | E4: 5 | F4: 158.37011 | G4: 181.53125 | H4: 175.52685 | I4: 136.56054 | J4: 206.13623 | K4: 208.61573 | L4: 167.44727 | M4: 314.47753 | N4: 211.27881 | O4: 234.45947 | P4: 206.99365 | Q4: 302.4834 | R4: 224.51417 | S4: 34.00879 | T4: 146.04493 | U4: 279.91309 | V4: 158.3252 | W4: 186.03857 | X4: 208.04834 | Y4: 184.52686 | Z4: 140.2041 | AA4: 363.86377 | AB4: 324.53711 | AC4: 214.92627 | AD4: 43.09473 | AE4: 18.933595 | AF4: 9.48584 | AG4: 34.67627 | AH4: 31.88672 | AI4: 49.46582 | AJ4: 20.2041 | AK4: 101.54102 | AL4: 12.35547 | AM4: 97.16797 | AN4: 222.71485 | AO4: 7.39014 | AP4: 84.72559 | AQ4: 0 | AR4: 0 | AS4: 158.60351 | AT4: 42.69678 | AU4: 13.16699 | AV4: 24.90186 | AW4: 0 | AX4: 52.705075 | AY4: 8.99902 | AZ4: 68.586425 | BA4: 21.089355 | BB4: 6.2207 | BC4: 5.625485 | BD4: 7.765135 | BE4: 0 | BF4: 0 | BG4: 7.640135 | BH4: 0 | BI4: 22.149415 | BJ4: 1.30908 | BK4: 18.078125 | BL4: 21.90967 | BM4: 0 | BN4: 20.637695 | BO4: 0 | BP4: 11.025885 | BQ4: 15.51416 | BR4: 0 | BS4: 0 | BT4: 19.26172 | BU4: 12.86377 | BV4: 14.61865 | BW4: 9.50342 | BX4: 6.39453 | BY4: 4.858395 | BZ4: 1.555175 | CA4: 1.248535 | CB4: 0 | CC4: 0 | CD4: 0 | CE4: 4.721675 | CF4: 0 | CG4: 0.139645 | CH4: 4.760255 | CI4: 14.937505 | CJ4: 1.648435 | CK4: 0 | CL4: 19.231445 | CM4: 0 | CN4: 0 | CO4: 0 | CP4: 3.167965 | CQ4: 0 | CR4: 0.229495 | CS4: 0 | CT4: 9.8418 | CU4: 6.380855 | CV4: 0 | CW4: 10.67432 | CX4: 82.13037 | CY4: 55.10205 | CZ4: 19.50684 | DA4: 15.08496 | DB4: 9.73389 | DC4: 21.05371 | DD4: 22.087405 | DE4: 22.229975 | DF4: 19.44531 | DG4: 8.0791 | DH4: 23.617195 | DI4: 13.555665 | DJ4: 19.08447 | DK4: 0 | DL4: 31.800295 | DM4: 20.497555 | DN4: 38.02539 | DO4: 40.53955 | DP4: 41.621585 | DQ4: 7.719725 | DR4: 6.396485 | DS4: 2.99316 | DT4: 2.699705 | DU4: 1.060545 | DV4: 3209.79 | DW4: 1832.3184 | DX4: 709.07471 | DY4: 994.72756 | DZ4: 960.52344 | EA4: 1504.0669 | EB4: 653.73437 | EC4: 757.4746 | ED4: 97.37353 | EE4: 584.39257 | EF4: 1352.5239 | EG4: 304.0503 | EH4: 310.63233 | EI4: 0.177245 | EJ4: 160.33594 | EK4: 770.74219 | EL4: 145.68213 | EM4: 173.35449 | EN4: 103.46729 | EO4: 187.48535 | EP4: 97.52734 | EQ4: 89.46533 | ER4: 1130.646 | ES4: 90.64844 | ET4: 1293.0196 | EU4: 308.71387 | EV4: 64.532715 | EW4: 140.46777 | EX4: 127.67725 | EY4: 376.98632 | EZ4: 11.040525 | FA4: 137.81739 | FB4: 10.175785 | FC4: 83.520995 | FD4: 209.68945 | FE4: 16.76221 | FF4: 51.615235 | FG4: 0 | FH4: 3.480475 | FI4: 172.19678 | FJ4: 0 | FK4: 3.42334 | FL4: 7.29346 | FM4: 14.492185 | FN4: 31.856445 | FO4: 82.41406 | FP4: 410.74903 | FQ4: 32.55371 | FR4: 5800.2451 | FS4: 2705.0493 | FT4: 160.78565 | FU4: 3322.185 | FV4: 3083.3696 | FW4: 2062.8066 | FX4: 0 | FY4: 12011.256 | FZ4: 1081.5264 | GA4: 0 | GB4: 16150.807 | GC4: 1077.8257 | GD4: 3136.457 | GE4: 0 | GF4: 0 | GG4: 7083.5195 | GH4: 0 | GI4: 3397.5938 | GJ4: 4823.81 | GK4: 0 | GL4: 1118.4116 | GM4: 12.08105 | GN4: 4292.3695 | GO4: 5571.2431 | GP4: 2607.2798 | GQ4: 539.68408 | GR4: 5.27685 | GS4: 899.92626 | GT4: 837.62205 | GU4: 361.39649 | GV4: 0 | GW4: 10479.304 | GX4: 282.91944 | GY4: 0 | GZ4: 16795.651 | HA4: 90.61133 | HB4: 1987.5244 | HC4: 0 | HD4: 0 | HE4: 6727.2168 | HF4: 0 | HG4: 897.02002 | HH4: 2150.0161 | HI4: 0 | HJ4: 80.906245 | HK4: 7.16455 | HL4: 3501.4951 | HM4: 1563.5713 | HN4: 2693.3315 | HO4: 335.77099 | HP4: 22.842775 | HQ4: 1100.0508 | HR4: 894.09425 | HS4: 958.07813 | HT4: 0 | HU4: 7117.5607 | HV4: 434.00196 | HW4: 0 | HX4: 11033.935 | HY4: 284.52441 | HZ4: 145.09717 | IA4: 0 | IB4: 0 | IC4: 7259.0279 | ID4: 0 | IE4: 830.58302 | IF4: 1551.6387 | IG4: 0 | IH4: 60.36377 | II4: 11.029295 | IJ4: 3903.2588 | IK4: 608.24659 | IL4: 361.43359 | IM4: 1.95459 | IN4: 0 | IO4: 28.93066 | IP4: 19.541015 | IQ4: 34.616705 | IR4: 0 | IS4: 4292.3423 | IT4: 14.70117 | IU4: 0 | IV4: 12222.035 | IW4: 0 | IX4: 38.96094 | IY4: 0 | IZ4: 0 | JA4: 8165.0607 | JB4: 0 | JC4: 15.947265 | JD4: 125.74267 | JE4: 0 | JF4: 20.136725 | JG4: 6.61133 | JH4: 1082.0312 | JI4: 56.158205 | JJ4: 3715.2089 | JK4: 1833.4053 | JL4: 633.5249 | JM4: 1400.2915 | JN4: 1342.126 | JO4: 1737.124 | JP4: 0 | JQ4: 787.91697 | JR4: 101.21679 | JS4: 0 | JT4: 1389.0137 | JU4: 180.78173 | JV4: 175.40283 | JW4: 0 | JX4: 135.9873 | JY4: 4343.5062 | JZ4: 0 | KA4: 187.62646 | KB4: 87.105465 | KC4: 158.88672 | KD4: 49.13574 | KE4: 60.381345 | KF4: 922.07227 | KG4: 12.026855 | KH4: 0 | KI4: 0 | KJ4: 0 | KK4: 359.5 | KL4: 630.25 | KM4: 0 | KN4: 0 | KO4: 4560.75 | KP4: 0 | KQ4: 2290 | KR4: 0 | KS4: 634 | KT4: 204861.5 | KU4: 0 | KV4: 0 | KW4: 6615.5 | KX4: 415 | KY4: 0 | KZ4: 0 | LA4: 0 | LB4: 0 | LC4: 0 | LD4: 0 | LE4: 11523.75 | LF4: 881.41802 | LG4: 4064.3708 | LH4: 0 | LI4: 137.1523 | LJ4: 335.77587 | LK4: 0
A5: CC0037 | B5: 227682 | C5: 2.7142857 | D5: 1 | E5: 5 | F5: 71.865235 | G5: 80.05713 | H5: 79.54492 | I5: 70.6748 | J5: 46.880375 | K5: 84.371095 | L5: 67.025875 | M5: 172.49023 | N5: 131.49414 | O5: 81.57178 | P5: 73.60986 | Q5: 109.19727 | R5: 100.72168 | S5: 5.969725 | T5: 64.891115 | U5: 127.22608 | V5: 57.63623 | W5: 102.95606 | X5: 96.70801 | Y5: 120.99171 | Z5: 119.07422 | AA5: 144.27588 | AB5: 137.26122 | AC5: 130.63818 | AD5: 1078.3682 | AE5: 426.0708 | AF5: 154.89307 | AG5: 844.70799 | AH5: 861.43456 | AI5: 1119.3496 | AJ5: 296.82959 | AK5: 288.375 | AL5: 41.214845 | AM5: 274.88524 | AN5: 91.9668 | AO5: 25.14404 | AP5: 88.54736 | AQ5: 3.83252 | AR5: 0.154785 | AS5: 389.34911 | AT5: 116.93945 | AU5: 70.88135 | AV5: 85.77198 | AW5: 0 | AX5: 84.91113 | AY5: 8.043455 | AZ5: 333.86329 | BA5: 79.100585 | BB5: 1.145505 | BC5: 1.03369 | BD5: 6.84766 | BE5: 0 | BF5: 0 | BG5: 4.55029 | BH5: 0 | BI5: 1.83643 | BJ5: 1.097165 | BK5: 0.25537 | BL5: 6.314945 | BM5: 0 | BN5: 13.59277 | BO5: 0 | BP5: 11.40918 | BQ5: 11.71973 | BR5: 0 | BS5: 0 | BT5: 9.879885 | BU5: 7.541505 | BV5: 9.95703 | BW5: 4.944825 | BX5: 21.250975 | BY5: 6.738275 | BZ5: 54.591795 | CA5: 38.81885 | CB5: 23.342775 | CC5: 52.48633 | CD5: 55.050775 | CE5: 49.938965 | CF5: 37.79395 | CG5: 21.20312 | CH5: 11.970215 | CI5: 25.77344 | CJ5: 9.87646 | CK5: 2.340825 | CL5: 32.905275 | CM5: 0 | CN5: 0 | CO5: 4.884275 | CP5: 3.87695 | CQ5: 0 | CR5: 2.739745 | CS5: 0 | CT5: 11.068365 | CU5: 6.690915 | CV5: 0.22412 | CW5: 9.1084 | CX5: 0.437985 | CY5: 0 | CZ5: 0 | DA5: 0 | DB5: 0 | DC5: 4.88574 | DD5: 0 | DE5: 0 | DF5: 8.46191 | DG5: 1.399905 | DH5: 1.746585 | DI5: 4.2583 | DJ5: 12.51269 | DK5: 0 | DL5: 8.20752 | DM5: 8.146485 | DN5: 3.806155 | DO5: 0 | DP5: 8.674315 | DQ5: 11.708985 | DR5: 7.92871 | DS5: 1.32129 | DT5: 3.111815 | DU5: 2.782225 | DV5: 6783.8466 | DW5: 4067.6167 | DX5: 2683.604 | DY5: 6795.9101 | DZ5: 7069.48 | EA5: 7089.1145 | EB5: 6244.9557 | EC5: 5990.5641 | ED5: 1329.1309 | EE5: 8619.9623 | EF5: 9335.436 | EG5: 8220.7011 | EH5: 10100.871 | EI5: 633.46241 | EJ5: 367.10645 | EK5: 7933.6308 | EL5: 5120.4658 | EM5: 5800.5415 | EN5: 3577.8584 | EO5: 173.70947 | EP5: 158.83642 | EQ5: 443.51758 | ER5: 5326.836 | ES5: 364.79053 | ET5: 3281.9498 | EU5: 1014.3037 | EV5: 546.31592 | EW5: 2967.7876 | EX5: 2889.0796 | EY5: 3465.5478 | EZ5: 2274.2919 | FA5: 2725.96 | FB5: 198.64941 | FC5: 4560.0961 | FD5: 6535.4189 | FE5: 5362.9526 | FF5: 7715.5322 | FG5: 17.744625 | FH5: 16.869145 | FI5: 4527.8041 | FJ5: 1954.1075 | FK5: 2004.9067 | FL5: 876.14795 | FM5: 5.927245 | FN5: 49.609865 | FO5: 157.29444 | FP5: 1913.71 | FQ5: 63.577145 | FR5: 12125.24 | FS5: 11605.101 | FT5: 8612.8726 | FU5: 14318.521 | FV5: 14266.336 | FW5: 12885.346 | FX5: 7995.093 | FY5: 9769.9337 | FZ5: 1390.019 | GA5: 0 | GB5: 2744.6533 | GC5: 1288.6074 | GD5: 1171.5972 | GE5: 0 | GF5: 0 | GG5: 6524.4608 | GH5: 0 | GI5: 6327.9073 | GJ5: 5590.639 | GK5: 0 | GL5: 1995.5278 | GM5: 8.50244 | GN5: 6097.299 | GO5: 10362.382 | GP5: 13520.22 | GQ5: 8929.2326 | GR5: 5507.0039 | GS5: 13783.746 | GT5: 13844.569 | GU5: 13609.669 | GV5: 5827.8331 | GW5: 6923.6226 | GX5: 189.27246 | GY5: 0 | GZ5: 176.52295 | HA5: 70.524905 | HB5: 172.29883 | HC5: 0 | HD5: 0 | HE5: 5443.2256 | HF5: 0 | HG5: 2883.1079 | HH5: 2700.397 | HI5: 0 | HJ5: 110.58886 | HK5: 8.277345 | HL5: 4943.5101 | HM5: 5538.0674 | HN5: 11039.481 | HO5: 6921.798 | HP5: 4066.5956 | HQ5: 10698.675 | HR5: 9940.5174 | HS5: 10901.776 | HT5: 497.46123 | HU5: 5892.4847 | HV5: 824.92187 | HW5: 0 | HX5: 1003.6387 | HY5: 520.31592 | HZ5: 1055.2832 | IA5: 50.033695 | IB5: 23.00733 | IC5: 4412.5489 | ID5: 0 | IE5: 2575.0171 | IF5: 2799.021 | IG5: 0 | IH5: 116.93506 | II5: 9.69971 | IJ5: 5492.3945 | IK5: 4958.7079 | IL5: 11887.379 | IM5: 7385.283 | IN5: 4425.0874 | IO5: 11134.505 | IP5: 11264.482 | IQ5: 11901.047 | IR5: 989.30695 | IS5: 5137.3315 | IT5: 67.813475 | IU5: 0 | IV5: 84.70166 | IW5: 24.17041 | IX5: 181.8667 | IY5: 0 | IZ5: 0 | JA5: 3536.1201 | JB5: 0 | JC5: 702.49853 | JD5: 859.67629 | JE5: 0 | JF5: 57.24756 | JG5: 10.74463 | JH5: 3804.67 | JI5: 4003.1699 | JJ5: 5746.6001 | JK5: 3611.4493 | JL5: 2784.7954 | JM5: 6578.0089 | JN5: 6402.7403 | JO5: 6580.1074 | JP5: 738.46841 | JQ5: 4912.6597 | JR5: 1516.7432 | JS5: 0 | JT5: 7524.9977 | JU5: 7066.1152 | JV5: 5335.0425 | JW5: 811.74315 | JX5: 557.74707 | JY5: 6708.1138 | JZ5: 0 | KA5: 5565.4898 | KB5: 3512.6259 | KC5: 59.77246 | KD5: 105.70703 | KE5: 177.5498 | KF5: 5274.0723 | KG5: 232.15527 | KH5: 239065.25 | KI5: 1001.75 | KJ5: 2007.25 | KK5: 17140 | KL5: 15398.75 | KM5: 111304.25 | KN5: 3060.25 | KO5: 3323 | KP5: 2550 | KQ5: 2206.5 | KR5: 0 | KS5: 26.75 | KT5: 1042.25 | KU5: 0 | KV5: 0 | KW5: 5855.25 | KX5: 1367.5 | KY5: 1017.25 | KZ5: 363.25 | LA5: 0 | LB5: 0 | LC5: 0 | LD5: 7456.25 | LE5: 16149.75 | LF5: 431.07715 | LG5: 3617.7949 | LH5: 0 | LI5: 1594.0051 | LJ5: 5.9333957 | LK5: 0
A6: CC0037 | B6: 234930 | C6: 7.8571429 | D6: 2 | E6: 5 | F6: 113.28711 | G6: 127.51075 | H6: 136.72314 | I6: 104.92578 | J6: 96.83838 | K6: 106.69287 | L6: 79.85693 | M6: 319.75928 | N6: 120.39356 | O6: 134.36524 | P6: 148.96729 | Q6: 106.75 | R6: 170.06592 | S6: 5.404295 | T6: 107.60352 | U6: 204.65723 | V6: 122.29736 | W6: 192.44531 | X6: 202.41651 | Y6: 146.10449 | Z6: 135.64404 | AA6: 215.90577 | AB6: 245.46143 | AC6: 176.05225 | AD6: 1182.041 | AE6: 872.56152 | AF6: 404.90528 | AG6: 716.54492 | AH6: 708.67578 | AI6: 544.72752 | AJ6: 303.58105 | AK6: 344.55371 | AL6: 104.99512 | AM6: 294.0879 | AN6: 373.33106 | AO6: 103.49267 | AP6: 383.47901 | AQ6: 38.640135 | AR6: 36.76367 | AS6: 3421.44 | AT6: 1125.9678 | AU6: 296.07031 | AV6: 334.55713 | AW6: 10.506835 | AX6: 63.41748 | AY6: 8.66601 | AZ6: 6487.3463 | BA6: 70.754885 | BB6: 4.208985 | BC6: 4.17285 | BD6: 5.43164 | BE6: 0 | BF6: 0 | BG6: 6.463865 | BH6: 0 | BI6: 5.677245 | BJ6: 0 | BK6: 0 | BL6: 5.484375 | BM6: 0 | BN6: 16.86767 | BO6: 0 | BP6: 10.47168 | BQ6: 16.044925 | BR6: 0 | BS6: 0 | BT6: 11.43164 | BU6: 10.50879 | BV6: 14.834475 | BW6: 9.336915 | BX6: 35.589355 | BY6: 6.89306 | BZ6: 15.679685 | CA6: 8.308105 | CB6: 3.645015 | CC6: 8.217775 | CD6: 8.398435 | CE6: 14.73291 | CF6: 7.84424 | CG6: 2.562495 | CH6: 6.019525 | CI6: 17.102055 | CJ6: 4.685055 | CK6: 0 | CL6: 22.435545 | CM6: 0 | CN6: 0 | CO6: 0.793945 | CP6: 1.697265 | CQ6: 0 | CR6: 1.10791 | CS6: 0 | CT6: 9.77344 | CU6: 7.91992 | CV6: 1.45996 | CW6: 8.666015 | CX6: 0 | CY6: 0 | CZ6: 2.12061 | DA6: 0 | DB6: 0 | DC6: 5.22656 | DD6: 0 | DE6: 0 | DF6: 4.987795 | DG6: 2.540525 | DH6: 1.911135 | DI6: 4.514645 | DJ6: 11.84033 | DK6: 0 | DL6: 8.14209 | DM6: 6.79687 | DN6: 4.058105 | DO6: 0 | DP6: 11.42529 | DQ6: 8.092285 | DR6: 6.572265 | DS6: 2.34961 | DT6: 4.297365 | DU6: 5.070315 | DV6: 2135.8174 | DW6: 859.27978 | DX6: 743.94384 | DY6: 1082.8906 | DZ6: 1110.1729 | EA6: 1373.168 | EB6: 1062.5679 | EC6: 2799.1616 | ED6: 555.14796 | EE6: 2549.2652 | EF6: 4281.2202 | EG6: 3099.5102 | EH6: 5433.5478 | EI6: 109.59619 | EJ6: 300.16895 | EK6: 3584.0654 | EL6: 1305.2876 | EM6: 2812.3374 | EN6: 712.91601 | EO6: 101.40185 | EP6: 106.68066 | EQ6: 152.63281 | ER6: 2635.686 | ES6: 171.12988 | ET6: 438.47706 | EU6: 70.91992 | EV6: 95.271975 | EW6: 112.54297 | EX6: 110.94336 | EY6: 183.57617 | EZ6: 59.330565 | FA6: 853.0791 | FB6: 194.06592 | FC6: 717.43359 | FD6: 1330.4053 | FE6: 846.6753 | FF6: 2683.2637 | FG6: 0 | FH6: 33.90723 | FI6: 1143.2793 | FJ6: 123.64063 | FK6: 601.76953 | FL6: 70.540525 | FM6: 9.5332 | FN6: 33.5083 | FO6: 120.13575 | FP6: 1183.2949 | FQ6: 84.295895 | FR6: 13397.472 | FS6: 9960.1371 | FT6: 6541.6089 | FU6: 13080.396 | FV6: 13190.726 | FW6: 12275.565 | FX6: 6978.5655 | FY6: 8301.6487 | FZ6: 520.17385 | GA6: 0 | GB6: 4548.5274 | GC6: 1830.9272 | GD6: 805.90282 | GE6: 0 | GF6: 0 | GG6: 9179.2015 | GH6: 611.147 | GI6: 5014.4903 | GJ6: 4796.9633 | GK6: 0 | GL6: 374.09864 | GM6: 10.9458 | GN6: 13665.939 | GO6: 6206.169 | GP6: 12858.82 | GQ6: 8002.1021 | GR6: 4337.5606 | GS6: 11025.088 | GT6: 10511.65 | GU6: 10856.82 | GV6: 4060.4496 | GW6: 5546.7447 | GX6: 34.223145 | GY6: 0 | GZ6: 1879.3774 | HA6: 286.34571 | HB6: 226.74854 | HC6: 0 | HD6: 0 | HE6: 10936.696 | HF6: 1510.0044 | HG6: 2413.9731 | HH6: 2662.4312 | HI6: 0 | HJ6: 0 | HK6: 10.875485 | HL6: 19074.581 | HM6: 2251.7954 | HN6: 9736.2741 | HO6: 5156.332 | HP6: 2715.7202 | HQ6: 7577.75 | HR6: 7977.6699 | HS6: 8999.7082 | HT6: 0 | HU6: 4876.94 | HV6: 385.13085 | HW6: 0 | HX6: 2604.6856 | HY6: 769.46973 | HZ6: 332.88477 | IA6: 105.646 | IB6: 42.06006 | IC6: 8276.4417 | ID6: 0 | IE6: 1964.4287 | IF6: 2299.8081 | IG6: 0 | IH6: 46.998045 | II6: 14.4541 | IJ6: 16142.58 | IK6: 4714.1362 | IL6: 11794.482 | IM6: 3674.3076 | IN6: 817.97069 | IO6: 6823.662 | IP6: 6758.211 | IQ6: 9801.3374 | IR6: 0 | IS6: 2973.1128 | IT6: 30.855955 | IU6: 0 | IV6: 530.57178 | IW6: 40.41943 | IX6: 70.67578 | IY6: 0 | IZ6: 0.03564 | JA6: 9963.1405 | JB6: 0 | JC6: 212.89893 | JD6: 419.3501 | JE6: 0 | JF6: 21.792485 | JG6: 11.558595 | JH6: 18410.294 | JI6: 3278.8408 | JJ6: 2299.7378 | JK6: 737.31445 | JL6: 876.35448 | JM6: 1475.5977 | JN6: 1407.4556 | JO6: 1935.4131 | JP6: 0 | JQ6: 2434.2886 | JR6: 726.89942 | JS6: 0 | JT6: 4271.9679 | JU6: 3297.8945 | JV6: 3632.9136 | JW6: 7.45117 | JX6: 238.38135 | JY6: 7352.2832 | JZ6: 0 | KA6: 3489.5395 | KB6: 767.08641 | KC6: 20.09375 | KD6: 35.770015 | KE6: 87.523925 | KF6: 2535.3716 | KG6: 35.569335 | KH6: 0 | KI6: 1694 | KJ6: 5494.75 | KK6: 1758 | KL6: 2484 | KM6: 23.75 | KN6: 0 | KO6: 5540 | KP6: 3084.75 | KQ6: 4172.5 | KR6: 0 | KS6: 427.25 | KT6: 20154.75 | KU6: 0 | KV6: 0 | KW6: 7249.25 | KX6: 6848 | KY6: 445.5 | KZ6: 1982.25 | LA6: 2915.75 | LB6: 0 | LC6: 0 | LD6: 170764.5 | LE6: 15098.25 | LF6: 0 | LG6: 3002.5486 | LH6: 0 | LI6: 924.03527 | LJ6: 227.13376 | LK6: 0
A7: CC0037 | B7: 236578 | C7: 9.8571429 | D7: 2 | E7: 5 | F7: 121.77051 | G7: 160.06006 | H7: 158.16699 | I7: 102.32129 | J7: 122.61181 | K7: 175.49415 | L7: 122.97314 | M7: 252.73974 | N7: 189.53564 | O7: 180.43018 | P7: 136.11084 | Q7: 243.40381 | R7: 223.04835 | S7: 18.264645 | T7: 111.61719 | U7: 238.83008 | V7: 181.6333 | W7: 227.63183 | X7: 212.94531 | Y7: 223.45947 | Z7: 270.33008 | AA7: 368.50244 | AB7: 268.87696 | AC7: 183.50439 | AD7: 846.54784 | AE7: 201.04102 | AF7: 88.88721 | AG7: 426.78174 | AH7: 407.99365 | AI7: 664.78859 | AJ7: 198.80761 | AK7: 59.04199 | AL7: 12.0376 | AM7: 63.977045 | AN7: 8.783205 | AO7: 0 | AP7: 20.46143 | AQ7: 0 | AR7: 0 | AS7: 23.15625 | AT7: 6.479005 | AU7: 0 | AV7: 3.92725 | AW7: 0 | AX7: 76.274905 | AY7: 8.02734 | AZ7: 43.671385 | BA7: 30.04053 | BB7: 2.86621 | BC7: 5.224605 | BD7: 8.174315 | BE7: 0 | BF7: 0 | BG7: 7.066895 | BH7: 0 | BI7: 10.324705 | BJ7: 0.92041 | BK7: 1.176265 | BL7: 9.052735 | BM7: 0 | BN7: 19.39892 | BO7: 0 | BP7: 12.201175 | BQ7: 15.482915 | BR7: 0 | BS7: 0 | BT7: 14.369135 | BU7: 17.09424 | BV7: 17.285155 | BW7: 7.28418 | BX7: 44.55713 | BY7: 9.217775 | BZ7: 47.107425 | CA7: 27.8291 | CB7: 15.749505 | CC7: 34.245605 | CD7: 37.16601 | CE7: 39.882325 | CF7: 31.93897 | CG7: 17.52685 | CH7: 10.758785 | CI7: 23.348635 | CJ7: 9.91015 | CK7: 1.24219 | CL7: 27.946285 | CM7: 0 | CN7: 0 | CO7: 9.28613 | CP7: 4.262695 | CQ7: 0 | CR7: 3.07666 | CS7: 0 | CT7: 12.541995 | CU7: 8.59668 | CV7: 1.539065 | CW7: 9.73291 | CX7: 0.103025 | CY7: 0.42578 | CZ7: 3.289555 | DA7: 0 | DB7: 0 | DC7: 5.62842 | DD7: 0 | DE7: 1.423825 | DF7: 6.96582 | DG7: 1.977055 | DH7: 0.89942 | DI7: 3.982415 | DJ7: 10.359375 | DK7: 0 | DL7: 6.431155 | DM7: 8.174805 | DN7: 2.745605 | DO7: 0 | DP7: 9.595215 | DQ7: 8.463865 | DR7: 7.795895 | DS7: 0.81445 | DT7: 5.17725 | DU7: 4.560055 | DV7: 3679.2548 | DW7: 2421.521 | DX7: 1201.6308 | DY7: 3896.6289 | DZ7: 3743.6426 | EA7: 4031.1289 | EB7: 3091.5639 | EC7: 3931.7749 | ED7: 695.99951 | EE7: 5171.2817 | EF7: 7364.5745 | EG7: 7207.0073 | EH7: 9069.3143 | EI7: 308.43994 | EJ7: 95.970705 | EK7: 6799.3536 | EL7: 3343.7544 | EM7: 3672.1216 | EN7: 2182.2832 | EO7: 119.13379 | EP7: 60.99072 | EQ7: 282.8999 | ER7: 2979.4648 | ES7: 231.52685 | ET7: 1808.7739 | EU7: 542.64453 | EV7: 169.06836 | EW7: 1491.1567 | EX7: 1342.3921 | EY7: 1709.6763 | EZ7: 876.34424 | FA7: 1807.2442 | FB7: 87.60547 | FC7: 3680.019 | FD7: 5498.0488 | FE7: 4997.2207 | FF7: 7461.8139 | FG7: 1.140625 | FH7: 0 | FI7: 4147.5059 | FJ7: 990.31496 | FK7: 1305.5507 | FL7: 546.72363 | FM7: 2.190425 | FN7: 17.79492 | FO7: 101.16797 | FP7: 1033.5996 | FQ7: 57.375975 | FR7: 14406.013 | FS7: 13412.777 | FT7: 10763.926 | FU7: 16311.526 | FV7: 15833.2 | FW7: 15755.809 | FX7: 10598.012 | FY7: 10979.274 | FZ7: 2188.1807 | GA7: 0 | GB7: 3227.2143 | GC7: 1828.2681 | GD7: 1167.6997 | GE7: 0 | GF7: 0 | GG7: 5960.5945 | GH7: 204.78809 | GI7: 6493.272 | GJ7: 6012.9365 | GK7: 0 | GL7: 1447.6338 | GM7: 13.20312 | GN7: 6934.751 | GO7: 12166.641 | GP7: 15453.778 | GQ7: 11052.799 | GR7: 6463.2212 | GS7: 15086.143 | GT7: 15342.568 | GU7: 14843.381 | GV7: 8639.4456 | GW7: 7776.0229 | GX7: 167.2998 | GY7: 0 | GZ7: 244.78174 | HA7: 83.78955 | HB7: 123.45703 | HC7: 0 | HD7: 0 | HE7: 4319.518 | HF7: 0 | HG7: 2422.1733 | HH7: 2013.9199 | HI7: 0 | HJ7: 6.05859 | HK7: 6.526855 | HL7: 4602.3365 | HM7: 8253.1137 | HN7: 11795.885 | HO7: 8529.8693 | HP7: 4621.9199 | HQ7: 11471.665 | HR7: 11605.172 | HS7: 12175.366 | HT7: 1556.8407 | HU7: 6313.1231 | HV7: 357.09326 | HW7: 0 | HX7: 1096.3242 | HY7: 586.98535 | HZ7: 851.51121 | IA7: 15.866215 | IB7: 6.4751 | IC7: 4438.894 | ID7: 0 | IE7: 2347.9497 | IF7: 1871.1885 | IG7: 0 | IH7: 35.21631 | II7: 9.17871 | IJ7: 4192.8624 | IK7: 5861.2041 | IL7: 14470.782 | IM7: 9866.1454 | IN7: 5013.1606 | IO7: 14288.136 | IP7: 14184.744 | IQ7: 14271.161 | IR7: 3542.9354 | IS7: 5979.997 | IT7: 23.306155 | IU7: 0 | IV7: 69.15332 | IW7: 13.248535 | IX7: 141.29834 | IY7: 0 | IZ7: 0 | JA7: 4421.9688 | JB7: 0 | JC7: 626.01806 | JD7: 517.90478 | JE7: 0 | JF7: 30.187015 | JG7: 8.52637 | JH7: 2779.1596 | JI7: 5884.5996 | JJ7: 2901.6865 | JK7: 1916.6197 | JL7: 1110.0947 | JM7: 3530.5458 | JN7: 3591.1924 | JO7: 3518.3047 | JP7: 0 | JQ7: 2780.3843 | JR7: 405.98974 | JS7: 0 | JT7: 5384.5752 | JU7: 4917.8887 | JV7: 3914.1538 | JW7: 247.37646 | JX7: 52.835445 | JY7: 5392.7797 | JZ7: 0 | KA7: 3169.3374 | KB7: 1831.8418 | KC7: 24.959475 | KD7: 23.98828 | KE7: 77.97314 | KF7: 2314.3599 | KG7: 71.30957 | KH7: 316546 | KI7: 2682.75 | KJ7: 5640.25 | KK7: 13199.5 | KL7: 12532.5 | KM7: 63216.25 | KN7: 2854.25 | KO7: 4287.5 | KP7: 2304 | KQ7: 2494.5 | KR7: 0 | KS7: 276 | KT7: 250.5 | KU7: 0 | KV7: 0 | KW7: 8401.25 | KX7: 4148 | KY7: 1459 | KZ7: 1723.25 | LA7: 1583.5 | LB7: 0 | LC7: 0 | LD7: 8499 | LE7: 23318.75 | LF7: 0 | LG7: 1245.4154 | LH7: 0 | LI7: 1165.5799 | LJ7: 456.53145 | LK7: 0
A8: CC0037 | B8: 282172 | C8: 31.571429 | D8: 3 | E8: 5 | F8: 82.712405 | G8: 83.29932 | H8: 86.84619 | I8: 53.453615 | J8: 62.3667 | K8: 53.391605 | L8: 61.674805 | M8: 116.90966 | N8: 78.708495 | O8: 83.44971 | P8: 61.856935 | Q8: 80.61377 | R8: 86.099615 | S8: 2.779785 | T8: 71.61426 | U8: 194.19287 | V8: 69.42236 | W8: 78.524415 | X8: 67.891115 | Y8: 107.84376 | Z8: 85.71094 | AA8: 144.35156 | AB8: 111.80322 | AC8: 88.80859 | AD8: 233.69775 | AE8: 82.730955 | AF8: 41.204595 | AG8: 170.16015 | AH8: 182.62695 | AI8: 274.39062 | AJ8: 64.73535 | AK8: 41.089355 | AL8: 11.973145 | AM8: 29.21533 | AN8: 11.990725 | AO8: 0.19336 | AP8: 21.352055 | AQ8: 0 | AR8: 0 | AS8: 54.185545 | AT8: 19.1792 | AU8: 7.996095 | AV8: 15.03809 | AW8: 0 | AX8: 52.64453 | AY8: 9.390135 | AZ8: 29.607905 | BA8: 60.243655 | BB8: 4.90039 | BC8: 1.61621 | BD8: 5.501465 | BE8: 0 | BF8: 0 | BG8: 6.541505 | BH8: 0 | BI8: 8.21094 | BJ8: 0 | BK8: 0 | BL8: 4.234375 | BM8: 0 | BN8: 14.284175 | BO8: 0 | BP8: 8.223635 | BQ8: 13.41895 | BR8: 0.71289 | BS8: 0 | BT8: 13.44238 | BU8: 8.857915 | BV8: 11.47949 | BW8: 23.796385 | BX8: 26.53125 | BY8: 5.02832 | BZ8: 26.05957 | CA8: 15.50488 | CB8: 8.630855 | CC8: 19.4292 | CD8: 21.446285 | CE8: 27.00977 | CF8: 17.14893 | CG8: 13.682125 | CH8: 10.015625 | CI8: 20.22559 | CJ8: 7.940425 | CK8: 0.02637 | CL8: 26.367675 | CM8: 0 | CN8: 0 | CO8: 9.0083 | CP8: 4.00098 | CQ8: 0 | CR8: 2.571775 | CS8: 0 | CT8: 11.93653 | CU8: 11.37988 | CV8: 1.37451 | CW8: 10.29688 | CX8: 0 | CY8: 0 | CZ8: 0.10694 | DA8: 0 | DB8: 0 | DC8: 3.86328 | DD8: 0 | DE8: 0 | DF8: 6.322755 | DG8: 1.15918 | DH8: 1.059085 | DI8: 4.09863 | DJ8: 9.066895 | DK8: 0 | DL8: 9.111325 | DM8: 3.231445 | DN8: 3.58252 | DO8: 0 | DP8: 7.913575 | DQ8: 7.46045 | DR8: 6.30176 | DS8: 6.347165 | DT8: 4.030765 | DU8: 2.99414 | DV8: 3957.8666 | DW8: 2141.1694 | DX8: 1093.8706 | DY8: 3473.9297 | DZ8: 3694.8184 | EA8: 3317.1499 | EB8: 2482.7808 | EC8: 3974.2139 | ED8: 580.12647 | EE8: 8164.1203 | EF8: 9330.8425 | EG8: 7683.0187 | EH8: 9848.1693 | EI8: 240.73779 | EJ8: 64.02344 | EK8: 7407.2735 | EL8: 3023.1416 | EM8: 3495.1455 | EN8: 2400.3784 | EO8: 153.44239 | EP8: 65.58789 | EQ8: 359.13135 | ER8: 3638.0376 | ES8: 428.1792 | ET8: 1558.3936 | EU8: 431.6997 | EV8: 117.57374 | EW8: 1328.0259 | EX8: 1389.3472 | EY8: 1285.7105 | EZ8: 542.84034 | FA8: 1572.5073 | FB8: 72.595705 | FC8: 4939.3276 | FD8: 6114.6294 | FE8: 4642.0131 | FF8: 7814.0176 | FG8: 0 | FH8: 0 | FI8: 4686.1915 | FJ8: 873.25928 | FK8: 1062.6572 | FL8: 614.89941 | FM8: 2.67285 | FN8: 17.19727 | FO8: 120.83398 | FP8: 1155.3305 | FQ8: 65.74951 | FR8: 14120.771 | FS8: 11694.42 | FT8: 8009.2419 | FU8: 15582.398 | FV8: 15307.895 | FW8: 14251.622 | FX8: 9488.7115 | FY8: 9541.9002 | FZ8: 497.3413 | GA8: 0 | GB8: 2655.8447 | GC8: 1092.9829 | GD8: 629.94093 | GE8: 0 | GF8: 0 | GG8: 5114.5537 | GH8: 0 | GI8: 3694.4229 | GJ8: 2648.9682 | GK8: 0 | GL8: 566.00682 | GM8: 12.76709 | GN8: 5544.0715 | GO8: 13540.689 | GP8: 14274.163 | GQ8: 9670.6386 | GR8: 5182.4474 | GS8: 13924.688 | GT8: 13865.851 | GU8: 13884.748 | GV8: 6737.2061 | GW8: 6111.5009 | GX8: 9.500975 | GY8: 0 | GZ8: 156.88428 | HA8: 22.66992 | HB8: 29.528805 | HC8: 0 | HD8: 0 | HE8: 2729.3759 | HF8: 0 | HG8: 861.60987 | HH8: 343.99757 | HI8: 0 | HJ8: 0 | HK8: 8.20996 | HL8: 3879.3458 | HM8: 11340.802 | HN8: 9592.0041 | HO8: 6484.6391 | HP8: 3143.6245 | HQ8: 9718.6696 | HR8: 9441.6514 | HS8: 10184.766 | HT8: 0 | HU8: 4342.7623 | HV8: 31.969725 | HW8: 0 | HX8: 725.61425 | HY8: 272.58155 | HZ8: 375.25586 | IA8: 0 | IB8: 0 | IC8: 2560.124 | ID8: 0 | IE8: 865.43165 | IF8: 606.79736 | IG8: 0 | IH8: 35.845705 | II8: 9.12451 | IJ8: 2931.3433 | IK8: 6585.0146 | IL8: 11750.632 | IM8: 6381.5362 | IN8: 1507.5532 | IO8: 11332.932 | IP8: 11102.109 | IQ8: 12422.873 | IR8: 0 | IS8: 2932.6856 | IT8: 8.02051 | IU8: 0 | IV8: 41.783205 | IW8: 0.02734 | IX8: 69.624025 | IY8: 0 | IZ8: 0 | JA8: 2139.21 | JB8: 0 | JC8: 67.67578 | JD8: 39.752435 | JE8: 0 | JF8: 19.694825 | JG8: 8.1958 | JH8: 1555.3062 | JI8: 7668.8257 | JJ8: 3739.605 | JK8: 2086.6577 | JL8: 923.6499 | JM8: 4199.452 | JN8: 3943.8271 | JO8: 4206.0074 | JP8: 0 | JQ8: 3230.1075 | JR8: 154.58155 | JS8: 0 | JT8: 7826.1548 | JU8: 7445.7295 | JV8: 5539.7225 | JW8: 201.68847 | JX8: 0 | JY8: 7287.3463 | JZ8: 0 | KA8: 3883.8941 | KB8: 2134.7954 | KC8: 28.67578 | KD8: 24.617675 | KE8: 115.71631 | KF8: 3011.9873 | KG8: 211.24413 | KH8: 2357 | KI8: 0 | KJ8: 0 | KK8: 364 | KL8: 677.5 | KM8: 472.5 | KN8: 0 | KO8: 0 | KP8: 0 | KQ8: 470.25 | KR8: 0 | KS8: 0 | KT8: 1914.25 | KU8: 0 | KV8: 0 | KW8: 1552.75 | KX8: 0 | KY8: 0 | KZ8: 0 | LA8: 0 | LB8: 0 | LC8: 0 | LD8: 0 | LE8: 10875.75 | LF8: 491.38436 | LG8: 4443.8919 | LH8: 0 | LI8: 1461.8267 | LJ8: 303.81644 | LK8: 0
A9: CC0051 | B9: 237846 | C9: 7.4285714 | D9: 2 | E9: 1 | F9: 972.86671 | G9: 1602.6738 | H9: 1818.9634 | I9: 934.15332 | J9: 1193.1738 | K9: 1339.6167 | L9: 923.44433 | M9: 2699.3618 | N9: 1274.9375 | O9: 1993.9575 | P9: 1638.2071 | Q9: 1687.6651 | R9: 3620.4198 | S9: 227.03125 | T9: 568.37159 | U9: 2631.3834 | V9: 1764.0893 | W9: 2316.4912 | X9: 1758.6773 | Y9: 1809.6568 | Z9: 1135.9458 | AA9: 3167.1567 | AB9: 1842.3491 | AC9: 1846.1172 | AD9: 1380.1401 | AE9: 782.77831 | AF9: 256.40771 | AG9: 485.43554 | AH9: 522.74803 | AI9: 369.01172 | AJ9: 385.31739 | AK9: 5544.6738 | AL9: 1378.5552 | AM9: 3063.2299 | AN9: 3654.0264 | AO9: 1403.6826 | AP9: 2076.5532 | AQ9: 109.22119 | AR9: 249.0586 | AS9: 3130.0005 | AT9: 1748.8467 | AU9: 1145.1011 | AV9: 1018.8521 | AW9: 0 | AX9: 609.75879 | AY9: 29.35205 | AZ9: 4917.5123 | BA9: 468.77198 | BB9: 39.2251 | BC9: 49.29199 | BD9: 51.378905 | BE9: 16.750005 | BF9: 26.977045 | BG9: 51.816895 | BH9: 31.895505 | BI9: 92.032225 | BJ9: 61.069335 | BK9: 53.535155 | BL9: 37.591795 | BM9: 46.455075 | BN9: 117.07715 | BO9: 0 | BP9: 42.620605 | BQ9: 116.26563 | BR9: 52.445795 | BS9: 58.512205 | BT9: 59.043945 | BU9: 62.839845 | BV9: 78.606445 | BW9: 93.441405 | BX9: 24.808595 | BY9: 51.398435 | BZ9: 5.885255 | CA9: 9.16211 | CB9: 4.08203 | CC9: 2.476075 | CD9: 5.3247 | CE9: 9.200195 | CF9: 4.37598 | CG9: 18.337885 | CH9: 12.384275 | CI9: 20.4126 | CJ9: 11.471675 | CK9: 3.174315 | CL9: 34.21875 | CM9: 0 | CN9: 0 | CO9: 13.057615 | CP9: 6.368165 | CQ9: 0 | CR9: 4.152345 | CS9: 0 | CT9: 9.286625 | CU9: 9.214355 | CV9: 122.50097 | CW9: 10.0376 | CX9: 0 | CY9: 0 | CZ9: 2.8501 | DA9: 0 | DB9: 0 | DC9: 4.68164 | DD9: 0 | DE9: 0 | DF9: 5.23779 | DG9: 2.010255 | DH9: 1.13477 | DI9: 2.364255 | DJ9: 12.869135 | DK9: 0 | DL9: 7.458495 | DM9: 8.730465 | DN9: 2.4458 | DO9: 0 | DP9: 8.188475 | DQ9: 7.31055 | DR9: 5.515625 | DS9: 0.84033 | DT9: 0.970215 | DU9: 1.161135 | DV9: 2121.565 | DW9: 655.73974 | DX9: 229.08252 | DY9: 686.90917 | DZ9: 746.7788 | EA9: 613.9121 | EB9: 1181.6768 | EC9: 1762.0635 | ED9: 88.64404 | EE9: 1051.7304 | EF9: 896.5923 | EG9: 592.87059 | EH9: 611.09816 | EI9: 73.138185 | EJ9: 134.50146 | EK9: 1248.5596 | EL9: 340.21289 | EM9: 391.16943 | EN9: 419.83155 | EO9: 424.43994 | EP9: 705.6328 | EQ9: 673.98193 | ER9: 8790.362 | ES9: 2619.0405 | ET9: 1619.0064 | EU9: 207.89502 | EV9: 43.212405 | EW9: 176.41016 | EX9: 179.57568 | EY9: 134.03418 | EZ9: 320.19579 | FA9: 603.59718 | FB9: 22.882815 | FC9: 275.80127 | FD9: 245.18164 | FE9: 149.34961 | FF9: 169.66943 | FG9: 20.73291 | FH9: 26.24658 | FI9: 569.92382 | FJ9: 23.07764 | FK9: 70.444825 | FL9: 81.51367 | FM9: 128.47071 | FN9: 350.60596 | FO9: 274.66162 | FP9: 6682.2119 | FQ9: 5449.496 | FR9: 5612.634 | FS9: 4719.9741 | FT9: 397.92725 | FU9: 933.89015 | FV9: 684.45266 | FW9: 1298.3594 | FX9: 0 | FY9: 9881.5117 | FZ9: 1263.3955 | GA9: 0 | GB9: 8480.3623 | GC9: 4033.397 | GD9: 7796.4225 | GE9: 0 | GF9: 0 | GG9: 6464.48 | GH9: 0 | GI9: 5226.458 | GJ9: 3573.484 | GK9: 0 | GL9: 1067.565 | GM9: 23.62256 | GN9: 2807.1806 | GO9: 1881.5425 | GP9: 2172.5825 | GQ9: 1284.9321 | GR9: 9.242185 | GS9: 101.2666 | GT9: 13.004395 | GU9: 135.2036 | GV9: 0 | GW9: 7284.5611 | GX9: 178.40185 | GY9: 0 | GZ9: 5548.7729 | HA9: 976.26952 | HB9: 2904.9638 | HC9: 0 | HD9: 0 | HE9: 4403.0205 | HF9: 0 | HG9: 1805.7193 | HH9: 1081.9975 | HI9: 0 | HJ9: 3.974605 | HK9: 15.65381 | HL9: 1504.1934 | HM9: 94.92285 | HN9: 2842.2417 | HO9: 1897.0269 | HP9: 116.10693 | HQ9: 962.89163 | HR9: 1076.7627 | HS9: 1665.7075 | HT9: 0 | HU9: 4841.8872 | HV9: 318.35059 | HW9: 0 | HX9: 4123.2353 | HY9: 1192.5591 | HZ9: 961.47216 | IA9: 42.87989 | IB9: 233.92334 | IC9: 6421.5933 | ID9: 0 | IE9: 3252.3335 | IF9: 2567.7666 | IG9: 0 | IH9: 78.435545 | II9: 16.79199 | IJ9: 1975.1284 | IK9: 548.20459 | IL9: 2074.3208 | IM9: 682.97655 | IN9: 12.121095 | IO9: 111.5708 | IP9: 123.13818 | IQ9: 424.92773 | IR9: 0 | IS9: 4987.0386 | IT9: 22.214845 | IU9: 0 | IV9: 3416.7652 | IW9: 133.99902 | IX9: 204.68311 | IY9: 0 | IZ9: 0 | JA9: 9151.4345 | JB9: 0 | JC9: 1449.0825 | JD9: 888.41651 | JE9: 0 | JF9: 26.405765 | JG9: 9.75537 | JH9: 521.96533 | JI9: 56.78223 | JJ9: 684.82321 | JK9: 195.32763 | JL9: 53.63867 | JM9: 268.30663 | JN9: 318.65918 | JO9: 253.03809 | JP9: 0 | JQ9: 402.48291 | JR9: 31.560545 | JS9: 0 | JT9: 354.4834 | JU9: 122.7749 | JV9: 309.48925 | JW9: 0 | JX9: 0 | JY9: 3541.3384 | JZ9: 0 | KA9: 63.80078 | KB9: 96.271485 | KC9: 58.87256 | KD9: 67.207515 | KE9: 64.10742 | KF9: 2506.6763 | KG9: 889.45116 | KH9: 0 | KI9: 485.5 | KJ9: 796.25 | KK9: 9725.5 | KL9: 9691 | KM9: 1939.75 | KN9: 3298 | KO9: 5493 | KP9: 56.5 | KQ9: 9930.75 | KR9: 1055 | KS9: 1648.75 | KT9: 408538.5 | KU9: 0 | KV9: 0 | KW9: 24120 | KX9: 2361.75 | KY9: 681.25 | KZ9: 303.5 | LA9: 0 | LB9: 0 | LC9: 0 | LD9: 0 | LE9: 5083.5 | LF9: 1215.2866 | LG9: 3563.0785 | LH9: 39.75372 | LI9: 91.52625 | LJ9: 900.06415 | LK9: 0
A10: CC0051 | B10: 230544 | C10: 54.428571 | D10: 3 | E10: 1 | F10: 401.57421 | G10: 355.60254 | H10: 516.06346 | I10: 374.53077 | J10: 250.74658 | K10: 607.72069 | L10: 455.95801 | M10: 890.39158 | N10: 577.68457 | O10: 418.26611 | P10: 403.99756 | Q10: 659.89795 | R10: 701.90038 | S10: 45.602535 | T10: 297.17285 | U10: 653.76172 | V10: 376.35205 | W10: 577.57519 | X10: 522.63917 | Y10: 359.88086 | Z10: 482.89941 | AA10: 943.16162 | AB10: 637.25878 | AC10: 611.37208 | AD10: 132.68262 | AE10: 64.93213 | AF10: 23.70069 | AG10: 71.74756 | AH10: 79.998535 | AI10: 52.723145 | AJ10: 38.242185 | AK10: 401.14941 | AL10: 64.84326 | AM10: 310.80273 | AN10: 442.99316 | AO10: 92.392575 | AP10: 271.55713 | AQ10: 0.751465 | AR10: 5.86133 | AS10: 410.78418 | AT10: 111.59913 | AU10: 41.677245 | AV10: 61.305665 | AW10: 0 | AX10: 78.17334 | AY10: 12.09814 | AZ10: 541.86963 | BA10: 38.017575 | BB10: 3.91992 | BC10: 3.281245 | BD10: 9.42578 | BE10: 0 | BF10: 0 | BG10: 7.726075 | BH10: 0 | BI10: 4.28467 | BJ10: 1.139645 | BK10: 0.937495 | BL10: 3.46338 | BM10: 0 | BN10: 18.197265 | BO10: 0 | BP10: 11.73633 | BQ10: 11.57276 | BR10: 0 | BS10: 0 | BT10: 9.20068 | BU10: 7.83496 | BV10: 7.95166 | BW10: 4.42041 | BX10: 0 | BY10: 7.1206 | BZ10: 2.21826 | CA10: 2.04004 | CB10: 0 | CC10: 0 | CD10: 0 | CE10: 6.064455 | CF10: 0 | CG10: 0.387695 | CH10: 6.03955 | CI10: 14.82422 | CJ10: 1.861815 | CK10: 0 | CL10: 19.5 | CM10: 0 | CN10: 0 | CO10: 0.9834 | CP10: 1.94824 | CQ10: 0 | CR10: 0.696775 | CS10: 0 | CT10: 9.32959 | CU10: 8.946775 | CV10: 6.531245 | CW10: 9.3169 | CX10: 0 | CY10: 0 | CZ10: 1.314945 | DA10: 0 | DB10: 0 | DC10: 3.694335 | DD10: 0 | DE10: 0 | DF10: 4.332515 | DG10: 0.76221 | DH10: 1.07813 | DI10: 2.758785 | DJ10: 11.119625 | DK10: 0 | DL10: 6.650875 | DM10: 6.762695 | DN10: 1.59375 | DO10: 0 | DP10: 6.956545 | DQ10: 5.45508 | DR10: 6.33594 | DS10: 0.660155 | DT10: 1.44092 | DU10: 0 | DV10: 1078.7671 | DW10: 316.50635 | DX10: 232.4292 | DY10: 442.84278 | DZ10: 482.12061 | EA10: 320.62451 | EB10: 634.91163 | EC10: 760.00536 | ED10: 254.27734 | EE10: 719.24659 | EF10: 637.00291 | EG10: 368.37793 | EH10: 608.54199 | EI10: 21.945805 | EJ10: 75.36914 | EK10: 578.13574 | EL10: 239.44776 | EM10: 197.92432 | EN10: 203.1084 | EO10: 124.60889 | EP10: 420.59766 | EQ10: 243.29492 | ER10: 11440.152 | ES10: 638.74804 | ET10: 324.54931 | EU10: 48.53906 | EV10: 40.27832 | EW10: 49.39453 | EX10: 50.606445 | EY10: 37.685055 | EZ10: 33.90283 | FA10: 141.14014 | FB10: 108.11768 | FC10: 92.598635 | FD10: 63.989255 | FE10: 28.04346 | FF10: 113.47803 | FG10: 0 | FH10: 5.0459 | FI10: 200.36719 | FJ10: 5.612305 | FK10: 10.09277 | FL10: 18.793455 | FM10: 14.74414 | FN10: 154.71582 | FO10: 66.97168 | FP10: 7524.9536 | FQ10: 594.2158 | FR10: 4226.0625 | FS10: 1050.6587 | FT10: 115.18604 | FU10: 1261.6123 | FV10: 1099.6988 | FW10: 827.04443 | FX10: 0 | FY10: 2736.4326 | FZ10: 0 | GA10: 0 | GB10: 2188.207 | GC10: 0 | GD10: 1771.4946 | GE10: 0 | GF10: 0 | GG10: 4772.6025 | GH10: 0 | GI10: 176.64356 | GJ10: 0 | GK10: 0 | GL10: 0 | GM10: 11.194825 | GN10: 0 | GO10: 223.24414 | GP10: 986.83836 | GQ10: 36.86865 | GR10: 1.27978 | GS10: 173.46533 | GT10: 49.605955 | GU10: 0 | GV10: 0 | GW10: 445.15284 | GX10: 0 | GY10: 0 | GZ10: 323.87354 | HA10: 0 | HB10: 539.74854 | HC10: 0 | HD10: 0 | HE10: 2729.2441 | HF10: 0 | HG10: 0 | HH10: 0 | HI10: 0 | HJ10: 0 | HK10: 6.92969 | HL10: 0 | HM10: 6.94482 | HN10: 1332.0298 | HO10: 134.30665 | HP10: 25.163085 | HQ10: 178.15918 | HR10: 172.31201 | HS10: 621.43358 | HT10: 0 | HU10: 795.96044 | HV10: 33.12353 | HW10: 0 | HX10: 777.55174 | HY10: 32.176765 | HZ10: 56.152835 | IA10: 0 | IB10: 0 | IC10: 6327.9639 | ID10: 0 | IE10: 101.24512 | IF10: 122.06055 | IG10: 0 | IH10: 138.94776 | II10: 8.49707 | IJ10: 402.45117 | IK10: 84.18457 | IL10: 135.87939 | IM10: 11.96045 | IN10: 5.182125 | IO10: 3.574705 | IP10: 5.39355 | IQ10: 39.99268 | IR10: 0 | IS10: 43.901855 | IT10: 10.04541 | IU10: 0 | IV10: 32.72705 | IW10: 0 | IX10: 32.458495 | IY10: 0 | IZ10: 0 | JA10: 6309.3883 | JB10: 0 | JC10: 0 | JD10: 6.44873 | JE10: 0 | JF10: 17.33887 | JG10: 7.025875 | JH10: 7.629885 | JI10: 12.149905 | JJ10: 982.9668 | JK10: 179.35791 | JL10: 225.97314 | JM10: 319.6377 | JN10: 305.25293 | JO10: 283.9043 | JP10: 0 | JQ10: 506.82324 | JR10: 366.35987 | JS10: 0 | JT10: 538.47851 | JU10: 198.8208 | JV10: 300.82567 | JW10: 0 | JX10: 84.610835 | JY10: 4527.5664 | JZ10: 0 | KA10: 75.71533 | KB10: 151.8955 | KC10: 35.29785 | KD10: 127.71973 | KE10: 86.623535 | KF10: 7898.6915 | KG10: 493.24023 | KH10: 0 | KI10: 864 | KJ10: 2632.25 | KK10: 4388 | KL10: 4111.25 | KM10: 929 | KN10: 118 | KO10: 7517.25 | KP10: 2942.75 | KQ10: 7663 | KR10: 688 | KS10: 1275.75 | KT10: 133456.25 | KU10: 0 | KV10: 0 | KW10: 15141.25 | KX10: 3970.5 | KY10: 1251.5 | KZ10: 521.75 | LA10: 0 | LB10: 0 | LC10: 0 | LD10: 0 | LE10: 19465.75 | LF10: 0 | LG10: 3862.3801 | LH10: 358.81456 | LI10: 296.86233 | LJ10: 0 | LK10: 0
A11: CC0054 | B11: 227704 | C11: 1.8571429 | D11: 1 | E11: 5 | F11: 247.50489 | G11: 372.09619 | H11: 368.22852 | I11: 255.26464 | J11: 272.1333 | K11: 344.18408 | L11: 379.0249 | M11: 836.95312 | N11: 393.6079 | O11: 377.31543 | P11: 508.02197 | Q11: 515.75976 | R11: 557.15528 | S11: 39.361325 | T11: 286.8916 | U11: 690.85255 | V11: 417.76806 | W11: 572.13379 | X11: 454.66308 | Y11: 339.31202 | Z11: 410.54688 | AA11: 756.73632 | AB11: 987.4458 | AC11: 401.68994 | AD11: 19.37256 | AE11: 5.02539 | AF11: 0.908695 | AG11: 2.13965 | AH11: 3.359375 | AI11: 7.58301 | AJ11: 2.50537 | AK11: 4.53467 | AL11: 6.92041 | AM11: 15.20459 | AN11: 9.515625 | AO11: 0 | AP11: 20.52002 | AQ11: 0 | AR11: 0 | AS11: 21.566405 | AT11: 9.34863 | AU11: 0 | AV11: 4.75147 | AW11: 0 | AX11: 50.26709 | AY11: 9.07617 | AZ11: 61.035645 | BA11: 9.857425 | BB11: 3.12207 | BC11: 1.433105 | BD11: 6.296875 | BE11: 0 | BF11: 0 | BG11: 6.30371 | BH11: 0 | BI11: 5.603515 | BJ11: 1.12158 | BK11: 0.53125 | BL11: 3.49756 | BM11: 0 | BN11: 18.409665 | BO11: 0 | BP11: 10.70899 | BQ11: 14.135745 | BR11: 0 | BS11: 0 | BT11: 12.208005 | BU11: 5.811525 | BV11: 6.922365 | BW11: 4.46338 | BX11: 11.745605 | BY11: 4.05273 | BZ11: 7.671385 | CA11: 3.186525 | CB11: 1.012695 | CC11: 0 | CD11: 1.50927 | CE11: 5.614745 | CF11: 1.62842 | CG11: 2.676755 | CH11: 7.40039 | CI11: 16.360355 | CJ11: 2.886715 | CK11: 0 | CL11: 18.208985 | CM11: 0 | CN11: 0 | CO11: 2.364255 | CP11: 2.67334 | CQ11: 0 | CR11: 0.512695 | CS11: 0 | CT11: 9.76026 | CU11: 10.440425 | CV11: 13.600095 | CW11: 8.768555 | CX11: 0 | CY11: 0 | CZ11: 1.304205 | DA11: 0 | DB11: 0 | DC11: 3.828125 | DD11: 0 | DE11: 0 | DF11: 4.71582 | DG11: 2.97168 | DH11: 2.259285 | DI11: 3.958005 | DJ11: 11.23242 | DK11: 0 | DL11: 4.952635 | DM11: 7.924315 | DN11: 3.52832 | DO11: 0 | DP11: 8.943845 | DQ11: 7.851565 | DR11: 6.716305 | DS11: 0 | DT11: 2.146 | DU11: 1.174805 | DV11: 639.41749 | DW11: 267.95263 | DX11: 69.13574 | DY11: 1091.6138 | DZ11: 1033.9736 | EA11: 256.00146 | EB11: 436.50244 | EC11: 946.86523 | ED11: 59.979005 | EE11: 2499.9936 | EF11: 1115.6303 | EG11: 366.90918 | EH11: 737.26123 | EI11: 2.9834 | EJ11: 64.104 | EK11: 768.76514 | EL11: 136.20752 | EM11: 545.05077 | EN11: 160.03711 | EO11: 4.711425 | EP11: 41.689455 | EQ11: 203.16748 | ER11: 1679.709 | ES11: 1161.0411 | ET11: 113.62842 | EU11: 23.340815 | EV11: 7.05371 | EW11: 266.17725 | EX11: 260.6997 | EY11: 24.80517 | EZ11: 4.350585 | FA11: 149.01318 | FB11: 7.015625 | FC11: 806.8345 | FD11: 152.61524 | FE11: 25.321295 | FF11: 180.34716 | FG11: 0 | FH11: 1.83203 | FI11: 138.09375 | FJ11: 0 | FK11: 32.31885 | FL11: 11.048825 | FM11: 0 | FN11: 27.43066 | FO11: 57.59912 | FP11: 384.08691 | FQ11: 298.45214 | FR11: 10639.472 | FS11: 8249.9248 | FT11: 2625.5352 | FU11: 7489.8138 | FV11: 7032.567 | FW11: 4086.2394 | FX11: 1721.6287 | FY11: 1573.4873 | FZ11: 0 | GA11: 0 | GB11: 2151.4204 | GC11: 0 | GD11: 1459.4345 | GE11: 0 | GF11: 0 | GG11: 3410.0518 | GH11: 682.94175 | GI11: 5264.673 | GJ11: 5811.1303 | GK11: 0 | GL11: 22.338865 | GM11: 20.06787 | GN11: 9847.7815 | GO11: 2972.7925 | GP11: 7407.1641 | GQ11: 4359.021 | GR11: 251.7539 | GS11: 3177.0767 | GT11: 3066.646 | GU11: 1377.7725 | GV11: 0 | GW11: 90.15137 | GX11: 0 | GY11: 0 | GZ11: 275.81007 | HA11: 0 | HB11: 328.56297 | HC11: 0 | HD11: 0 | HE11: 2156.8783 | HF11: 831.12549 | HG11: 1987.2417 | HH11: 2541.6172 | HI11: 0 | HJ11: 0 | HK11: 8.676755 | HL11: 8542.7161 | HM11: 653.09278 | HN11: 3511.1069 | HO11: 2036.5552 | HP11: 296.67383 | HQ11: 1311.3267 | HR11: 1324.0029 | HS11: 1007.7544 | HT11: 0 | HU11: 229.77784 | HV11: 9.05176 | HW11: 0 | HX11: 346.76855 | HY11: 21.52588 | HZ11: 56.330565 | IA11: 13.915045 | IB11: 0 | IC11: 3416.5444 | ID11: 0 | IE11: 1154.4424 | IF11: 1787.1978 | IG11: 0 | IH11: 28.72998 | II11: 9.527835 | IJ11: 4625.7413 | IK11: 1387.8609 | IL11: 3386.0107 | IM11: 1713.417 | IN11: 62.60986 | IO11: 455.89209 | IP11: 435.79638 | IQ11: 211.88331 | IR11: 0 | IS11: 12.96631 | IT11: 8.59082 | IU11: 0 | IV11: 35.071285 | IW11: 0 | IX11: 28.967775 | IY11: 0 | IZ11: 0 | JA11: 3871.2724 | JB11: 0 | JC11: 712.57957 | JD11: 1175.9018 | JE11: 0 | JF11: 18.487795 | JG11: 8.896485 | JH11: 5447.2696 | JI11: 1546.395 | JJ11: 438.43164 | JK11: 112.97461 | JL11: 21.874995 | JM11: 349.14355 | JN11: 319.62109 | JO11: 169.14942 | JP11: 0 | JQ11: 651.4961 | JR11: 0 | JS11: 0 | JT11: 813.708 | JU11: 147.74267 | JV11: 387.67579 | JW11: 0 | JX11: 0 | JY11: 1046.4077 | JZ11: 0 | KA11: 507.61278 | KB11: 107.33935 | KC11: 0 | KD11: 17.50195 | KE11: 46.00244 | KF11: 1056.313 | KG11: 931.3921 | KH11: 0 | KI11: 0 | KJ11: 556.75 | KK11: 736.75 | KL11: 1416 | KM11: 0 | KN11: 0 | KO11: 6000.5 | KP11: 0 | KQ11: 5913 | KR11: 0 | KS11: 773.75 | KT11: 251460.5 | KU11: 0 | KV11: 0 | KW11: 13506.75 | KX11: 1509.5 | KY11: 0 | KZ11: 0 | LA11: 0 | LB11: 0 | LC11: 0 | LD11: 0 | LE11: 17926.75 | LF11: 825.17734 | LG11: 3024.1392 | LH11: 54.28088 | LI11: 431.61625 | LJ11: 101.90434 | LK11: 0
A12: CC0054 | B12: 236419 | C12: 7 | D12: 2 | E12: 5 | F12: 328.91211 | G12: 320.31738 | H12: 400.44482 | I12: 207.51562 | J12: 242.4746 | K12: 328.39062 | L12: 315.45118 | M12: 652.40526 | N12: 396.70899 | O12: 268.77148 | P12: 418.92285 | Q12: 590.84668 | R12: 552.04932 | S12: 40.7749 | T12: 234.73535 | U12: 611.09082 | V12: 376.37696 | W12: 558.75585 | X12: 407.58985 | Y12: 321.93067 | Z12: 272.86328 | AA12: 418.63526 | AB12: 436.02294 | AC12: 358.06445 | AD12: 402.64502 | AE12: 143.75391 | AF12: 77.450685 | AG12: 315.87841 | AH12: 305.89599 | AI12: 468.07032 | AJ12: 93.799315 | AK12: 41.37402 | AL12: 12.09326 | AM12: 52.503415 | AN12: 16.10547 | AO12: 1.23877 | AP12: 28.027345 | AQ12: 0 | AR12: 0 | AS12: 188.34765 | AT12: 51.214845 | AU12: 26.22217 | AV12: 30.985845 | AW12: 0 | AX12: 62.589845 | AY12: 8.540035 | AZ12: 88.66162 | BA12: 22.61133 | BB12: 6.798825 | BC12: 3.131345 | BD12: 13.92969 | BE12: 0 | BF12: 0 | BG12: 8.335445 | BH12: 0 | BI12: 31.78711 | BJ12: 0.953615 | BK12: 4.371095 | BL12: 5.67969 | BM12: 1.00879 | BN12: 24.651855 | BO12: 0 | BP12: 8.54004 | BQ12: 20.446295 | BR12: 2.909665 | BS12: 1.851075 | BT12: 12.30908 | BU12: 8.45459 | BV12: 12.69629 | BW12: 31.83545 | BX12: 26.1709 | BY12: 9.083985 | BZ12: 36.151855 | CA12: 23.02246 | CB12: 13.129395 | CC12: 26.90674 | CD12: 29.37402 | CE12: 33.91455 | CF12: 23.658695 | CG12: 14.33252 | CH12: 8.643065 | CI12: 21.11524 | CJ12: 8.674805 | CK12: 0.50879 | CL12: 26.918945 | CM12: 0 | CN12: 0 | CO12: 7.22998 | CP12: 3.601565 | CQ12: 0 | CR12: 2.038085 | CS12: 0 | CT12: 11.099125 | CU12: 10.739745 | CV12: 7.793945 | CW12: 9.24463 | CX12: 0 | CY12: 0 | CZ12: 0.51026 | DA12: 0 | DB12: 0 | DC12: 4.98535 | DD12: 0 | DE12: 0 | DF12: 4.79785 | DG12: 1.30713 | DH12: 3.145515 | DI12: 4.770505 | DJ12: 11.127925 | DK12: 0 | DL12: 7.67334 | DM12: 7.35644 | DN12: 1.555175 | DO12: 0 | DP12: 8.1333 | DQ12: 8.69287 | DR12: 7.367675 | DS12: 2.49414 | DT12: 1.205565 | DU12: 2.15869 | DV12: 5295.4564 | DW12: 3075.0816 | DX12: 2047.1509 | DY12: 4736.9697 | DZ12: 4943.0537 | EA12: 5251.6601 | EB12: 4025.5102 | EC12: 4947.5122 | ED12: 920.56982 | EE12: 7364.9162 | EF12: 9176.233 | EG12: 7994.8078 | EH12: 9963.8743 | EI12: 381.96338 | EJ12: 150.72412 | EK12: 7341.9624 | EL12: 3788.5664 | EM12: 4159.7495 | EN12: 2717.4472 | EO12: 156.96631 | EP12: 110.80859 | EQ12: 421.43116 | ER12: 6466.0132 | ES12: 1560.0884 | ET12: 2562.4766 | EU12: 717.31736 | EV12: 371.43652 | EW12: 1851.2041 | EX12: 1778.3403 | EY12: 2404.917 | EZ12: 1084.3906 | FA12: 2300.4361 | FB12: 104.85352 | FC12: 5913.5216 | FD12: 6745.0899 | FE12: 5817.562 | FF12: 7949.769 | FG12: 3.277345 | FH12: 1.75879 | FI12: 4196.0761 | FJ12: 1445.6075 | FK12: 1466.3838 | FL12: 669.43115 | FM12: 3.26367 | FN12: 26.078125 | FO12: 132.21778 | FP12: 2728.2187 | FQ12: 376.41308 | FR12: 13920.711 | FS12: 12676.339 | FT12: 9905.5711 | FU12: 16080.234 | FV12: 15424.433 | FW12: 15015.463 | FX12: 9947.0829 | FY12: 10408.537 | FZ12: 1196.6772 | GA12: 0 | GB12: 2249.5049 | GC12: 1168.809 | GD12: 815.49317 | GE12: 0 | GF12: 0 | GG12: 6209.7334 | GH12: 306.74275 | GI12: 6434.2811 | GJ12: 6030.5044 | GK12: 0 | GL12: 1249.4131 | GM12: 14.45117 | GN12: 7411.543 | GO12: 10026.557 | GP12: 15770.466 | GQ12: 11721.463 | GR12: 8002.1162 | GS12: 16052.761 | GT12: 15888.762 | GU12: 15616.958 | GV12: 8636.4696 | GW12: 7893.7002 | GX12: 137.82373 | GY12: 0 | GZ12: 119.25928 | HA12: 47.371585 | HB12: 123.61816 | HC12: 0 | HD12: 0 | HE12: 5082.8148 | HF12: 0 | HG12: 2990.8975 | HH12: 3122.5503 | HI12: 0 | HJ12: 4.33496 | HK12: 8.321775 | HL12: 6027.3842 | HM12: 6633.444 | HN12: 11800.983 | HO12: 8261.1988 | HP12: 5868.2749 | HQ12: 11145.761 | HR12: 11170.272 | HS12: 11852.055 | HT12: 1386.4862 | HU12: 5973.8267 | HV12: 297.05517 | HW12: 0 | HX12: 802.86131 | HY12: 416.67383 | HZ12: 697.00781 | IA12: 40.808595 | IB12: 8.28174 | IC12: 4538.2779 | ID12: 0 | IE12: 2167.9531 | IF12: 2326.6709 | IG12: 0 | IH12: 71.04785 | II12: 9.1167 | IJ12: 4677.6464 | IK12: 4703.4805 | IL12: 13524.369 | IM12: 8885.2997 | IN12: 4269.6454 | IO12: 13396.179 | IP12: 13996.87 | IQ12: 13833.487 | IR12: 3073.3334 | IS12: 4545.2071 | IT12: 20.07715 | IU12: 0 | IV12: 38.100585 | IW12: 3.92334 | IX12: 100.00195 | IY12: 0 | IZ12: 0 | JA12: 4360.3125 | JB12: 0 | JC12: 617.66162 | JD12: 868.10252 | JE12: 0 | JF12: 24.12256 | JG12: 11.15625 | JH12: 3163.2241 | JI12: 4210.3237 | JJ12: 4904.9644 | JK12: 2978.8926 | JL12: 1812.4399 | JM12: 4984.1596 | JN12: 5123.1143 | JO12: 5727.5708 | JP12: 0 | JQ12: 4271.814 | JR12: 915.01806 | JS12: 0 | JT12: 7864.025 | JU12: 7202.664 | JV12: 5638.4146 | JW12: 473.41063 | JX12: 165.80224 | JY12: 7334.7071 | JZ12: 0 | KA12: 5117.8477 | KB12: 2971.6841 | KC12: 51.28711 | KD12: 59.81982 | KE12: 155.23682 | KF12: 5522.9618 | KG12: 1702.7061 | KH12: 201190.25 | KI12: 1606.25 | KJ12: 2776.75 | KK12: 10618.5 | KL12: 9232.75 | KM12: 38016 | KN12: 748.5 | KO12: 648 | KP12: 1732.5 | KQ12: 1379.5 | KR12: 0 | KS12: 201.75 | KT12: 0 | KU12: 0 | KV12: 0 | KW12: 4321.25 | KX12: 2716.5 | KY12: 526 | KZ12: 1089.75 | LA12: 262.75 | LB12: 0 | LC12: 0 | LD12: 0 | LE12: 13642 | LF12: 543.72371 | LG12: 1214.3679 | LH12: 0 | LI12: 439.20464 | LJ12: 168.82408 | LK12: 0
A13: CC0054 | B13: 793328 | C13: 141.42857 | D13: 3 | E13: 5 | F13: 47.734375 | G13: 51.395025 | H13: 78.07617 | I13: 43.2041 | J13: 29.69775 | K13: 66.30078 | L13: 56.58447 | M13: 133.39942 | N13: 75.789065 | O13: 70.2876 | P13: 57.96045 | Q13: 80.983395 | R13: 93.43067 | S13: 1.753905 | T13: 42.916505 | U13: 101.51758 | V13: 58.34131 | W13: 89.78027 | X13: 90.047855 | Y13: 83.332525 | Z13: 60.263675 | AA13: 101.61231 | AB13: 71.396485 | AC13: 86.67627 | AD13: 16.43506 | AE13: 2.46924 | AF13: 0 | AG13: 4.691895 | AH13: 5.988285 | AI13: 5.29883 | AJ13: 0.413575 | AK13: 0 | AL13: 4.44873 | AM13: 12.84472 | AN13: 130.63917 | AO13: 0 | AP13: 17.257815 | AQ13: 0 | AR13: 0 | AS13: 51.09277 | AT13: 3.61084 | AU13: 0 | AV13: 1.12891 | AW13: 0 | AX13: 34.794435 | AY13: 9.12744 | AZ13: 0 | BA13: 11.8667 | BB13: 4.259765 | BC13: 3.26318 | BD13: 5.486815 | BE13: 0 | BF13: 0 | BG13: 6.71826 | BH13: 0 | BI13: 10.122075 | BJ13: 1.697755 | BK13: 1.335935 | BL13: 7.788575 | BM13: 0 | BN13: 17.075195 | BO13: 0 | BP13: 13.456545 | BQ13: 16.747565 | BR13: 0 | BS13: 0 | BT13: 11.74902 | BU13: 10.44971 | BV13: 6.91211 | BW13: 9.57959 | BX13: 4.820315 | BY13: 4.729495 | BZ13: 5.53613 | CA13: 3.86133 | CB13: 1.20361 | CC13: 0.34717 | CD13: 1.8833 | CE13: 6.69336 | CF13: 1.00391 | CG13: 9.45654 | CH13: 6.17236 | CI13: 14.76807 | CJ13: 1.636715 | CK13: 0 | CL13: 20.12793 | CM13: 0 | CN13: 0 | CO13: 6.533205 | CP13: 2.708495 | CQ13: 0 | CR13: 1.651365 | CS13: 0 | CT13: 10.941405 | CU13: 16.057615 | CV13: 9.95361 | CW13: 10.099615 | CX13: 0 | CY13: 0 | CZ13: 1.17432 | DA13: 0 | DB13: 0 | DC13: 4.032715 | DD13: 0 | DE13: 0 | DF13: 5.27051 | DG13: 0.39795 | DH13: 2.070315 | DI13: 2.92871 | DJ13: 10.97851 | DK13: 0 | DL13: 4.99121 | DM13: 6.41162 | DN13: 2.44531 | DO13: 0 | DP13: 6.56104 | DQ13: 8.285155 | DR13: 2.97705 | DS13: 0.72461 | DT13: 0.452635 | DU13: 2.312505 | DV13: 330.89649 | DW13: 101.73486 | DX13: 29.372065 | DY13: 1471.375 | DZ13: 1367.5943 | EA13: 3949.0195 | EB13: 528.18603 | EC13: 375.11132 | ED13: 29.27685 | EE13: 1096.832 | EF13: 892.07667 | EG13: 100.91993 | EH13: 80.44287 | EI13: 0 | EJ13: 18.904785 | EK13: 802.45165 | EL13: 55.501955 | EM13: 115.35059 | EN13: 87.10205 | EO13: 0 | EP13: 188.19873 | EQ13: 60.935545 | ER13: 9058.96 | ES13: 1942.5894 | ET13: 31.729 | EU13: 8.18945 | EV13: 0.797855 | EW13: 558.59032 | EX13: 432.20655 | EY13: 1018.333 | EZ13: 12.58984 | FA13: 78.486815 | FB13: 6.79346 | FC13: 296.39551 | FD13: 98.84961 | FE13: 2.43604 | FF13: 22.915035 | FG13: 0 | FH13: 0 | FI13: 150.46143 | FJ13: 0 | FK13: 0.174805 | FL13: 4.825685 | FM13: 0 | FN13: 30.83203 | FO13: 27.273925 | FP13: 5664.9652 | FQ13: 553.6499 | FR13: 12029.599 | FS13: 9484.6566 | FT13: 2731.3769 | FU13: 9572.8353 | FV13: 8868.3034 | FW13: 5371.3857 | FX13: 4119.7215 | FY13: 2890.8741 | FZ13: 0 | GA13: 0 | GB13: 12550.375 | GC13: 1486.5054 | GD13: 2116.7655 | GE13: 0 | GF13: 0 | GG13: 12776.749 | GH13: 2528.0302 | GI13: 7376.2949 | GJ13: 8315.8115 | GK13: 0 | GL13: 31.99365 | GM13: 21.10156 | GN13: 6962.011 | GO13: 8010.101 | GP13: 10110.587 | GQ13: 5850.9063 | GR13: 319.54248 | GS13: 5623.6841 | GT13: 5265.8892 | GU13: 2376.0493 | GV13: 559.45133 | GW13: 413.84229 | GX13: 0 | GY13: 0 | GZ13: 10667.239 | HA13: 107.40626 | HB13: 1039.0161 | HC13: 0 | HD13: 0 | HE13: 12216.587 | HF13: 3127.311 | HG13: 3662.5445 | HH13: 4982.8393 | HI13: 0 | HJ13: 0 | HK13: 9.51025 | HL13: 4196.3037 | HM13: 4079.5352 | HN13: 5383.4419 | HO13: 2961.6978 | HP13: 300.88232 | HQ13: 4077.9146 | HR13: 3988.5287 | HS13: 1565.9209 | HT13: 0 | HU13: 558.33009 | HV13: 7.77734 | HW13: 0 | HX13: 5211.9571 | HY13: 305.00294 | HZ13: 56.07715 | IA13: 17.25342 | IB13: 0 | IC13: 11288.68 | ID13: 0 | IE13: 1941.3389 | IF13: 2863.7949 | IG13: 0 | IH13: 97.04834 | II13: 10.31836 | IJ13: 2970.8491 | IK13: 2746.1846 | IL13: 5015.1997 | IM13: 1792.2217 | IN13: 34.2207 | IO13: 2639.3623 | IP13: 2704.9506 | IQ13: 264.70264 | IR13: 0 | IS13: 27.01611 | IT13: 5.96973 | IU13: 0 | IV13: 3264.3091 | IW13: 0 | IX13: 25.145995 | IY13: 0 | IZ13: 0 | JA13: 14210.467 | JB13: 0 | JC13: 1136.1675 | JD13: 1889.6602 | JE13: 0 | JF13: 16.23438 | JG13: 8.098635 | JH13: 1562.4028 | JI13: 2939.8287 | JJ13: 185.81396 | JK13: 26.56641 | JL13: 3.741205 | JM13: 652.4668 | JN13: 538.9707 | JO13: 2130.2534 | JP13: 0 | JQ13: 230.50243 | JR13: 0 | JS13: 0 | JT13: 680.33544 | JU13: 0 | JV13: 27.39013 | JW13: 0 | JX13: 0 | JY13: 4991.4458 | JZ13: 0 | KA13: 2.169435 | KB13: 43.380365 | KC13: 0 | KD13: 85.82031 | KE13: 19.353515 | KF13: 5588.7759 | KG13: 1696.7109 | KH13: 0 | KI13: 0 | KJ13: 0 | KK13: 0 | KL13: 285.75 | KM13: 0 | KN13: 0 | KO13: 1151.75 | KP13: 0 | KQ13: 1772.75 | KR13: 0 | KS13: 0 | KT13: 108236.75 | KU13: 0 | KV13: 0 | KW13: 6528.5 | KX13: 0 | KY13: 0 | KZ13: 0 | LA13: 0 | LB13: 0 | LC13: 0 | LD13: 0 | LE13: 4549.75 | LF13: 49.224555 | LG13: 3269.0832 | LH13: 0 | LI13: 502.92126 | LJ13: 0 | LK13: 0
... A177: CC1452 | B177: 1032281 | C177: 2 | D177: 1 | E177: 4 | F177: 313.73877 | G177: 261.15283 | H177: 247.97461 | I177: 183.25586 | J177: 198.61279 | K177: 334.41211 | L177: 284.49707 | M177: 646.10399 | N177: 196.47949 | O177: 229.51904 | P177: 189.13623 | Q177: 208.54687 | R177: 641.15724 | S177: 13.28076 | T177: 233.0376 | U177: 939.16797 | V177: 338.70362 | W177: 678.69531 | X177: 410.61474 | Y177: 326.00781 | Z177: 262.73047 | AA177: 549.28809 | AB177: 248.37744 | AC177: 462.2378 | AD177: 8.18359 | AE177: 0.84375 | AF177: 0 | AG177: 14.70215 | AH177: 20.93457 | AI177: 14.830565 | AJ177: 0 | AK177: 6.469725 | AL177: 5.30371 | AM177: 16.647455 | AN177: 3.806155 | AO177: 0 | AP177: 43.281255 | AQ177: 0 | AR177: 0 | AS177: 7.03662 | AT177: 0.66846 | AU177: 0 | AV177: 0 | AW177: 0 | AX177: 34.865235 | AY177: 9.14648 | AZ177: 12.2041 | BA177: 8.39404 | BB177: 6.417965 | BC177: 6.53662 | BD177: 16.30078 | BE177: 0 | BF177: 0 | BG177: 5.73437 | BH177: 0 | BI177: 4.18848 | BJ177: 5.339845 | BK177: 2.867185 | BL177: 6.31396 | BM177: 0 | BN177: 24.14404 | BO177: 0 | BP177: 14.339845 | BQ177: 28.71924 | BR177: 9.011715 | BS177: 1.75781 | BT177: 18.760745 | BU177: 53.64795 | BV177: 84.280765 | BW177: 8.288575 | BX177: 19.90332 | BY177: 14.052735 | BZ177: 16.194825 | CA177: 9.083495 | CB177: 7.09619 | CC177: 5.85889 | CD177: 8.01318 | CE177: 7.506835 | CF177: 1.1792 | CG177: 2.380855 | CH177: 7.39648 | CI177: 18.599125 | CJ177: 3.093745 | CK177: 0 | CL177: 28.34033 | CM177: 0 | CN177: 0 | CO177: 0 | CP177: 2.12451 | CQ177: 0 | CR177: 0.278805 | CS177: 0 | CT177: 9.809085 | CU177: 8.052735 | CV177: 72.52295 | CW177: 8.98926 | CX177: 0 | CY177: 0 | CZ177: 0 | DA177: 0 | DB177: 0 | DC177: 3.05859 | DD177: 0 | DE177: 0 | DF177: 3.458005 | DG177: 1.581545 | DH177: 0.017095 | DI177: 2.71582 | DJ177: 9.98388 | DK177: 0 | DL177: 4.87207 | DM177: 4.98681 | DN177: 1.02246 | DO177: 0 | DP177: 7.795895 | DQ177: 5.847655 | DR177: 6.16406 | DS177: 0 | DT177: 0 | DU177: 0 | DV177: 195.02636 | DW177: 26.64844 | DX177: 9.7207 | DY177: 28.316405 | DZ177: 22.49317 | EA177: 29.38281 | EB177: 5.785645 | EC177: 3326.9697 | ED177: 294.96631 | EE177: 3293.1079 | EF177: 1252.2046 | EG177: 499.11621 | EH177: 2020.7261 | EI177: 18.8667 | EJ177: 503.83054 | EK177: 370.72558 | EL177: 112.28907 | EM177: 121.54785 | EN177: 119.57031 | EO177: 2.90088 | EP177: 1081.4209 | EQ177: 215.85986 | ER177: 6325.692 | ES177: 1465.2559 | ET177: 20.71826 | EU177: 4.532225 | EV177: 0 | EW177: 0 | EX177: 0.509275 | EY177: 8.60742 | EZ177: 0 | FA177: 923.62891 | FB177: 37.45264 | FC177: 824.45996 | FD177: 364.44385 | FE177: 73.84229 | FF177: 423.62743 | FG177: 0 | FH177: 25.58301 | FI177: 76.039065 | FJ177: 0 | FK177: 5.995605 | FL177: 10.525875 | FM177: 0 | FN177: 188.76123 | FO177: 146.11328 | FP177: 6350.961 | FQ177: 404.7749 | FR177: 12467.23 | FS177: 8131.3364 | FT177: 3028.4263 | FU177: 9677.9648 | FV177: 9155.0884 | FW177: 8879.4147 | FX177: 5497.0585 | FY177: 7613.3458 | FZ177: 987.21338 | GA177: 0 | GB177: 3069.9703 | GC177: 1115.4385 | GD177: 11865.334 | GE177: 0 | GF177: 0 | GG177: 8702.9865 | GH177: 137.96724 | GI177: 5601.8233 | GJ177: 6056.243 | GK177: 0 | GL177: 6262.9375 | GM177: 13.535155 | GN177: 7459.9435 | GO177: 5207.6572 | GP177: 11177.51 | GQ177: 4467.2729 | GR177: 523.271 | GS177: 6378.266 | GT177: 6584.9482 | GU177: 7003.8995 | GV177: 1847.9836 | GW177: 4255.6117 | GX177: 116.40966 | GY177: 0 | GZ177: 1120.8765 | HA177: 212.42188 | HB177: 10327.731 | HC177: 0 | HD177: 0 | HE177: 7580.2822 | HF177: 1144.3316 | HG177: 2611.5552 | HH177: 3432.3955 | HI177: 0 | HJ177: 2477.8418 | HK177: 9.92725 | HL177: 7094.0493 | HM177: 1667.6231 | HN177: 7425.1718 | HO177: 3314.9068 | HP177: 349.76953 | HQ177: 3765.711 | HR177: 3865.9687 | HS177: 4866.9069 | HT177: 0 | HU177: 1933.7104 | HV177: 69.07373 | HW177: 0 | HX177: 858.08106 | HY177: 192.80078 | HZ177: 4678.9576 | IA177: 21.55567 | IB177: 0 | IC177: 9729.9607 | ID177: 0 | IE177: 3361.0854 | IF177: 3129.312 | IG177: 0 | IH177: 1184.3384 | II177: 9.202635 | IJ177: 4960.0274 | IK177: 2695.3667 | IL177: 7637.0781 | IM177: 1546.9307 | IN177: 17.63574 | IO177: 1525.2402 | IP177: 1474.1939 | IQ177: 2741.8701 | IR177: 0 | IS177: 513.33691 | IT177: 12.616215 | IU177: 0 | IV177: 90.88818 | IW177: 3.44775 | IX177: 3710.667 | IY177: 0 | IZ177: 0 | JA177: 10140.581 | JB177: 0 | JC177: 778.08985 | JD177: 886.26418 | JE177: 0 | JF177: 700.87989 | JG177: 10.479495 | JH177: 3368.4458 | JI177: 1850.4468 | JJ177: 51.200195 | JK177: 0 | JL177: 0 | JM177: 0 | JN177: 0 | JO177: 0.91211 | JP177: 0 | JQ177: 2435.4268 | JR177: 142.91651 | JS177: 0 | JT177: 975.04247 | JU177: 246.84522 | JV177: 2694.5449 | JW177: 0 | JX177: 321.5083 | JY177: 2789.7661 | JZ177: 0 | KA177: 61.82959 | KB177: 99.94238 | KC177: 0 | KD177: 1173.1103 | KE177: 41.512205 | KF177: 5122.2433 | KG177: 568.2837 | KH177: 0 | KI177: 0 | KJ177: 0 | KK177: 399 | KL177: 214.5 | KM177: 0 | KN177: 0 | KO177: 0 | KP177: 0 | KQ177: 1565.5 | KR177: 0 | KS177: 0 | KT177: 21659.75 | KU177: 0 | KV177: 0 | KW177: 2039.75 | KX177: 0 | KY177: 0 | KZ177: 0 | LA177: 0 | LB177: 0 | LC177: 0 | LD177: 0 | LE177: 2710.25 | LF177: 0 | LG177: 4180.1223 | LH177: 0 | LI177: 1596.9125 | LJ177: 1294.8367 | LK177: 842.97159

Sheet Milk_with_PBS
A1: Subject ID | B1: Barcode | C1: Delta_weeks | D1: Time_point | E1: Vax_timing_bin | F1: IgM_A_California_04_2009_H1N1 | G1: IgM_A_Michigan_45_2015_H1N1 | H1: IgM_A_Brisbane_02_2018_H1N1 | I1: IgM_A_Victoria_2570_2019_H1N1 | J1: IgM_A_Wisconsin_588_2019_H1N1 | K1: IgM_A_Hawaii_70_2019_H1N1 | L1: IgM_A_Wisconsin_67_2022_H1N1 | M1: IgM_A_HongKong_4801_2014_H3N2 | N1: IgM_A_Singapore_INFIMH16_2016_H3N2 | O1: IgM_A_Kansas_14_2017_H3N2 | P1: IgM_A_HongKong_45_2019_H3N2 | Q1: IgM_A_Cambodia_e0826360_2020_H3N2 | R1: IgM_A_Darwin_6_2021_H3N2 | S1: IgM_A_Indonesia_05_2005_H5N1 | T1: IgM_A_Shanghai_1_2013_H7N9 | U1: IgM_B_Phuket_3073_2013 | V1: IgM_B_Colorado_06_2017 | W1: IgM_B_Washington_02_2019 | X1: IgM_B_Austria_1359417_2021 | Y1: IgM_Michigan_NA | Z1: IgM_HongKong_NA | AA1: IgM_Ebola | AB1: IgM_RSV | AC1: IgM_EBV | AD1: IgG1_A_California_04_2009_H1N1 | AE1: IgG1_A_Michigan_45_2015_H1N1 | AF1: IgG1_A_Brisbane_02_2018_H1N1 | AG1: IgG1_A_Victoria_2570_2019_H1N1 | AH1: IgG1_A_Wisconsin_588_2019_H1N1 | AI1: IgG1_A_Hawaii_70_2019_H1N1 | AJ1: IgG1_A_Wisconsin_67_2022_H1N1 | AK1: IgG1_A_HongKong_4801_2014_H3N2 | AL1: IgG1_A_Singapore_INFIMH16_2016_H3N2 | AM1: IgG1_A_Kansas_14_2017_H3N2 | AN1: IgG1_A_HongKong_45_2019_H3N2 | AO1: IgG1_A_Cambodia_e0826360_2020_H3N2 | AP1: IgG1_A_Darwin_6_2021_H3N2 | AQ1: IgG1_A_Indonesia_05_2005_H5N1 | AR1: IgG1_A_Shanghai_1_2013_H7N9 | AS1: IgG1_B_Phuket_3073_2013 | AT1: IgG1_B_Colorado_06_2017 | AU1: IgG1_B_Washington_02_2019 | AV1: IgG1_B_Austria_1359417_2021 | AW1: IgG1_Michigan_NA | AX1: IgG1_HongKong_NA | AY1: IgG1_Ebola | AZ1: IgG1_RSV | BA1: IgG1_EBV | BB1: IgG2_A_California_04_2009_H1N1 | BC1: IgG2_A_Michigan_45_2015_H1N1 | BD1: IgG2_A_Brisbane_02_2018_H1N1 | BE1: IgG2_A_Victoria_2570_2019_H1N1 | BF1: IgG2_A_Wisconsin_588_2019_H1N1 | BG1: IgG2_A_Hawaii_70_2019_H1N1 | BH1: IgG2_A_Wisconsin_67_2022_H1N1 | BI1: IgG2_A_HongKong_4801_2014_H3N2 | BJ1: IgG2_A_Singapore_INFIMH16_2016_H3N2 | BK1: IgG2_A_Kansas_14_2017_H3N2 | BL1: IgG2_A_HongKong_45_2019_H3N2 | BM1: IgG2_A_Cambodia_e0826360_2020_H3N2 | BN1: IgG2_A_Darwin_6_2021_H3N2 | BO1: IgG2_A_Indonesia_05_2005_H5N1 | BP1: IgG2_A_Shanghai_1_2013_H7N9 | BQ1: IgG2_B_Phuket_3073_2013 | BR1: IgG2_B_Colorado_06_2017 | BS1: IgG2_B_Washington_02_2019 | BT1: IgG2_B_Austria_1359417_2021 | BU1: IgG2_Michigan_NA | BV1: IgG2_HongKong_NA | BW1: IgG2_Ebola | BX1: IgG2_RSV | BY1: IgG2_EBV | BZ1: IgG3_A_California_04_2009_H1N1 | CA1: IgG3_A_Michigan_45_2015_H1N1 | CB1: IgG3_A_Brisbane_02_2018_H1N1 | CC1: IgG3_A_Victoria_2570_2019_H1N1 | CD1: IgG3_A_Wisconsin_588_2019_H1N1 | CE1: IgG3_A_Hawaii_70_2019_H1N1 | CF1: IgG3_A_Wisconsin_67_2022_H1N1 | CG1: IgG3_A_HongKong_4801_2014_H3N2 | CH1: IgG3_A_Singapore_INFIMH16_2016_H3N2 | CI1: IgG3_A_Kansas_14_2017_H3N2 | CJ1: IgG3_A_HongKong_45_2019_H3N2 | CK1: IgG3_A_Cambodia_e0826360_2020_H3N2 | CL1: IgG3_A_Darwin_6_2021_H3N2 | CM1: IgG3_A_Indonesia_05_2005_H5N1 | CN1: IgG3_A_Shanghai_1_2013_H7N9 | CO1: IgG3_B_Phuket_3073_2013 | CP1: IgG3_B_Colorado_06_2017 | CQ1: IgG3_B_Washington_02_2019 | CR1: IgG3_B_Austria_1359417_2021 | CS1: IgG3_Michigan_NA | CT1: IgG3_HongKong_NA | CU1: IgG3_Ebola | CV1: IgG3_RSV | CW1: IgG3_EBV | CX1: IgG4_A_California_04_2009_H1N1 | CY1: IgG4_A_Michigan_45_2015_H1N1 | CZ1: IgG4_A_Brisbane_02_2018_H1N1 | DA1: IgG4_A_Victoria_2570_2019_H1N1 | DB1: IgG4_A_Wisconsin_588_2019_H1N1 | DC1: IgG4_A_Hawaii_70_2019_H1N1 | DD1: IgG4_A_Wisconsin_67_2022_H1N1 | DE1: IgG4_A_HongKong_4801_2014_H3N2 | DF1: IgG4_A_Singapore_INFIMH16_2016_H3N2 | DG1: IgG4_A_Kansas_14_2017_H3N2 | DH1: IgG4_A_HongKong_45_2019_H3N2 | DI1: IgG4_A_Cambodia_e0826360_2020_H3N2 | DJ1: IgG4_A_Darwin_6_2021_H3N2 | DK1: IgG4_A_Indonesia_05_2005_H5N1 | DL1: IgG4_A_Shanghai_1_2013_H7N9 | DM1: IgG4_B_Phuket_3073_2013 | DN1: IgG4_B_Colorado_06_2017 | DO1: IgG4_B_Washington_02_2019 | DP1: IgG4_B_Austria_1359417_2021 | DQ1: IgG4_Michigan_NA | DR1: IgG4_HongKong_NA | DS1: IgG4_Ebola | DT1: IgG4_RSV | DU1: IgG4_EBV | DV1: IgA1_A_California_04_2009_H1N1 | DW1: IgA1_A_Michigan_45_2015_H1N1 | DX1: IgA1_A_Brisbane_02_2018_H1N1 | DY1: IgA1_A_Victoria_2570_2019_H1N1 | DZ1: IgA1_A_Wisconsin_588_2019_H1N1 | EA1: IgA1_A_Hawaii_70_2019_H1N1 | EB1: IgA1_A_Wisconsin_67_2022_H1N1 | EC1: IgA1_A_HongKong_4801_2014_H3N2 | ED1: IgA1_A_Singapore_INFIMH16_2016_H3N2 | EE1: IgA1_A_Kansas_14_2017_H3N2 | EF1: IgA1_A_HongKong_45_2019_H3N2 | EG1: IgA1_A_Cambodia_e0826360_2020_H3N2 | EH1: IgA1_A_Darwin_6_2021_H3N2 | EI1: IgA1_A_Indonesia_05_2005_H5N1 | EJ1: IgA1_A_Shanghai_1_2013_H7N9 | EK1: IgA1_B_Phuket_3073_2013 | EL1: IgA1_B_Colorado_06_2017 | EM1: IgA1_B_Washington_02_2019 | EN1: IgA1_B_Austria_1359417_2021 | EO1: IgA1_Michigan_NA | EP1: IgA1_HongKong_NA | EQ1: IgA1_Ebola | ER1: IgA1_RSV | ES1: IgA1_EBV | ET1: IgA2_A_California_04_2009_H1N1 | EU1: IgA2_A_Michigan_45_2015_H1N1 | EV1: IgA2_A_Brisbane_02_2018_H1N1 | EW1: IgA2_A_Victoria_2570_2019_H1N1 | EX1: IgA2_A_Wisconsin_588_2019_H1N1 | EY1: IgA2_A_Hawaii_70_2019_H1N1 | EZ1: IgA2_A_Wisconsin_67_2022_H1N1 | FA1: IgA2_A_HongKong_4801_2014_H3N2 | FB1: IgA2_A_Singapore_INFIMH16_2016_H3N2 | FC1: IgA2_A_Kansas_14_2017_H3N2 | FD1: IgA2_A_HongKong_45_2019_H3N2 | FE1: IgA2_A_Cambodia_e0826360_2020_H3N2 | FF1: IgA2_A_Darwin_6_2021_H3N2 | FG1: IgA2_A_Indonesia_05_2005_H5N1 | FH1: IgA2_A_Shanghai_1_2013_H7N9 | FI1: IgA2_B_Phuket_3073_2013 | FJ1: IgA2_B_Colorado_06_2017 | FK1: IgA2_B_Washington_02_2019 | FL1: IgA2_B_Austria_1359417_2021 | FM1: IgA2_Michigan_NA | FN1: IgA2_HongKong_NA | FO1: IgA2_Ebola | FP1: IgA2_RSV | FQ1: IgA2_EBV | FR1: FcgR2A_A_California_04_2009_H1N1 | FS1: FcgR2A_A_Michigan_45_2015_H1N1 | FT1: FcgR2A_A_Brisbane_02_2018_H1N1 | FU1: FcgR2A_A_Victoria_2570_2019_H1N1 | FV1: FcgR2A_A_Wisconsin_588_2019_H1N1 | FW1: FcgR2A_A_Hawaii_70_2019_H1N1 | FX1: FcgR2A_A_Wisconsin_67_2022_H1N1 | FY1: FcgR2A_A_HongKong_4801_2014_H3N2 | FZ1: FcgR2A_A_Singapore_INFIMH16_2016_H3N2 | GA1: FcgR2A_A_Kansas_14_2017_H3N2 | GB1: FcgR2A_A_HongKong_45_2019_H3N2 | GC1: FcgR2A_A_Cambodia_e0826360_2020_H3N2 | GD1: FcgR2A_A_Darwin_6_2021_H3N2 | GE1: FcgR2A_A_Indonesia_05_2005_H5N1 | GF1: FcgR2A_A_Shanghai_1_2013_H7N9 | GG1: FcgR2A_B_Phuket_3073_2013 | GH1: FcgR2A_B_Colorado_06_2017 | GI1: FcgR2A_B_Washington_02_2019 | GJ1: FcgR2A_B_Austria_1359417_2021 | GK1: FcgR2A_Michigan_NA | GL1: FcgR2A_HongKong_NA | GM1: FcgR2A_Ebola | GN1: FcgR2A_RSV | GO1: FcgR2A_EBV | GP1: FcgR2B_A_California_04_2009_H1N1 | GQ1: FcgR2B_A_Michigan_45_2015_H1N1 | GR1: FcgR2B_A_Brisbane_02_2018_H1N1 | GS1: FcgR2B_A_Victoria_2570_2019_H1N1 | GT1: FcgR2B_A_Wisconsin_588_2019_H1N1 | GU1: FcgR2B_A_Hawaii_70_2019_H1N1 | GV1: FcgR2B_A_Wisconsin_67_2022_H1N1 | GW1: FcgR2B_A_HongKong_4801_2014_H3N2 | GX1: FcgR2B_A_Singapore_INFIMH16_2016_H3N2 | GY1: FcgR2B_A_Kansas_14_2017_H3N2 | GZ1: FcgR2B_A_HongKong_45_2019_H3N2 | HA1: FcgR2B_A_Cambodia_e0826360_2020_H3N2 | HB1: FcgR2B_A_Darwin_6_2021_H3N2 | HC1: FcgR2B_A_Indonesia_05_2005_H5N1 | HD1: FcgR2B_A_Shanghai_1_2013_H7N9 | HE1: FcgR2B_B_Phuket_3073_2013 | HF1: FcgR2B_B_Colorado_06_2017 | HG1: FcgR2B_B_Washington_02_2019 | HH1: FcgR2B_B_Austria_1359417_2021 | HI1: FcgR2B_Michigan_NA | HJ1: FcgR2B_HongKong_NA | HK1: FcgR2B_Ebola | HL1: FcgR2B_RSV | HM1: FcgR2B_EBV | HN1: FcgR3A_A_California_04_2009_H1N1 | HO1: FcgR3A_A_Michigan_45_2015_H1N1 | HP1: FcgR3A_A_Brisbane_02_2018_H1N1 | HQ1: FcgR3A_A_Victoria_2570_2019_H1N1 | HR1: FcgR3A_A_Wisconsin_588_2019_H1N1 | HS1: FcgR3A_A_Hawaii_70_2019_H1N1 | HT1: FcgR3A_A_Wisconsin_67_2022_H1N1 | HU1: FcgR3A_A_HongKong_4801_2014_H3N2 | HV1: FcgR3A_A_Singapore_INFIMH16_2016_H3N2 | HW1: FcgR3A_A_Kansas_14_2017_H3N2 | HX1: FcgR3A_A_HongKong_45_2019_H3N2 | HY1: FcgR3A_A_Cambodia_e0826360_2020_H3N2 | HZ1: FcgR3A_A_Darwin_6_2021_H3N2 | IA1: FcgR3A_A_Indonesia_05_2005_H5N1 | IB1: FcgR3A_A_Shanghai_1_2013_H7N9 | IC1: FcgR3A_B_Phuket_3073_2013 | ID1: FcgR3A_B_Colorado_06_2017 | IE1: FcgR3A_B_Washington_02_2019 | IF1: FcgR3A_B_Austria_1359417_2021 | IG1: FcgR3A_Michigan_NA | IH1: FcgR3A_HongKong_NA | II1: FcgR3A_Ebola | IJ1: FcgR3A_RSV | IK1: FcgR3A_EBV | IL1: FcgR3B_A_California_04_2009_H1N1 | IM1: FcgR3B_A_Michigan_45_2015_H1N1 | IN1: FcgR3B_A_Brisbane_02_2018_H1N1 | IO1: FcgR3B_A_Victoria_2570_2019_H1N1 | IP1: FcgR3B_A_Wisconsin_588_2019_H1N1 | IQ1: FcgR3B_A_Hawaii_70_2019_H1N1 | IR1: FcgR3B_A_Wisconsin_67_2022_H1N1 | IS1: FcgR3B_A_HongKong_4801_2014_H3N2 | IT1: FcgR3B_A_Singapore_INFIMH16_2016_H3N2 | IU1: FcgR3B_A_Kansas_14_2017_H3N2 | IV1: FcgR3B_A_HongKong_45_2019_H3N2 | IW1: FcgR3B_A_Cambodia_e0826360_2020_H3N2 | IX1: FcgR3B_A_Darwin_6_2021_H3N2 | IY1: FcgR3B_A_Indonesia_05_2005_H5N1 | IZ1: FcgR3B_A_Shanghai_1_2013_H7N9 | JA1: FcgR3B_B_Phuket_3073_2013 | JB1: FcgR3B_B_Colorado_06_2017 | JC1: FcgR3B_B_Washington_02_2019 | JD1: FcgR3B_B_Austria_1359417_2021 | JE1: FcgR3B_Michigan_NA | JF1: FcgR3B_HongKong_NA | JG1: FcgR3B_Ebola | JH1: FcgR3B_RSV | JI1: FcgR3B_EBV | JJ1: FcaR_A_California_04_2009_H1N1 | JK1: FcaR_A_Michigan_45_2015_H1N1 | JL1: FcaR_A_Brisbane_02_2018_H1N1 | JM1: FcaR_A_Victoria_2570_2019_H1N1 | JN1: FcaR_A_Wisconsin_588_2019_H1N1 | JO1: FcaR_A_Hawaii_70_2019_H1N1 | JP1: FcaR_A_Wisconsin_67_2022_H1N1 | JQ1: FcaR_A_HongKong_4801_2014_H3N2 | JR1: FcaR_A_Singapore_INFIMH16_2016_H3N2 | JS1: FcaR_A_Kansas_14_2017_H3N2 | JT1: FcaR_A_HongKong_45_2019_H3N2 | JU1: FcaR_A_Cambodia_e0826360_2020_H3N2 | JV1: FcaR_A_Darwin_6_2021_H3N2 | JW1: FcaR_A_Indonesia_05_2005_H5N1 | JX1: FcaR_A_Shanghai_1_2013_H7N9 | JY1: FcaR_B_Phuket_3073_2013 | JZ1: FcaR_B_Colorado_06_2017 | KA1: FcaR_B_Washington_02_2019 | KB1: FcaR_B_Austria_1359417_2021 | KC1: FcaR_Michigan_NA | KD1: FcaR_HongKong_NA | KE1: FcaR_Ebola | KF1: FcaR_RSV | KG1: FcaR_EBV | KH1: ADCD_A_California_04_2009_H1N1 | KI1: ADCD_A_Michigan_45_2015_H1N1 | KJ1: ADCD_A_Brisbane_02_2018_H1N1 | KK1: ADCD_A_Victoria_2570_2019_H1N1 | KL1: ADCD_A_Wisconsin_588_2019_H1N1 | KM1: ADCD_A_Hawaii_70_2019_H1N1 | KN1: ADCD_A_Wisconsin_67_2022_H1N1 | KO1: ADCD_A_HongKong_4801_2014_H3N2 | KP1: ADCD_A_Singapore_INFIMH16_2016_H3N2 | KQ1: ADCD_A_Kansas_14_2017_H3N2 | KR1: ADCD_A_HongKong_45_2019_H3N2 | KS1: ADCD_A_Cambodia_e0826360_2020_H3N2 | KT1: ADCD_A_Darwin_6_2021_H3N2 | KU1: ADCD_A_Indonesia_05_2005_H5N1 | KV1: ADCD_A_Shanghai_1_2013_H7N9 | KW1: ADCD_B_Phuket_3073_2013 | KX1: ADCD_B_Colorado_06_2017 | KY1: ADCD_B_Washington_02_2019 | KZ1: ADCD_B_Austria_1359417_2021 | LA1: ADCD_Michigan_NA | LB1: ADCD_HongKong_NA | LC1: ADCD_Ebola | LD1: ADCD_RSV | LE1: ADCD_EBV | LF1: ADNP_A_California_04_2009_H1N1 | LG1: ADNP_A_HongKong_4801_2014_H3N2 | LH1: ADNP_B_Phuket_3073_2013 | LI1: ADCP_A_California_04_2009_H1N1 | LJ1: ADCP_A_HongKong_4801_2014_H3N2 | LK1: ADCP_B_Phuket_3073_2013
A2: CC0023 | B2: 227773 | C2: 2.5714286 | D2: 1 | E2: 5 | F2: 391.2959 | G2: 576.37792 | H2: 494.24365 | I2: 548.3252 | J2: 413.36962 | K2: 509.19922 | L2: 467.95459 | M2: 710.15772 | N2: 651.44873 | O2: 611.32667 | P2: 492.77636 | Q2: 627.56934 | R2: 948.88527 | S2: 138.29297 | T2: 304.11231 | U2: 721.90285 | V2: 632.67773 | W2: 714.80908 | X2: 440.64258 | Y2: 481.34082 | Z2: 387.8086 | AA2: 856.90039 | AB2: 830.72655 | AC2: 412.82227 | AD2: 12.12598 | AE2: 9.83838 | AF2: 10.703615 | AG2: 13.649905 | AH2: 16.339355 | AI2: 15.912595 | AJ2: 12.46875 | AK2: 67.01221 | AL2: 17.17285 | AM2: 155.08399 | AN2: 275.00098 | AO2: 9.42871 | AP2: 35.02344 | AQ2: 14.0625 | AR2: 10.842285 | AS2: 16.788085 | AT2: 12.353515 | AU2: 7.117675 | AV2: 13.093755 | AW2: 7.263185 | AX2: 69.09033 | AY2: 17.38623 | AZ2: 29.3584 | BA2: 15.54004 | BB2: 23.5874 | BC2: 16.913085 | BD2: 20.44922 | BE2: 11.731445 | BF2: 15.027345 | BG2: 22.689455 | BH2: 13.7666 | BI2: 54.34863 | BJ2: 25.04883 | BK2: 43.64502 | BL2: 66.990235 | BM2: 21.010745 | BN2: 28.75781 | BO2: 13.021485 | BP2: 30.671875 | BQ2: 26.32959 | BR2: 20.66211 | BS2: 17.02734 | BT2: 19.66748 | BU2: 23.65137 | BV2: 23.26074 | BW2: 21.7627 | BX2: 31.297365 | BY2: 18.894535 | BZ2: 12.279295 | CA2: 9.03711 | CB2: 10.16211 | CC2: 11.464845 | CD2: 14.96875 | CE2: 15.476565 | CF2: 10.39453 | CG2: 9.79199 | CH2: 16.20068 | CI2: 24.43457 | CJ2: 13.795895 | CK2: 10.23047 | CL2: 29.91797 | CM2: 14.19336 | CN2: 10.76123 | CO2: 10.714845 | CP2: 14.232425 | CQ2: 7.9165 | CR2: 9.88867 | CS2: 7.803225 | CT2: 24.18945 | CU2: 18.36865 | CV2: 25.552245 | CW2: 15.39697 | CX2: 178.66797 | CY2: 80.836915 | CZ2: 36.18213 | DA2: 57.54248 | DB2: 73.16504 | DC2: 51.44922 | DD2: 89.303225 | DE2: 36.958495 | DF2: 36.5249 | DG2: 28.217775 | DH2: 44.76465 | DI2: 31.125485 | DJ2: 38.441895 | DK2: 12.799805 | DL2: 58.60547 | DM2: 31.273435 | DN2: 69.60938 | DO2: 86.591795 | DP2: 66.177735 | DQ2: 19.45996 | DR2: 17.750975 | DS2: 19.438965 | DT2: 21.234375 | DU2: 16.169925 | DV2: 5874.7104 | DW2: 3200.6494 | DX2: 1359.7383 | DY2: 2142.4477 | DZ2: 2241.645 | EA2: 3185.6587 | EB2: 1821.0268 | EC2: 997.0127 | ED2: 168.35449 | EE2: 896.41112 | EF2: 1717.937 | EG2: 322.35547 | EH2: 462.92822 | EI2: 38.853515 | EJ2: 333.19336 | EK2: 1380.2403 | EL2: 200.17969 | EM2: 351.40235 | EN2: 157.21484 | EO2: 269.00586 | EP2: 149.58984 | EQ2: 143.46045 | ER2: 1091.7837 | ES2: 90.405275 | ET2: 2925.6225 | EU2: 937.4082 | EV2: 221.25879 | EW2: 587.85305 | EX2: 615.02002 | EY2: 1241.4028 | EZ2: 280.7168 | FA2: 196.66358 | FB2: 24.28613 | FC2: 256.67138 | FD2: 351.98535 | FE2: 34.66992 | FF2: 89.629885 | FG2: 25.208985 | FH2: 43.661135 | FI2: 441.32471 | FJ2: 27.800785 | FK2: 24.10547 | FL2: 21.01172 | FM2: 45.67578 | FN2: 45.052245 | FO2: 199.16211 | FP2: 728.62597 | FQ2: 54.638185 | FR2: 6878.8555 | FS2: 2990.0772 | FT2: 201.61963 | FU2: 6870.3062 | FV2: 6905.96 | FW2: 3270.4927 | FX2: 2050.3565 | FY2: 12741.573 | FZ2: 1140.372 | GA2: 7466.1685 | GB2: 16576.442 | GC2: 1608.2314 | GD2: 4220.5225 | GE2: 13.226565 | GF2: 44.02295 | GG2: 6381.9244 | GH2: 3082.3789 | GI2: 3408.6469 | GJ2: 5786.7784 | GK2: 8.967775 | GL2: 2366.208 | GM2: 24.182125 | GN2: 5945.1103 | GO2: 4570.8897 | GP2: 4119.3721 | GQ2: 814.62013 | GR2: 27.16748 | GS2: 2664.2803 | GT2: 2786.0791 | GU2: 926.79933 | GV2: 311.90186 | GW2: 10101.472 | GX2: 282.4375 | GY2: 7602.0963 | GZ2: 16451.075 | HA2: 155.88086 | HB2: 2477.3135 | HC2: 14.17334 | HD2: 16.533205 | HE2: 4465.2519 | HF2: 1170.773 | HG2: 759.55175 | HH2: 2424.4551 | HI2: 7.9375 | HJ2: 448.2417 | HK2: 21.208495 | HL2: 2256.039 | HM2: 558.521 | HN2: 3535.0997 | HO2: 682.59767 | HP2: 49.78418 | HQ2: 2154.2812 | HR2: 2124.313 | HS2: 1240.8301 | HT2: 241.91114 | HU2: 6518.7383 | HV2: 754.72705 | HW2: 4860.244 | HX2: 11317.716 | HY2: 436.43457 | HZ2: 274.9375 | IA2: 14.257815 | IB2: 15.05127 | IC2: 4087.0454 | ID2: 1171.5386 | IE2: 705.13379 | IF2: 1540.6982 | IG2: 8.31787 | IH2: 112.29102 | II2: 19.19873 | IJ2: 2174.1562 | IK2: 299.25977 | IL2: 1154.2183 | IM2: 23.10791 | IN2: 11.799315 | IO2: 232.58692 | IP2: 267.02344 | IQ2: 61.34375 | IR2: 13.92871 | IS2: 4313.6928 | IT2: 35.698245 | IU2: 3379.4121 | IV2: 12550.264 | IW2: 16.746095 | IX2: 64.95996 | IY2: 13.254395 | IZ2: 11.865235 | JA2: 3466.9888 | JB2: 85.24463 | JC2: 27.71045 | JD2: 133.54932 | JE2: 8.69141 | JF2: 42.60254 | JG2: 15.32373 | JH2: 487.46435 | JI2: 35.07471 | JJ2: 5071.544 | JK2: 2965.1905 | JL2: 1241.917 | JM2: 2848.2133 | JN2: 2814.6279 | JO2: 3178.0215 | JP2: 2220.5166 | JQ2: 960.43164 | JR2: 181.2915 | JS2: 877.91943 | JT2: 1474.5151 | JU2: 235.63183 | JV2: 250.94824 | JW2: 35.813965 | JX2: 342.10449 | JY2: 2382.4199 | JZ2: 174.26415 | KA2: 612.82178 | KB2: 110.14746 | KC2: 191.55957 | KD2: 112.29102 | KE2: 106.69092 | KF2: 774.43458 | KG2: 28.638675 | KH2: 3634.25 | KI2: 4310 | KJ2: 3407.5 | KK2: 4564.5 | KL2: 4750.5 | KM2: 3950 | KN2: 3563 | KO2: 23782 | KP2: 5974.5 | KQ2: 11577.5 | KR2: 5291.5 | KS2: 4023 | KT2: 319754.5 | KU2: 2984 | KV2: 4140.75 | KW2: 29249.25 | KX2: 6171.75 | KY2: 4853.5 | KZ2: 4698.75 | LA2: 7083.25 | LB2: 15243.5 | LC2: 21871.5 | LD2: 61686.25 | LE2: 34073.75 | LF2: 8759.3614 | LG2: 7043.1338 | LH2: 9218.3389 | LI2: 2203.0565 | LJ2: 2054.0073 | LK2: 2376.9904
A3: CC0023 | B3: 234552 | C3: 7.2857143 | D3: 2 | E3: 5 | F3: 210.44824 | G3: 221.36719 | H3: 203.98242 | I3: 224.7168 | J3: 207.24121 | K3: 246.6416 | L3: 231.82031 | M3: 420.17579 | N3: 334.76317 | O3: 252.73828 | P3: 234.05567 | Q3: 269.7124 | R3: 324.50098 | S3: 61.618165 | T3: 153.7168 | U3: 339.71778 | V3: 257.87255 | W3: 302.6875 | X3: 241.71534 | Y3: 308.23193 | Z3: 207.2378 | AA3: 451.25829 | AB3: 452.01513 | AC3: 295.39454 | AD3: 43.124025 | AE3: 28.888185 | AF3: 19.34375 | AG3: 45.58838 | AH3: 52.08789 | AI3: 44.441405 | AJ3: 30.018555 | AK3: 232.01953 | AL3: 32.5166 | AM3: 281.6875 | AN3: 417.77441 | AO3: 25.211915 | AP3: 101.07861 | AQ3: 15.81641 | AR3: 12.589355 | AS3: 265.73291 | AT3: 73.29297 | AU3: 28.25391 | AV3: 51.28076 | AW3: 7.33789 | AX3: 69.854495 | AY3: 18.155765 | AZ3: 223.37842 | BA3: 29.018065 | BB3: 22.208495 | BC3: 19.379885 | BD3: 20.244625 | BE3: 13.87012 | BF3: 17.820805 | BG3: 21.46777 | BH3: 12.64795 | BI3: 82.77344 | BJ3: 23.25195 | BK3: 58.58545 | BL3: 75.01465 | BM3: 25.180175 | BN3: 29.40625 | BO3: 13.651365 | BP3: 27.151365 | BQ3: 24.807615 | BR3: 22.35254 | BS3: 18.16699 | BT3: 22.115725 | BU3: 26.033205 | BV3: 27.6626 | BW3: 26.921385 | BX3: 35.013185 | BY3: 20.757815 | BZ3: 11.819825 | CA3: 9.519045 | CB3: 9.980465 | CC3: 11.138185 | CD3: 16.38916 | CE3: 15.234865 | CF3: 12.19629 | CG3: 10.93359 | CH3: 15.77246 | CI3: 23.65381 | CJ3: 13.94336 | CK3: 10.305175 | CL3: 29.493655 | CM3: 13.708985 | CN3: 11.128905 | CO3: 11.38623 | CP3: 12.6084 | CQ3: 7.21875 | CR3: 10.89209 | CS3: 6.74072 | CT3: 23.555665 | CU3: 17.495115 | CV3: 28.18848 | CW3: 14.263675 | CX3: 223.31885 | CY3: 105.75781 | CZ3: 38.24902 | DA3: 60.50781 | DB3: 74.04199 | DC3: 57.359865 | DD3: 93.02197 | DE3: 48.2583 | DF3: 43.736325 | DG3: 28.7334 | DH3: 53.88379 | DI3: 30.4917 | DJ3: 32.21777 | DK3: 13.160155 | DL3: 71.212895 | DM3: 40.529785 | DN3: 83.73047 | DO3: 93.37305 | DP3: 78.776855 | DQ3: 17.29199 | DR3: 16.431155 | DS3: 18.87793 | DT3: 21.697265 | DU3: 14.167485 | DV3: 4870.2495 | DW3: 2679.5909 | DX3: 1103.2666 | DY3: 1828.9956 | DZ3: 1953.9805 | EA3: 2512.5219 | EB3: 1386.5966 | EC3: 1023.5952 | ED3: 183.31348 | EE3: 1200.6895 | EF3: 1703.1465 | EG3: 438.36572 | EH3: 594.9414 | EI3: 39.792965 | EJ3: 270.57567 | EK3: 1201.5869 | EL3: 264.75 | EM3: 319.77441 | EN3: 167.99951 | EO3: 233.40039 | EP3: 139.04003 | EQ3: 133.36377 | ER3: 2623.3765 | ES3: 307.41357 | ET3: 1753.0068 | EU3: 482.40722 | EV3: 125.17285 | EW3: 332.7002 | EX3: 351.27539 | EY3: 739.2036 | EZ3: 140.55469 | FA3: 187.63281 | FB3: 29.399415 | FC3: 226.76953 | FD3: 283.40088 | FE3: 39.286135 | FF3: 110.55908 | FG3: 33.15625 | FH3: 31.96582 | FI3: 299.30664 | FJ3: 31.75 | FK3: 19.86426 | FL3: 23.105955 | FM3: 34.606935 | FN3: 49.70752 | FO3: 126.49072 | FP3: 1062.5195 | FQ3: 88.00879 | FR3: 7785.2017 | FS3: 3894.2188 | FT3: 536.68262 | FU3: 7276.8436 | FV3: 7159.3013 | FW3: 4402.6007 | FX3: 3278.9414 | FY3: 13135.684 | FZ3: 1289.7851 | GA3: 7155.7631 | GB3: 17731.855 | GC3: 2453.1748 | GD3: 4636.6875 | GE3: 15.11768 | GF3: 42.46826 | GG3: 7738.2505 | GH3: 3944.0967 | GI3: 4757.1734 | GJ3: 6685.7375 | GK3: 8.895995 | GL3: 2491.934 | GM3: 23.570315 | GN3: 7711.0307 | GO3: 5148.8706 | GP3: 5027.0318 | GQ3: 1130.3369 | GR3: 32.714845 | GS3: 3145.4692 | GT3: 3274.2715 | GU3: 1586.9175 | GV3: 681.30664 | GW3: 11030.087 | GX3: 474.96387 | GY3: 8369.375 | GZ3: 15934.261 | HA3: 361.25879 | HB3: 2460.7573 | HC3: 12.336915 | HD3: 16.81787 | HE3: 6647.1587 | HF3: 1787.1953 | HG3: 1674.3594 | HH3: 3176.6314 | HI3: 7.609375 | HJ3: 626.354 | HK3: 19.134765 | HL3: 3811.7992 | HM3: 1090.5371 | HN3: 4254.3246 | HO3: 923.0542 | HP3: 105.53028 | HQ3: 2662.9971 | HR3: 2733.2495 | HS3: 2018.2939 | HT3: 664.5078 | HU3: 7975.023 | HV3: 1468.3355 | HW3: 4463.5899 | HX3: 11968.847 | HY3: 775.67968 | HZ3: 332.2085 | IA3: 16.44336 | IB3: 26.98389 | IC3: 7269.8798 | ID3: 2021.7119 | IE3: 1553.4472 | IF3: 2490.4981 | IG3: 7.145505 | IH3: 119.15136 | II3: 20.17334 | IJ3: 4287.6387 | IK3: 701.19775 | IL3: 2495.4307 | IM3: 53.032225 | IN3: 16.407225 | IO3: 649.56397 | IP3: 624.28369 | IQ3: 458.64453 | IR3: 29.87891 | IS3: 7652.7061 | IT3: 153.67334 | IU3: 4246.5863 | IV3: 14424.257 | IW3: 37.211915 | IX3: 73.83447 | IY3: 13.5332 | IZ3: 12.88672 | JA3: 8369.3103 | JB3: 515.67286 | JC3: 156.05957 | JD3: 560.70264 | JE3: 8.57617 | JF3: 55.3501 | JG3: 18.421875 | JH3: 2717.4581 | JI3: 160.55078 | JJ3: 5312.3661 | JK3: 2998.6709 | JL3: 1299.7216 | JM3: 2849.7452 | JN3: 2824.247 | JO3: 3067.9648 | JP3: 2484.7236 | JQ3: 1309.5855 | JR3: 461.93017 | JS3: 1304.2593 | JT3: 1994.3418 | JU3: 500.90235 | JV3: 418.65332 | JW3: 57.04004 | JX3: 496.61816 | JY3: 4295.1602 | JZ3: 406.49903 | KA3: 700.98145 | KB3: 216.32471 | KC3: 222.2002 | KD3: 119.15136 | KE3: 120.04736 | KF3: 2682.626 | KG3: 197.12451 | KH3: 4694.75 | KI3: 3752.5 | KJ3: 5645.5 | KK3: 5137 | KL3: 5753.5 | KM3: 4552.75 | KN3: 3843.25 | KO3: 28862.75 | KP3: 8659.5 | KQ3: 9976.75 | KR3: 12906 | KS3: 3485 | KT3: 273919 | KU3: 3334.5 | KV3: 4472.75 | KW3: 22551.25 | KX3: 7419 | KY3: 3967.5 | KZ3: 4688 | LA3: 7264 | LB3: 11587.5 | LC3: 29673 | LD3: 71293.5 | LE3: 25838 | LF3: 8250.51 | LG3: 6651.7416 | LH3: 9141.146 | LI3: 2263.1066 | LJ3: 1992.2948 | LK3: 2399.587
A4: CC0023 | B4: 270607 | C4: 28.428571 | D4: 3 | E4: 5 | F4: 175.71679 | G4: 196.09912 | H4: 183.93164 | I4: 150.67188 | J4: 228.49121 | K4: 219.57862 | L4: 187.31836 | M4: 329.51367 | N4: 223.68604 | O4: 263.18359 | P4: 214.03516 | Q4: 318.16992 | R4: 241.96534 | S4: 59.67969 | T4: 164.58643 | U4: 292.12012 | V4: 181.18896 | W4: 206.16553 | X4: 218.09912 | Y4: 197.96045 | Z4: 153.58496 | AA4: 382.8291 | AB4: 346.60303 | AC4: 225.39551 | AD4: 54.252445 | AE4: 27.927735 | AF4: 20.51074 | AG4: 49.58838 | AH4: 49.680665 | AI4: 60.8916 | AJ4: 33.217775 | AK4: 113.31543 | AL4: 23.385255 | AM4: 109.13184 | AN4: 234.2168 | AO4: 20.73145 | AP4: 96.371585 | AQ4: 16.76953 | AR4: 12.9917 | AS4: 169.93408 | AT4: 54.493165 | AU4: 25.302245 | AV4: 37.581055 | AW4: 8.07324 | AX4: 68.47949 | AY4: 18.8125 | AZ4: 120.6875 | BA4: 27.799315 | BB4: 19.7041 | BC4: 18.48242 | BD4: 17.64453 | BE4: 13.4458 | BF4: 14.398925 | BG4: 19.140625 | BH4: 14.015625 | BI4: 35.578125 | BJ4: 20.11328 | BK4: 42.073245 | BL4: 30.826175 | BM4: 24.3584 | BN4: 32.4668 | BO4: 14.01123 | BP4: 27.942875 | BQ4: 27.05029 | BR4: 21.086425 | BS4: 18.917485 | BT4: 28.547855 | BU4: 27.012695 | BV4: 29.949705 | BW4: 27.121095 | BX4: 34.77832 | BY4: 16.45703 | BZ4: 11.203125 | CA4: 9.21338 | CB4: 9.9292 | CC4: 10.913085 | CD4: 15.16797 | CE4: 15.00732 | CF4: 11.555665 | CG4: 11.467285 | CH4: 14.99512 | CI4: 24.075685 | CJ4: 13.183595 | CK4: 10.533695 | CL4: 29.5625 | CM4: 13.930665 | CN4: 12.538085 | CO4: 10.320315 | CP4: 12.955075 | CQ4: 7.0708 | CR4: 10.93555 | CS4: 7.94873 | CT4: 23.48584 | CU4: 16.404295 | CV4: 24.51367 | CW4: 16.71631 | CX4: 96.44336 | CY4: 69.74414 | CZ4: 31.188965 | DA4: 27.85547 | DB4: 31.350585 | DC4: 31.78125 | DD4: 39.206545 | DE4: 34.6958 | DF4: 29.722655 | DG4: 27.216305 | DH4: 33.041995 | DI4: 28.41016 | DJ4: 31.77881 | DK4: 12.07031 | DL4: 50.164065 | DM4: 32.28662 | DN4: 50.82666 | DO4: 56.080565 | DP4: 49.83887 | DQ4: 18.20703 | DR4: 17.246095 | DS4: 20.395505 | DT4: 22.611325 | DU4: 14.270505 | DV4: 3220.8974 | DW4: 1842.5953 | DX4: 721.58692 | DY4: 1010.794 | DZ4: 982.18457 | EA4: 1514.9189 | EB4: 685.26904 | EC4: 771.52539 | ED4: 108.57421 | EE4: 632.21923 | EF4: 1364.6904 | EG4: 319.20947 | EH4: 320.8545 | EI4: 30.85449 | EJ4: 182.18554 | EK4: 783.92188 | EL4: 175.44043 | EM4: 186.70947 | EN4: 115.21435 | EO4: 202.29932 | EP4: 112.0205 | EQ4: 98.753905 | ER4: 1162.0816 | ES4: 98.067385 | ET4: 1302.7115 | EU4: 317.43897 | EV4: 75.793945 | EW4: 155.19385 | EX4: 146.22852 | EY4: 387.53711 | EZ4: 56.61328 | FA4: 148.70801 | FB4: 20.72754 | FC4: 158.74463 | FD4: 219.84473 | FE4: 29.168945 | FF4: 61.939945 | FG4: 21.96777 | FH4: 23.647465 | FI4: 182.68213 | FJ4: 24.69141 | FK4: 14.3833 | FL4: 17.19141 | FM4: 28.194335 | FN4: 45.151855 | FO4: 92.55908 | FP4: 438.80664 | FQ4: 38.55469 | FR4: 5854.6621 | FS4: 2732.9082 | FT4: 178.51758 | FU4: 3533.9697 | FV4: 3704.4462 | FW4: 2217.8994 | FX4: 873.01072 | FY4: 12110.658 | FZ4: 1171.9722 | GA4: 5786.9477 | GB4: 16317.321 | GC4: 1194.2256 | GD4: 3272.6465 | GE4: 13.4917 | GF4: 24.16455 | GG4: 7185.4795 | GH4: 2899.3852 | GI4: 3445.0762 | GJ4: 5112.395 | GK4: 7.856445 | GL4: 1253.4077 | GM4: 24.719235 | GN4: 7433.7035 | GO4: 5582.3047 | GP4: 2623.9673 | GQ4: 552.23145 | GR4: 18.24365 | GS4: 921.03222 | GT4: 965.51903 | GU4: 460.62598 | GV4: 55.1333 | GW4: 10505.183 | GX4: 307.16016 | GY4: 7039.373 | GZ4: 16890.546 | HA4: 109.06836 | HB4: 2113.7553 | HC4: 13.791995 | HD4: 12.66797 | HE4: 6755.9961 | HF4: 1462.6621 | HG4: 913.09765 | HH4: 2359.5928 | HI4: 7.72461 | HJ4: 170.97656 | HK4: 17.75 | HL4: 3894.1675 | HM4: 1572.0986 | HN4: 2703.6049 | HO4: 344.88866 | HP4: 33.47754 | HQ4: 1115.0322 | HR4: 913.10987 | HS4: 968.54542 | HT4: 134.66504 | HU4: 7128.526 | HV4: 443.45704 | HW4: 2974.0717 | HX4: 11044.817 | HY4: 299.12988 | HZ4: 154.77881 | IA4: 13.86328 | IB4: 16.67822 | IC4: 7269.1187 | ID4: 1248.6939 | IE4: 844.92384 | IF4: 1562.1915 | IG4: 7.451175 | IH4: 73.987305 | II4: 20.19824 | IJ4: 3926.1182 | IK4: 615.27735 | IL4: 372.90186 | IM4: 12.470215 | IN4: 10.839355 | IO4: 46.95117 | IP4: 40.093265 | IQ4: 46.882815 | IR4: 12.53809 | IS4: 4304.0772 | IT4: 24.10449 | IU4: 677.8506 | IV4: 12233.736 | IW4: 13.242675 | IX4: 49.97803 | IY4: 13.51758 | IZ4: 11.408205 | JA4: 8175.6242 | JB4: 101.76953 | JC4: 31.675295 | JD4: 137.07715 | JE4: 6.972655 | JF4: 33.675785 | JG4: 17.626955 | JH4: 1105.7983 | JI4: 63.91504 | JJ4: 3757.6225 | JK4: 1864.7656 | JL4: 656.13672 | JM4: 1516.102 | JN4: 1437.2022 | JO4: 1763.5351 | JP4: 954.10547 | JQ4: 836.40477 | JR4: 133.52783 | JS4: 628.42872 | JT4: 1412.5855 | JU4: 288.6997 | JV4: 195.75781 | JW4: 32.007325 | JX4: 200.68409 | JY4: 4382.5038 | JZ4: 191.03467 | KA4: 292.31836 | KB4: 111.24414 | KC4: 184.45605 | KD4: 73.987305 | KE4: 78.80664 | KF4: 995.63282 | KG4: 38.760255 | KH4: 3727.5 | KI4: 3211.5 | KJ4: 3463.5 | KK4: 3767 | KL4: 4274.25 | KM4: 4294 | KN4: 3199 | KO4: 21799.25 | KP4: 5413 | KQ4: 7256 | KR4: 3586 | KS4: 3469.5 | KT4: 214414.75 | KU4: 2975 | KV4: 3294.75 | KW4: 17989.75 | KX4: 4277.5 | KY4: 2659 | KZ4: 3759.25 | LA4: 3928.5 | LB4: 10357.25 | LC4: 23662.75 | LD4: 55499.5 | LE4: 17316 | LF4: 10016.867 | LG4: 8232.7481 | LH4: 9728.5094 | LI4: 2126.4468 | LJ4: 1723.7441 | LK4: 2238.0306
A5: CC0037 | B5: 227682 | C5: 2.7142857 | D5: 1 | E5: 5 | F5: 89.211915 | G5: 94.625 | H5: 87.949705 | I5: 84.78613 | J5: 69.235355 | K5: 95.333985 | L5: 86.89697 | M5: 187.52637 | N5: 143.90136 | O5: 110.2959 | P5: 80.651365 | Q5: 124.88379 | R5: 118.17285 | S5: 31.640625 | T5: 83.43262 | U5: 139.43311 | V5: 80.5 | W5: 123.08301 | X5: 106.75879 | Y5: 134.4253 | Z5: 132.45508 | AA5: 163.24121 | AB5: 159.32715 | AC5: 141.10742 | AD5: 1089.5259 | AE5: 435.06494 | AF5: 165.91797 | AG5: 859.6201 | AH5: 879.2285 | AI5: 1130.7754 | AJ5: 309.84326 | AK5: 300.14941 | AL5: 52.24463 | AM5: 286.84911 | AN5: 103.46875 | AO5: 38.48535 | AP5: 100.19335 | AQ5: 27.14551 | AR5: 16.936035 | AS5: 400.67968 | AT5: 128.73584 | AU5: 83.016605 | AV5: 98.451175 | AW5: 14.16309 | AX5: 100.68555 | AY5: 17.856935 | AZ5: 385.96436 | BA5: 85.810545 | BB5: 14.628905 | BC5: 13.890625 | BD5: 16.727055 | BE5: 9.699705 | BF5: 15.860355 | BG5: 16.05078 | BH5: 9.40869 | BI5: 15.26514 | BJ5: 19.901365 | BK5: 24.25049 | BL5: 15.23145 | BM5: 20.686035 | BN5: 25.421875 | BO5: 12.108885 | BP5: 28.32617 | BQ5: 23.25586 | BR5: 18.63086 | BS5: 12.315915 | BT5: 19.16602 | BU5: 21.69043 | BV5: 25.288085 | BW5: 22.5625 | BX5: 49.634765 | BY5: 18.33691 | BZ5: 64.239745 | CA5: 46.783695 | CB5: 35.16309 | CC5: 68.0542 | CD5: 72.41699 | CE5: 60.22461 | CF5: 49.69385 | CG5: 32.53076 | CH5: 22.20508 | CI5: 34.91162 | CJ5: 21.41162 | CK5: 16.135745 | CL5: 43.23633 | CM5: 18.25 | CN5: 11.04102 | CO5: 16.00537 | CP5: 13.66406 | CQ5: 10.221195 | CR5: 13.4458 | CS5: 7.30664 | CT5: 24.712405 | CU5: 16.714355 | CV5: 25.598145 | CW5: 15.15039 | CX5: 14.750975 | CY5: 12.896485 | CZ5: 11.44873 | DA5: 9.56738 | DB5: 12.59277 | DC5: 15.61328 | DD5: 12.214355 | DE5: 8.66406 | DF5: 18.739255 | DG5: 20.53711 | DH5: 11.171385 | DI5: 19.112795 | DJ5: 25.20703 | DK5: 13.09961 | DL5: 26.57129 | DM5: 19.93555 | DN5: 16.607425 | DO5: 11.66797 | DP5: 16.8916 | DQ5: 22.19629 | DR5: 18.77832 | DS5: 18.723635 | DT5: 23.023435 | DU5: 15.992185 | DV5: 6794.954 | DW5: 4077.8935 | DX5: 2696.1162 | DY5: 6811.9765 | DZ5: 7091.1411 | EA5: 7099.9665 | EB5: 6276.4904 | EC5: 6004.6148 | ED5: 1340.3316 | EE5: 8667.789 | EF5: 9347.6025 | EG5: 8235.8602 | EH5: 10111.094 | EI5: 664.13965 | EJ5: 388.95605 | EK5: 7946.8105 | EL5: 5150.2242 | EM5: 5813.8965 | EN5: 3589.6055 | EO5: 188.52344 | EP5: 173.32959 | EQ5: 452.80615 | ER5: 5358.2715 | ES5: 372.20947 | ET5: 3291.6417 | EU5: 1023.0288 | EV5: 557.57715 | EW5: 2982.5137 | EX5: 2907.6309 | EY5: 3476.0986 | EZ5: 2319.8647 | FA5: 2736.8506 | FB5: 209.20117 | FC5: 4635.3198 | FD5: 6545.5742 | FE5: 5375.3594 | FF5: 7725.8569 | FG5: 44.415035 | FH5: 37.036135 | FI5: 4538.2895 | FJ5: 1996.6534 | FK5: 2015.8667 | FL5: 886.0459 | FM5: 19.629395 | FN5: 62.905275 | FO5: 167.43946 | FP5: 1941.7676 | FQ5: 69.578125 | FR5: 12179.657 | FS5: 11632.96 | FT5: 8630.6045 | FU5: 14530.306 | FV5: 14887.413 | FW5: 13040.439 | FX5: 12751.973 | FY5: 9869.336 | FZ5: 1480.4648 | GA5: 6246.085 | GB5: 2911.167 | GC5: 1405.0073 | GD5: 1307.7867 | GE5: 280.41992 | GF5: 35.24072 | GG5: 6626.4208 | GH5: 4157.1465 | GI5: 6375.3897 | GJ5: 5879.224 | GK5: 9.671875 | GL5: 2130.5239 | GM5: 21.140625 | GN5: 9238.633 | GO5: 10373.443 | GP5: 13536.907 | GQ5: 8941.78 | GR5: 5519.9707 | GS5: 13804.852 | GT5: 13972.466 | GU5: 13708.898 | GV5: 11001.101 | GW5: 6949.5019 | GX5: 213.51318 | GY5: 4536.313 | GZ5: 271.41797 | HA5: 88.981935 | HB5: 298.52979 | HC5: 19.768065 | HD5: 13.520995 | HE5: 5472.0049 | HF5: 1913.4658 | HG5: 2899.1856 | HH5: 2909.9736 | HI5: 7.893555 | HJ5: 200.65918 | HK5: 18.862795 | HL5: 5336.1825 | HM5: 5546.5948 | HN5: 11049.754 | HO5: 6930.9156 | HP5: 4077.2304 | HQ5: 10713.656 | HR5: 9959.533 | HS5: 10912.243 | HT5: 9382.8275 | HU5: 5903.45 | HV5: 834.37695 | HW5: 3691.8847 | HX5: 1014.5205 | HY5: 534.92139 | HZ5: 1064.9649 | IA5: 76.37207 | IB5: 42.209965 | IC5: 4422.6398 | ID5: 2108.4414 | IE5: 2589.3579 | IF5: 2809.5737 | IG5: 9.734865 | IH5: 130.55859 | II5: 18.868655 | IJ5: 5515.2539 | IK5: 4965.7387 | IL5: 11898.848 | IM5: 7395.7986 | IN5: 4437.3935 | IO5: 11152.526 | IP5: 11285.034 | IQ5: 11913.314 | IR5: 9726.833 | IS5: 5149.0664 | IT5: 77.216795 | IU5: 1936.602 | IV5: 96.402345 | IW5: 41.254885 | IX5: 192.88379 | IY5: 18.54492 | IZ5: 17.9502 | JA5: 3546.6836 | JB5: 492.88086 | JC5: 718.22656 | JD5: 871.01076 | JE5: 8.49121 | JF5: 70.78662 | JG5: 21.760255 | JH5: 3828.4371 | JI5: 4010.9267 | JJ5: 5789.0137 | JK5: 3642.8096 | JL5: 2807.4073 | JM5: 6693.8195 | JN5: 6497.8165 | JO5: 6606.5185 | JP5: 5805.2666 | JQ5: 4961.1475 | JR5: 1549.0542 | JS5: 6726.8115 | JT5: 7548.5695 | JU5: 7174.0332 | JV5: 5355.3975 | JW5: 914.19872 | JX5: 622.44385 | JY5: 6747.1114 | JZ5: 4706.4266 | KA5: 5670.1817 | KB5: 3536.7646 | KC5: 85.341795 | KD5: 130.55859 | KE5: 195.9751 | KF5: 5347.6328 | KG5: 258.88867 | KH5: 250132.75 | KI5: 4779.25 | KJ5: 5564.5 | KK5: 20547.5 | KL5: 19042.75 | KM5: 115806 | KN5: 8479.25 | KO5: 20561.5 | KP5: 8225.75 | KQ5: 7172.5 | KR5: 3276.25 | KS5: 2862.25 | KT5: 10595.5 | KU5: 3758.75 | KV5: 4385.75 | KW5: 17229.5 | KX5: 5230 | KY5: 4088.25 | KZ5: 4454.25 | LA5: 5683.5 | LB5: 12349 | LC5: 29554.75 | LD5: 70082 | LE5: 21942 | LF5: 9566.5261 | LG5: 7786.1722 | LH5: 7613.271 | LI5: 3583.2997 | LJ5: 1393.9017 | LK5: 2603.8042
A6: CC0037 | B6: 234930 | C6: 7.8571429 | D6: 2 | E6: 5 | F6: 130.63379 | G6: 142.07862 | H6: 145.12793 | I6: 119.03711 | J6: 119.19336 | K6: 117.65576 | L6: 99.728025 | M6: 334.79541 | N6: 132.80078 | O6: 163.08936 | P6: 156.00879 | Q6: 122.43653 | R6: 187.51709 | S6: 31.075195 | T6: 126.14502 | U6: 216.86426 | V6: 145.16113 | W6: 212.57226 | X6: 212.46729 | Y6: 159.53808 | Z6: 149.0249 | AA6: 234.87109 | AB6: 267.52735 | AC6: 186.52149 | AD6: 1193.1988 | AE6: 881.55566 | AF6: 415.93018 | AG6: 731.45703 | AH6: 726.46972 | AI6: 556.1533 | AJ6: 316.59472 | AK6: 356.32812 | AL6: 116.02491 | AM6: 306.05176 | AN6: 384.83301 | AO6: 116.83398 | AP6: 395.125 | AQ6: 61.953125 | AR6: 53.54492 | AS6: 3432.7706 | AT6: 1137.7641 | AU6: 308.20556 | AV6: 347.23633 | AW6: 27.83008 | AX6: 79.191895 | AY6: 18.47949 | AZ6: 6539.4474 | BA6: 77.464845 | BB6: 17.692385 | BC6: 17.029785 | BD6: 15.311035 | BE6: 10.70166 | BF6: 14.223635 | BG6: 17.964355 | BH6: 12.322755 | BI6: 19.105955 | BJ6: 17.894045 | BK6: 23.789065 | BL6: 14.40088 | BM6: 21.40332 | BN6: 28.696775 | BO6: 13.56934 | BP6: 27.38867 | BQ6: 27.581055 | BR6: 20.42871 | BS6: 14.51172 | BT6: 20.717775 | BU6: 24.657715 | BV6: 30.16553 | BW6: 26.95459 | BX6: 63.973145 | BY6: 18.491695 | BZ6: 25.327635 | CA6: 16.27295 | CB6: 15.46533 | CC6: 23.785645 | CD6: 25.76465 | CE6: 25.018555 | CF6: 19.74414 | CG6: 13.890135 | CH6: 16.25439 | CI6: 26.240235 | CJ6: 16.220215 | CK6: 11.9707 | CL6: 32.7666 | CM6: 13.956055 | CN6: 11.12793 | CO6: 11.91504 | CP6: 11.484375 | CQ6: 6.60205 | CR6: 11.813965 | CS6: 7.405765 | CT6: 23.41748 | CU6: 17.94336 | CV6: 26.833985 | CW6: 14.708005 | CX6: 14.03125 | CY6: 13.893555 | CZ6: 13.802735 | DA6: 9.58789 | DB6: 11.02295 | DC6: 15.9541 | DD6: 10.658205 | DE6: 10.878905 | DF6: 15.26514 | DG6: 21.67773 | DH6: 11.335935 | DI6: 19.36914 | DJ6: 24.53467 | DK6: 12.001955 | DL6: 26.50586 | DM6: 18.585935 | DN6: 16.859375 | DO6: 10.490235 | DP6: 19.642575 | DQ6: 18.57959 | DR6: 17.421875 | DS6: 19.751955 | DT6: 24.208985 | DU6: 18.280275 | DV6: 2146.9248 | DW6: 869.55663 | DX6: 756.45605 | DY6: 1098.957 | DZ6: 1131.834 | EA6: 1384.0201 | EB6: 1094.1026 | EC6: 2813.2124 | ED6: 566.34865 | EE6: 2597.0918 | EF6: 4293.3867 | EG6: 3114.6694 | EH6: 5443.77 | EI6: 140.27344 | EJ6: 322.01855 | EK6: 3597.2451 | EL6: 1335.0459 | EM6: 2825.6923 | EN6: 724.66308 | EO6: 116.21582 | EP6: 121.17383 | EQ6: 161.92138 | ER6: 2667.1215 | ES6: 178.54882 | ET6: 448.16895 | EU6: 79.64502 | EV6: 106.5332 | EW6: 127.26905 | EX6: 129.49463 | EY6: 194.12696 | EZ6: 104.90332 | FA6: 863.96973 | FB6: 204.61767 | FC6: 792.65722 | FD6: 1340.5605 | FE6: 859.08203 | FF6: 2693.5884 | FG6: 25.497555 | FH6: 54.07422 | FI6: 1153.7647 | FJ6: 166.18652 | FK6: 612.72949 | FL6: 80.438475 | FM6: 23.23535 | FN6: 46.80371 | FO6: 130.28077 | FP6: 1211.3526 | FQ6: 90.296875 | FR6: 13451.889 | FS6: 9987.996 | FT6: 6559.3408 | FU6: 13292.181 | FV6: 13811.803 | FW6: 12430.658 | FX6: 11735.445 | FY6: 8401.051 | FZ6: 610.61965 | GA6: 4557.7299 | GB6: 4715.041 | GC6: 1947.3271 | GD6: 942.09227 | GE6: 232.70215 | GF6: 97.780275 | GG6: 9281.1615 | GH6: 5039.6573 | GI6: 5061.9727 | GJ6: 5085.5483 | GK6: 31.980465 | GL6: 509.09474 | GM6: 23.583985 | GN6: 16807.272 | GO6: 6217.2305 | GP6: 12875.508 | GQ6: 8014.6495 | GR6: 4350.5274 | GS6: 11046.193 | GT6: 10639.547 | GU6: 10956.049 | GV6: 9233.717 | GW6: 5572.6241 | GX6: 58.46387 | GY6: 3748.1533 | GZ6: 1974.2724 | HA6: 304.80274 | HB6: 352.97949 | HC6: 19.70801 | HD6: 13.916015 | HE6: 10965.476 | HF6: 3739.544 | HG6: 2430.0507 | HH6: 2872.0078 | HI6: 10.00244 | HJ6: 45.8042 | HK6: 21.460935 | HL6: 19467.253 | HM6: 2260.3227 | HN6: 9746.5475 | HO6: 5165.4496 | HP6: 2726.355 | HQ6: 7592.7315 | HR6: 7996.6855 | HS6: 9010.1755 | HT6: 6097.5883 | HU6: 4887.9053 | HV6: 394.58594 | HW6: 3243.2715 | HX6: 2615.5674 | HY6: 784.0752 | HZ6: 342.56641 | IA6: 131.98438 | IB6: 61.262695 | IC6: 8286.5325 | ID6: 3204.585 | IE6: 1978.7695 | IF6: 2310.3608 | IG6: 10.4458 | IH6: 60.62158 | II6: 23.623045 | IJ6: 16165.44 | IK6: 4721.167 | IL6: 11805.95 | IM6: 3684.8232 | IN6: 830.27685 | IO6: 6841.6825 | IP6: 6778.7632 | IQ6: 9813.6035 | IR6: 3859.6562 | IS6: 2984.8477 | IT6: 40.259275 | IU6: 1002.3071 | IV6: 542.27247 | IW6: 57.503905 | IX6: 81.69287 | IY6: 19.77246 | IZ6: 20.80615 | JA6: 9973.704 | JB6: 1359.0337 | JC6: 228.62696 | JD6: 430.68457 | JE6: 10.894535 | JF6: 35.331545 | JG6: 22.57422 | JH6: 18434.061 | JI6: 3286.5977 | JJ6: 2342.1514 | JK6: 768.6748 | JL6: 898.9663 | JM6: 1591.4082 | JN6: 1502.5318 | JO6: 1961.8242 | JP6: 1237.3892 | JQ6: 2482.7764 | JR6: 759.21045 | JS6: 3419.8901 | JT6: 4295.5397 | JU6: 3405.8125 | JV6: 3653.2685 | JW6: 109.90674 | JX6: 303.07812 | JY6: 7391.2807 | JZ6: 1675.9243 | KA6: 3594.2314 | KB6: 791.22509 | KC6: 45.663085 | KD6: 60.62158 | KE6: 105.94922 | KF6: 2608.9321 | KG6: 62.302735 | KH6: 9085.25 | KI6: 5471.5 | KJ6: 9052 | KK6: 5165.5 | KL6: 6128 | KM6: 4525.5 | KN6: 5340.5 | KO6: 22778.5 | KP6: 8760.5 | KQ6: 9138.5 | KR6: 4104.25 | KS6: 3262.75 | KT6: 29708 | KU6: 6262 | KV6: 5657.75 | KW6: 18623.5 | KX6: 10710.5 | KY6: 3516.5 | KZ6: 6073.25 | LA6: 10572 | LB6: 17196.25 | LC6: 27108.25 | LD6: 233390.25 | LE6: 20890.5 | LF6: 6651.9689 | LG6: 7170.9259 | LH6: 6611.6829 | LI6: 2913.3298 | LJ6: 1615.102 | LK6: 1724.98
A7: CC0037 | B7: 236578 | C7: 9.8571429 | D7: 2 | E7: 5 | F7: 139.11719 | G7: 174.62793 | H7: 166.57178 | I7: 116.43262 | J7: 144.96679 | K7: 186.45703 | L7: 142.84423 | M7: 267.77588 | N7: 201.94287 | O7: 209.1543 | P7: 143.15234 | Q7: 259.09033 | R7: 240.49952 | S7: 43.935545 | T7: 130.15869 | U7: 251.03711 | V7: 204.49707 | W7: 247.75879 | X7: 222.99609 | Y7: 236.89307 | Z7: 283.71094 | AA7: 387.46777 | AB7: 290.94288 | AC7: 193.97364 | AD7: 857.70556 | AE7: 210.03516 | AF7: 99.91211 | AG7: 441.69385 | AH7: 425.7876 | AI7: 676.21437 | AJ7: 211.82128 | AK7: 70.816405 | AL7: 23.067385 | AM7: 75.940915 | AN7: 20.285155 | AO7: 12.822755 | AP7: 32.107425 | AQ7: 13.72656 | AR7: 11.6875 | AS7: 34.48682 | AT7: 18.27539 | AU7: 11.447265 | AV7: 16.606445 | AW7: 7.26416 | AX7: 92.04932 | AY7: 17.84082 | AZ7: 95.77246 | BA7: 36.75049 | BB7: 16.34961 | BC7: 18.08154 | BD7: 18.05371 | BE7: 10.67383 | BF7: 14.61572 | BG7: 18.567385 | BH7: 13.50879 | BI7: 23.753415 | BJ7: 19.72461 | BK7: 25.171385 | BL7: 17.96924 | BM7: 21.904785 | BN7: 31.228025 | BO7: 12.98047 | BP7: 29.118165 | BQ7: 27.019045 | BR7: 20.975095 | BS7: 16.512695 | BT7: 23.65527 | BU7: 31.243165 | BV7: 32.61621 | BW7: 24.901855 | BX7: 72.94092 | BY7: 20.81641 | BZ7: 56.755375 | CA7: 35.793945 | CB7: 27.56982 | CC7: 49.813475 | CD7: 54.532225 | CE7: 50.16797 | CF7: 43.83887 | CG7: 28.85449 | CH7: 20.99365 | CI7: 32.486815 | CJ7: 21.44531 | CK7: 15.03711 | CL7: 38.27734 | CM7: 19.53906 | CN7: 11.427735 | CO7: 20.407225 | CP7: 14.049805 | CQ7: 10.28809 | CR7: 13.782715 | CS7: 8.052245 | CT7: 26.186035 | CU7: 18.62012 | CV7: 26.91309 | CW7: 15.7749 | CX7: 14.416015 | CY7: 15.06787 | CZ7: 14.97168 | DA7: 9.688475 | DB7: 14.45459 | DC7: 16.35596 | DD7: 9.257815 | DE7: 13.88965 | DF7: 17.243165 | DG7: 21.11426 | DH7: 10.32422 | DI7: 18.83691 | DJ7: 23.053715 | DK7: 11.64258 | DL7: 24.794925 | DM7: 19.96387 | DN7: 15.546875 | DO7: 11.012695 | DP7: 17.8125 | DQ7: 18.95117 | DR7: 18.645505 | DS7: 18.216795 | DT7: 25.08887 | DU7: 17.770015 | DV7: 3690.3623 | DW7: 2431.7978 | DX7: 1214.143 | DY7: 3912.6953 | DZ7: 3765.3037 | EA7: 4041.981 | EB7: 3123.0986 | EC7: 3945.8257 | ED7: 707.2002 | EE7: 5219.1084 | EF7: 7376.741 | EG7: 7222.1665 | EH7: 9079.5365 | EI7: 339.11719 | EJ7: 117.82031 | EK7: 6812.5333 | EL7: 3373.5127 | EM7: 3685.4766 | EN7: 2194.0303 | EO7: 133.94776 | EP7: 75.483885 | EQ7: 292.18847 | ER7: 3010.9003 | ES7: 238.9458 | ET7: 1818.4658 | EU7: 551.36963 | EV7: 180.32959 | EW7: 1505.8828 | EX7: 1360.9434 | EY7: 1720.227 | EZ7: 921.917 | FA7: 1818.1348 | FB7: 98.157225 | FC7: 3755.2426 | FD7: 5508.2041 | FE7: 5009.6274 | FF7: 7472.1386 | FG7: 27.811035 | FH7: 17.55957 | FI7: 4157.9912 | FJ7: 1032.8609 | FK7: 1316.5107 | FL7: 556.62158 | FM7: 15.892575 | FN7: 31.09033 | FO7: 111.31299 | FP7: 1061.6572 | FQ7: 63.376955 | FR7: 14460.43 | FS7: 13440.636 | FT7: 10781.658 | FU7: 16523.31 | FV7: 16454.276 | FW7: 15910.901 | FX7: 15354.892 | FY7: 11078.676 | FZ7: 2278.6265 | GA7: 6843.7545 | GB7: 3393.728 | GC7: 1944.668 | GD7: 1303.8892 | GE7: 156.58497 | GF7: 34.39258 | GG7: 6062.5545 | GH7: 4633.2984 | GI7: 6540.7544 | GJ7: 6301.5215 | GK7: 10.51758 | GL7: 1582.6299 | GM7: 25.841305 | GN7: 10076.085 | GO7: 12177.702 | GP7: 15470.465 | GQ7: 11065.346 | GR7: 6476.188 | GS7: 15107.249 | GT7: 15470.465 | GU7: 14942.61 | GV7: 13812.713 | GW7: 7801.9023 | GX7: 191.54053 | GY7: 4543.4482 | GZ7: 339.67676 | HA7: 102.24658 | HB7: 249.68799 | HC7: 19.389165 | HD7: 13.53125 | HE7: 4348.2973 | HF7: 1466.4385 | HG7: 2438.251 | HH7: 2223.4965 | HI7: 7.458985 | HJ7: 96.128905 | HK7: 17.112305 | HL7: 4995.0089 | HM7: 8261.641 | HN7: 11806.158 | HO7: 8538.987 | HP7: 4632.5547 | HQ7: 11486.647 | HR7: 11624.188 | HS7: 12185.834 | HT7: 10442.207 | HU7: 6324.0884 | HV7: 366.54834 | HW7: 3698.0723 | HX7: 1107.2061 | HY7: 601.59082 | HZ7: 861.19285 | IA7: 42.20459 | IB7: 25.677735 | IC7: 4448.9848 | ID7: 1455.8662 | IE7: 2362.2905 | IF7: 1881.7412 | IG7: 8.13623 | IH7: 48.839845 | II7: 18.347655 | IJ7: 4215.7218 | IK7: 5868.2348 | IL7: 14482.251 | IM7: 9876.661 | IN7: 5025.4668 | IO7: 14306.157 | IP7: 14205.297 | IQ7: 14283.427 | IR7: 12280.461 | IS7: 5991.7319 | IT7: 32.709475 | IU7: 1883.2114 | IV7: 80.854005 | IW7: 30.33301 | IX7: 152.31543 | IY7: 14.660645 | IZ7: 13.03516 | JA7: 4432.5323 | JB7: 335.46973 | JC7: 641.74608 | JD7: 529.23925 | JE7: 7.591795 | JF7: 43.726075 | JG7: 19.541995 | JH7: 2802.9267 | JI7: 5892.3564 | JJ7: 2944.1001 | JK7: 1947.98 | JL7: 1132.7066 | JM7: 3646.3564 | JN7: 3686.2686 | JO7: 3544.7158 | JP7: 2548.8178 | JQ7: 2828.8721 | JR7: 438.30078 | JS7: 3693.8203 | JT7: 5408.147 | JU7: 5025.8067 | JV7: 3934.5087 | JW7: 349.83203 | JX7: 117.53222 | JY7: 5431.7773 | JZ7: 2203.9864 | KA7: 3274.0293 | KB7: 1855.9805 | KC7: 50.52881 | KD7: 48.839845 | KE7: 96.398435 | KF7: 2387.9205 | KG7: 98.04297 | KH7: 327613.5 | KI7: 6460.25 | KJ7: 9197.5 | KK7: 16607 | KL7: 16176.5 | KM7: 67718 | KN7: 8273.25 | KO7: 21526 | KP7: 7979.75 | KQ7: 7460.5 | KR7: 4106.5 | KS7: 3111.5 | KT7: 9803.75 | KU7: 5295.75 | KV7: 6299.5 | KW7: 19775.5 | KX7: 8010.5 | KY7: 4530 | KZ7: 5814.25 | LA7: 9239.75 | LB7: 29261.5 | LC7: 26558.5 | LD7: 71124.75 | LE7: 29111 | LF7: 7480.439 | LG7: 5413.7927 | LH7: 5910.9778 | LI7: 3154.8744 | LJ7: 1844.4997 | LK7: 2002.8998
A8: CC0037 | B8: 282172 | C8: 31.571429 | D8: 3 | E8: 5 | F8: 100.05908 | G8: 97.86719 | H8: 95.250975 | I8: 67.564945 | J8: 84.72168 | K8: 64.354495 | L8: 81.5459 | M8: 131.9458 | N8: 91.11572 | O8: 112.17383 | P8: 68.89844 | Q8: 96.300295 | R8: 103.55079 | S8: 28.450685 | T8: 90.155765 | U8: 206.3999 | V8: 92.28613 | W8: 98.65137 | X8: 77.941895 | Y8: 121.27734 | Z8: 99.0918 | AA8: 163.31689 | AB8: 133.86915 | AC8: 99.27783 | AD8: 244.85547 | AE8: 91.725095 | AF8: 52.229495 | AG8: 185.07226 | AH8: 200.4209 | AI8: 285.8164 | AJ8: 77.749025 | AK8: 52.86377 | AL8: 23.00293 | AM8: 41.1792 | AN8: 23.492675 | AO8: 13.53467 | AP8: 32.99805 | AQ8: 15.7041 | AR8: 12.42676 | AS8: 65.516115 | AT8: 30.975585 | AU8: 20.13135 | AV8: 27.717285 | AW8: 8.77295 | AX8: 68.418945 | AY8: 19.203615 | AZ8: 81.70898 | BA8: 66.953615 | BB8: 18.38379 | BC8: 14.473145 | BD8: 15.38086 | BE8: 10.88867 | BF8: 12.59961 | BG8: 18.041995 | BH8: 12.91455 | BI8: 21.63965 | BJ8: 17.285645 | BK8: 23.57422 | BL8: 13.15088 | BM8: 17.688965 | BN8: 26.11328 | BO8: 13.54346 | BP8: 25.140625 | BQ8: 24.95508 | BR8: 22.769045 | BS8: 14.012695 | BT8: 22.728515 | BU8: 23.00684 | BV8: 26.810545 | BW8: 41.41406 | BX8: 54.91504 | BY8: 16.626955 | BZ8: 35.70752 | CA8: 23.469725 | CB8: 20.45117 | CC8: 34.99707 | CD8: 38.8125 | CE8: 37.295415 | CF8: 29.04883 | CG8: 25.009765 | CH8: 20.25049 | CI8: 29.36377 | CJ8: 19.475585 | CK8: 13.82129 | CL8: 36.69873 | CM8: 19.58154 | CN8: 11.77588 | CO8: 20.129395 | CP8: 13.78809 | CQ8: 9.38867 | CR8: 13.27783 | CS8: 8.477535 | CT8: 25.58057 | CU8: 21.40332 | CV8: 26.748535 | CW8: 16.33887 | CX8: 13.91748 | CY8: 12.33887 | CZ8: 11.789065 | DA8: 9.911135 | DB8: 10.061035 | DC8: 14.59082 | DD8: 7.719725 | DE8: 12.263185 | DF8: 16.6001 | DG8: 20.296385 | DH8: 10.483885 | DI8: 18.953125 | DJ8: 21.761235 | DK8: 12.11523 | DL8: 27.475095 | DM8: 15.02051 | DN8: 16.38379 | DO8: 9.279295 | DP8: 16.13086 | DQ8: 17.947755 | DR8: 17.15137 | DS8: 23.74951 | DT8: 23.942385 | DU8: 16.2041 | DV8: 3968.974 | DW8: 2151.4463 | DX8: 1106.3828 | DY8: 3489.9961 | DZ8: 3716.4795 | EA8: 3328.0019 | EB8: 2514.3155 | EC8: 3988.2647 | ED8: 591.32715 | EE8: 8211.947 | EF8: 9343.009 | EG8: 7698.1779 | EH8: 9858.3915 | EI8: 271.41503 | EJ8: 85.87305 | EK8: 7420.4532 | EL8: 3052.8999 | EM8: 3508.5005 | EN8: 2412.1255 | EO8: 168.25635 | EP8: 80.081055 | EQ8: 368.41992 | ER8: 3669.4731 | ES8: 435.59815 | ET8: 1568.0855 | EU8: 440.4248 | EV8: 128.83497 | EW8: 1342.752 | EX8: 1407.8984 | EY8: 1296.2613 | EZ8: 588.4131 | FA8: 1583.398 | FB8: 83.14746 | FC8: 5014.5512 | FD8: 6124.7847 | FE8: 4654.4199 | FF8: 7824.3424 | FG8: 22.260745 | FH8: 14.510255 | FI8: 4696.6768 | FJ8: 915.80517 | FK8: 1073.6172 | FL8: 624.79737 | FM8: 16.375 | FN8: 30.49268 | FO8: 130.97901 | FP8: 1183.3881 | FQ8: 71.75049 | FR8: 14175.188 | FS8: 11722.279 | FT8: 8026.9738 | FU8: 15794.183 | FV8: 15928.971 | FW8: 14406.715 | FX8: 14245.592 | FY8: 9641.3025 | FZ8: 587.7871 | GA8: 4556.1035 | GB8: 2822.3584 | GC8: 1209.3828 | GD8: 766.13038 | GE8: 30.28418 | GF8: 15.97461 | GG8: 5216.5136 | GH8: 2500.0469 | GI8: 3741.9053 | GJ8: 2937.5532 | GK8: 7.651855 | GL8: 701.00292 | GM8: 25.405275 | GN8: 8685.4055 | GO8: 13551.751 | GP8: 14290.851 | GQ8: 9683.186 | GR8: 5195.4142 | GS8: 13945.794 | GT8: 13993.748 | GU8: 13983.978 | GV8: 11910.474 | GW8: 6137.3803 | GX8: 33.7417 | GY8: 2753.2725 | GZ8: 251.77929 | HA8: 41.12695 | HB8: 155.75976 | HC8: 15.43213 | HD8: 12.7041 | HE8: 2758.1552 | HF8: 422.83643 | HG8: 877.6875 | HH8: 553.57423 | HI8: 8.69629 | HJ8: 50.326175 | HK8: 18.79541 | HL8: 4272.0181 | HM8: 11349.329 | HN8: 9602.2775 | HO8: 6493.7567 | HP8: 3154.2593 | HQ8: 9733.651 | HR8: 9460.667 | HS8: 10195.233 | HT8: 7687.5527 | HU8: 4353.7276 | HV8: 41.424805 | HW8: 1861.4683 | HX8: 736.49608 | HY8: 287.18701 | HZ8: 384.9375 | IA8: 21.27246 | IB8: 14.506835 | IC8: 2570.2148 | ID8: 487.6333 | IE8: 879.77247 | IF8: 617.3501 | IG8: 7.90967 | IH8: 49.46924 | II8: 18.293455 | IJ8: 2954.2027 | IK8: 6592.0454 | IL8: 11762.101 | IM8: 6392.0518 | IN8: 1519.8594 | IO8: 11350.953 | IP8: 11122.661 | IQ8: 12435.139 | IR8: 8237.0459 | IS8: 2944.4205 | IT8: 17.42383 | IU8: 427.69287 | IV8: 53.48389 | IW8: 17.111815 | IX8: 80.641115 | IY8: 12.99756 | IZ8: 11.536135 | JA8: 2149.7735 | JB8: 53.77002 | JC8: 83.40381 | JD8: 51.08691 | JE8: 7.02246 | JF8: 33.233885 | JG8: 19.211425 | JH8: 1579.0732 | JI8: 7676.5825 | JJ8: 3782.0186 | JK8: 2118.0181 | JL8: 946.26172 | JM8: 4315.2626 | JN8: 4038.9033 | JO8: 4232.4185 | JP8: 3243.1592 | JQ8: 3278.5952 | JR8: 186.89258 | JS8: 7220.3173 | JT8: 7849.7265 | JU8: 7553.6475 | JV8: 5560.0775 | JW8: 304.14404 | JX8: 64.46338 | JY8: 7326.3439 | JZ8: 2440.5791 | KA8: 3988.586 | KB8: 2158.9341 | KC8: 54.245115 | KD8: 49.46924 | KE8: 134.1416 | KF8: 3085.5478 | KG8: 237.97753 | KH8: 13424.5 | KI8: 3097 | KJ8: 3397 | KK8: 3771.5 | KL8: 4321.5 | KM8: 4974.25 | KN8: 2764.75 | KO8: 16381.25 | KP8: 4403 | KQ8: 5436.25 | KR8: 3028.5 | KS8: 2544.5 | KT8: 11467.5 | KU8: 3197 | KV8: 3368.5 | KW8: 12927 | KX8: 3717.25 | KY8: 2770.75 | KZ8: 3247.5 | LA8: 3803.75 | LB8: 10374.5 | LC8: 20384.25 | LD8: 46582.75 | LE8: 16668 | LF8: 9626.8333 | LG8: 8612.2692 | LH8: 7096.1433 | LI8: 3451.1212 | LJ8: 1691.7847 | LK8: 2088.247
A9: CC0051 | B9: 237846 | C9: 7.4285714 | D9: 2 | E9: 1 | F9: 990.21339 | G9: 1617.2417 | H9: 1827.3682 | I9: 948.26465 | J9: 1215.5288 | K9: 1350.5796 | L9: 943.31543 | M9: 2714.398 | N9: 1287.3447 | O9: 2022.6816 | P9: 1645.2486 | Q9: 1703.3516 | R9: 3637.871 | S9: 252.70215 | T9: 586.9131 | U9: 2643.5904 | V9: 1786.9531 | W9: 2336.6182 | X9: 1768.728 | Y9: 1823.0903 | Z9: 1149.3266 | AA9: 3186.122 | AB9: 1864.4151 | AC9: 1856.5864 | AD9: 1391.2978 | AE9: 791.77245 | AF9: 267.43261 | AG9: 500.34765 | AH9: 540.54198 | AI9: 380.4375 | AJ9: 398.33107 | AK9: 5556.4482 | AL9: 1389.5849 | AM9: 3075.1938 | AN9: 3665.5284 | AO9: 1417.024 | AP9: 2088.1992 | AQ9: 132.53418 | AR9: 265.83985 | AS9: 3141.331 | AT9: 1760.643 | AU9: 1157.2363 | AV9: 1031.5313 | AW9: 10.121095 | AX9: 625.5332 | AY9: 39.16553 | AZ9: 4969.6133 | BA9: 475.48194 | BB9: 52.7085 | BC9: 62.148925 | BD9: 61.2583 | BE9: 41.68848 | BF9: 50.93701 | BG9: 63.317385 | BH9: 54.94824 | BI9: 105.46094 | BJ9: 79.873535 | BK9: 77.530275 | BL9: 46.5083 | BM9: 72.45361 | BN9: 128.90625 | BO9: 23.06494 | BP9: 59.537595 | BQ9: 127.80176 | BR9: 74.50195 | BS9: 78.458985 | BT9: 68.33008 | BU9: 76.98877 | BV9: 93.9375 | BW9: 111.05908 | BX9: 53.192385 | BY9: 62.99707 | BZ9: 15.533205 | CA9: 17.126955 | CB9: 15.902345 | CC9: 18.043945 | CD9: 22.690915 | CE9: 19.48584 | CF9: 16.27588 | CG9: 29.665525 | CH9: 22.61914 | CI9: 29.55078 | CJ9: 23.006835 | CK9: 16.969235 | CL9: 44.549805 | CM9: 13.674805 | CN9: 12.62891 | CO9: 24.17871 | CP9: 16.155275 | CQ9: 10.897465 | CR9: 14.8584 | CS9: 7.859375 | CT9: 22.930665 | CU9: 19.237795 | CV9: 147.875 | CW9: 16.07959 | CX9: 13.282715 | CY9: 12.572265 | CZ9: 14.532225 | DA9: 8.968265 | DB9: 12.40039 | DC9: 15.40918 | DD9: 9.02832 | DE9: 9.40576 | DF9: 15.515135 | DG9: 21.14746 | DH9: 10.55957 | DI9: 17.21875 | DJ9: 25.563475 | DK9: 12.173825 | DL9: 25.822265 | DM9: 20.51953 | DN9: 15.24707 | DO9: 10.41699 | DP9: 16.40576 | DQ9: 17.797855 | DR9: 16.365235 | DS9: 18.242675 | DT9: 20.881835 | DU9: 14.371095 | DV9: 2132.6724 | DW9: 666.0166 | DX9: 241.59473 | DY9: 702.97557 | DZ9: 768.43993 | EA9: 624.76415 | EB9: 1213.2115 | EC9: 1776.1143 | ED9: 99.844725 | EE9: 1099.5571 | EF9: 908.7588 | EG9: 608.02977 | EH9: 621.32033 | EI9: 103.81543 | EJ9: 156.35108 | EK9: 1261.7393 | EL9: 369.97119 | EM9: 404.52441 | EN9: 431.57862 | EO9: 439.2539 | EP9: 720.12596 | EQ9: 683.2705 | ER9: 8821.7975 | ES9: 2626.4594 | ET9: 1628.6982 | EU9: 216.62011 | EV9: 54.473635 | EW9: 191.13623 | EX9: 198.12695 | EY9: 144.58496 | EZ9: 365.76855 | FA9: 614.4878 | FB9: 33.43457 | FC9: 351.0249 | FD9: 255.33692 | FE9: 161.75635 | FF9: 179.99414 | FG9: 47.40332 | FH9: 46.41357 | FI9: 580.40917 | FJ9: 65.623535 | FK9: 81.404785 | FL9: 91.41162 | FM9: 142.17285 | FN9: 363.90137 | FO9: 284.80664 | FP9: 6710.2695 | FQ9: 5455.497 | FR9: 5667.051 | FS9: 4747.833 | FT9: 415.65918 | FU9: 1145.6748 | FV9: 1305.5293 | FW9: 1453.4522 | FX9: 1148.627 | FY9: 9980.914 | FZ9: 1353.8413 | GA9: 4455.4482 | GB9: 8646.876 | GC9: 4149.7969 | GD9: 7932.612 | GE9: 114.5542 | GF9: 440.49805 | GG9: 6566.4399 | GH9: 3513.2358 | GI9: 5273.9404 | GJ9: 3862.0689 | GK9: 8.79883 | GL9: 1202.5611 | GM9: 36.260745 | GN9: 5948.5146 | GO9: 1892.604 | GP9: 2189.27 | GQ9: 1297.4795 | GR9: 22.208985 | GS9: 122.37256 | GT9: 140.90137 | GU9: 234.4331 | GV9: 70.251955 | GW9: 7310.4405 | GX9: 202.64257 | GY9: 1882.2398 | GZ9: 5643.668 | HA9: 994.72655 | HB9: 3031.1948 | HC9: 16.344235 | HD9: 42.396485 | HE9: 4431.7998 | HF9: 1406.5098 | HG9: 1821.7969 | HH9: 1291.5742 | HI9: 7.62744 | HJ9: 94.04492 | HK9: 26.23926 | HL9: 1896.8657 | HM9: 103.45019 | HN9: 2852.5152 | HO9: 1906.1445 | HP9: 126.7417 | HQ9: 977.87307 | HR9: 1095.7783 | HS9: 1676.1748 | HT9: 769.32958 | HU9: 4852.8525 | HV9: 327.80567 | HW9: 2224.1944 | HX9: 4134.1172 | HY9: 1207.1645 | HZ9: 971.1538 | IA9: 69.218265 | IB9: 253.12598 | IC9: 6431.6841 | ID9: 2199.1582 | IE9: 3266.6743 | IF9: 2578.3193 | IG9: 8.365235 | IH9: 92.05908 | II9: 25.960935 | IJ9: 1997.9878 | IK9: 555.23535 | IL9: 2085.7891 | IM9: 693.49218 | IN9: 24.42725 | IO9: 129.59131 | IP9: 143.69043 | IQ9: 437.19385 | IR9: 79.507325 | IS9: 4998.7735 | IT9: 31.618165 | IU9: 1094.6074 | IV9: 3428.4659 | IW9: 151.08349 | IX9: 215.7002 | IY9: 14.296875 | IZ9: 20.381835 | JA9: 9161.998 | JB9: 1295.0776 | JC9: 1464.8105 | JD9: 899.75099 | JE9: 7.789065 | JF9: 39.944825 | JG9: 20.770995 | JH9: 545.73242 | JI9: 64.539065 | JJ9: 727.23679 | JK9: 226.68798 | JL9: 76.25049 | JM9: 384.11718 | JN9: 413.73535 | JO9: 279.44922 | JP9: 625.34182 | JQ9: 450.97071 | JR9: 63.87158 | JS9: 454.3374 | JT9: 378.05518 | JU9: 230.69287 | JV9: 329.84424 | JW9: 34.96045 | JX9: 64.52832 | JY9: 3580.336 | JZ9: 148.83594 | KA9: 168.49267 | KB9: 120.41016 | KC9: 84.441895 | KD9: 92.05908 | KE9: 82.532715 | KF9: 2580.2368 | KG9: 916.18456 | KH9: 4762.75 | KI9: 4263 | KJ9: 4353.5 | KK9: 13133 | KL9: 13335 | KM9: 6441.5 | KN9: 8717 | KO9: 22731.5 | KP9: 5732.25 | KQ9: 14896.75 | KR9: 5209.5 | KS9: 4484.25 | KT9: 418091.75 | KU9: 3770.25 | KV9: 3963.5 | KW9: 35494.25 | KX9: 6224.25 | KY9: 3752.25 | KZ9: 4394.5 | LA9: 6164.75 | LB9: 23008.25 | LC9: 26990.25 | LD9: 36142 | LE9: 10875.75 | LF9: 10350.736 | LG9: 7731.4557 | LH9: 10219.681 | LI9: 2080.8208 | LJ9: 2288.0324 | LK9: 2034.8311
A10: CC0051 | B10: 230544 | C10: 54.428571 | D10: 3 | E10: 1 | F10: 418.92089 | G10: 370.17041 | H10: 524.46825 | I10: 388.6421 | J10: 273.10156 | K10: 618.68358 | L10: 475.82911 | M10: 905.42772 | N10: 590.0918 | O10: 446.99023 | P10: 411.03906 | Q10: 675.58447 | R10: 719.35155 | S10: 71.273435 | T10: 315.71436 | U10: 665.96875 | V10: 399.21582 | W10: 597.70214 | X10: 532.68995 | Y10: 373.31445 | Z10: 496.28027 | AA10: 962.12695 | AB10: 659.3247 | AC10: 621.84132 | AD10: 143.84034 | AE10: 73.92627 | AF10: 34.72559 | AG10: 86.65967 | AH10: 97.79248 | AI10: 64.148925 | AJ10: 51.25586 | AK10: 412.92383 | AL10: 75.873045 | AM10: 322.7666 | AN10: 454.49511 | AO10: 105.73389 | AP10: 283.20312 | AQ10: 24.064455 | AR10: 22.64258 | AS10: 422.11475 | AT10: 123.39551 | AU10: 53.8125 | AV10: 73.98486 | AW10: 8.075195 | AX10: 93.947755 | AY10: 21.91162 | AZ10: 593.9707 | BA10: 44.727535 | BB10: 17.40332 | BC10: 16.13818 | BD10: 19.305175 | BE10: 11.25244 | BF10: 13.68018 | BG10: 19.226565 | BH10: 13.397465 | BI10: 17.71338 | BJ10: 19.943845 | BK10: 24.932615 | BL10: 12.379885 | BM10: 21.74121 | BN10: 30.02637 | BO10: 12.33984 | BP10: 28.65332 | BQ10: 23.10889 | BR10: 20.624025 | BS10: 15.22119 | BT10: 18.486815 | BU10: 21.983885 | BV10: 23.282715 | BW10: 22.038085 | BX10: 23.804685 | BY10: 18.719235 | BZ10: 11.86621 | CA10: 10.004885 | CB10: 10.677245 | CC10: 12.66943 | CD10: 16.081055 | CE10: 16.3501 | CF10: 11.223145 | CG10: 11.715335 | CH10: 16.274415 | CI10: 23.9624 | CJ10: 13.396975 | CK10: 10.01709 | CL10: 29.831055 | CM10: 14.050295 | CN10: 10.788085 | CO10: 12.104495 | CP10: 11.73535 | CQ10: 6.869145 | CR10: 11.40283 | CS10: 7.490725 | CT10: 22.97363 | CU10: 18.970215 | CV10: 31.90527 | CW10: 15.35889 | CX10: 13.17676 | CY10: 12.72168 | CZ10: 12.99707 | DA10: 9.021485 | DB10: 11.6084 | DC10: 14.421875 | DD10: 7.952145 | DE10: 10.654295 | DF10: 14.60986 | DG10: 19.899415 | DH10: 10.50293 | DI10: 17.61328 | DJ10: 23.813965 | DK10: 11.743165 | DL10: 25.014645 | DM10: 18.55176 | DN10: 14.39502 | DO10: 9.506835 | DP10: 15.17383 | DQ10: 15.942385 | DR10: 17.18555 | DS10: 18.0625 | DT10: 21.35254 | DU10: 13.143555 | DV10: 1089.8745 | DW10: 326.7832 | DX10: 244.94141 | DY10: 458.90918 | DZ10: 503.78174 | EA10: 331.47656 | EB10: 666.4463 | EC10: 774.05615 | ED10: 265.47803 | EE10: 767.07325 | EF10: 649.16942 | EG10: 383.53711 | EH10: 618.76416 | EI10: 52.62305 | EJ10: 97.21875 | EK10: 591.31543 | EL10: 269.20605 | EM10: 211.2793 | EN10: 214.85547 | EO10: 139.42285 | EP10: 435.09082 | EQ10: 252.58349 | ER10: 11471.587 | ES10: 646.16699 | ET10: 334.2412 | EU10: 57.26416 | EV10: 51.53955 | EW10: 64.120605 | EX10: 69.157715 | EY10: 48.23584 | EZ10: 79.475585 | FA10: 152.03077 | FB10: 118.66943 | FC10: 167.82226 | FD10: 74.14453 | FE10: 40.450195 | FF10: 123.80273 | FG10: 25.655765 | FH10: 25.21289 | FI10: 210.85254 | FJ10: 48.1582 | FK10: 21.05273 | FL10: 28.691405 | FM10: 28.44629 | FN10: 168.01123 | FO10: 77.1167 | FP10: 7553.0112 | FQ10: 600.21678 | FR10: 4280.4795 | FS10: 1078.5176 | FT10: 132.91797 | FU10: 1473.397 | FV10: 1720.7754 | FW10: 982.1372 | FX10: 641.1162 | FY10: 2835.8349 | FZ10: 65.63379 | GA10: 1347.5551 | GB10: 2354.7207 | GC10: 79.57617 | GD10: 1907.6841 | GE10: 15.629885 | GF10: 14.01807 | GG10: 4874.5625 | GH10: 386.16015 | GI10: 224.12598 | GJ10: 241.25098 | GK10: 9.103515 | GL10: 134.76221 | GM10: 23.83301 | GN10: 1971.2495 | GO10: 234.30566 | GP10: 1003.5259 | GQ10: 49.416015 | GR10: 14.24658 | GS10: 194.57129 | GT10: 177.50293 | GU10: 76.8125 | GV10: 21.884765 | GW10: 471.03224 | GX10: 18.95703 | GY10: 277.08984 | GZ10: 418.76855 | HA10: 11.24121 | HB10: 665.9795 | HC10: 13.28906 | HD10: 11.459475 | HE10: 2758.0235 | HF10: 37.74121 | HG10: 10.54883 | HH10: 16.90674 | HI10: 7.41016 | HJ10: 38.72559 | HK10: 17.51514 | HL10: 153.1709 | HM10: 15.472165 | HN10: 1342.3032 | HO10: 143.42432 | HP10: 35.79785 | HQ10: 193.14062 | HR10: 191.32763 | HS10: 631.90087 | HT10: 118.48535 | HU10: 806.92577 | HV10: 42.57861 | HW10: 517.54687 | HX10: 788.43358 | HY10: 46.78223 | HZ10: 65.834475 | IA10: 15.746585 | IB10: 16.970215 | IC10: 6338.0547 | ID10: 285.8501 | IE10: 115.58594 | IF10: 132.61328 | IG10: 7.817385 | IH10: 152.57129 | II10: 17.666015 | IJ10: 425.31054 | IK10: 91.21533 | IL10: 147.34766 | IM10: 22.476075 | IN10: 17.48828 | IO10: 21.595215 | IP10: 25.9458 | IQ10: 52.25879 | IR10: 17.61816 | IS10: 55.63672 | IT10: 19.44873 | IU10: 54.7959 | IV10: 44.427735 | IW10: 14.65625 | IX10: 43.475585 | IY10: 15.2002 | IZ10: 15.69043 | JA10: 6319.9518 | JB10: 33.346195 | JC10: 12.322265 | JD10: 17.783205 | JE10: 8.717775 | JF10: 30.87793 | JG10: 18.0415 | JH10: 31.396975 | JI10: 19.90674 | JJ10: 1025.3804 | JK10: 210.71826 | JL10: 248.58496 | JM10: 435.44825 | JN10: 400.3291 | JO10: 310.31543 | JP10: 581.81152 | JQ10: 555.31103 | JR10: 398.6709 | JS10: 847.73193 | JT10: 562.05029 | JU10: 306.73877 | JV10: 321.18066 | JW10: 48.33252 | JX10: 149.30761 | JY10: 4566.5639 | JZ10: 332.39454 | KA10: 180.40723 | KB10: 176.03418 | KC10: 60.867185 | KD10: 152.57129 | KE10: 105.04883 | KF10: 7972.252 | KG10: 519.97363 | KH10: 6633 | KI10: 4641.5 | KJ10: 6189.5 | KK10: 7795.5 | KL10: 7755.25 | KM10: 5430.75 | KN10: 5537 | KO10: 24755.75 | KP10: 8618.5 | KQ10: 12629 | KR10: 4842.5 | KS10: 4111.25 | KT10: 143009.5 | KU10: 3679.25 | KV10: 4694.75 | KW10: 26515.5 | KX10: 7833 | KY10: 4322.5 | KZ10: 4612.75 | LA10: 7043 | LB10: 14907.5 | LC10: 29644.5 | LD10: 45809.75 | LE10: 25258 | LF10: 6793.3882 | LG10: 8030.7574 | LH10: 10538.742 | LI10: 2286.1569 | LJ10: 1157.9111 | LK10: 2305.6391
A11: CC0054 | B11: 227704 | C11: 1.8571429 | D11: 1 | E11: 5 | F11: 264.85156 | G11: 386.66406 | H11: 376.6333 | I11: 269.37597 | J11: 294.48828 | K11: 355.14697 | L11: 398.896 | M11: 851.98925 | N11: 406.01513 | O11: 406.03955 | P11: 515.06347 | Q11: 531.44628 | R11: 574.60645 | S11: 65.032225 | T11: 305.43311 | U11: 703.05958 | V11: 440.63183 | W11: 592.26075 | X11: 464.71386 | Y11: 352.74561 | Z11: 423.92773 | AA11: 775.70165 | AB11: 1009.5117 | AC11: 412.15918 | AD11: 30.530275 | AE11: 14.01953 | AF11: 11.933595 | AG11: 17.05176 | AH11: 21.15332 | AI11: 19.00879 | AJ11: 15.519045 | AK11: 16.309085 | AL11: 17.950195 | AM11: 27.16846 | AN11: 21.017575 | AO11: 11.001465 | AP11: 32.166015 | AQ11: 12.919435 | AR11: 11.04492 | AS11: 32.896975 | AT11: 21.145015 | AU11: 10.683595 | AV11: 17.430665 | AW11: 8.34766 | AX11: 66.041505 | AY11: 18.88965 | AZ11: 113.13672 | BA11: 16.567385 | BB11: 16.60547 | BC11: 14.29004 | BD11: 16.17627 | BE11: 9.33447 | BF11: 15.03564 | BG11: 17.8042 | BH11: 11.910155 | BI11: 19.032225 | BJ11: 19.92578 | BK11: 24.52637 | BL11: 12.414065 | BM11: 23.06543 | BN11: 30.23877 | BO11: 11.0835 | BP11: 27.62598 | BQ11: 25.671875 | BR11: 20.28125 | BS11: 16.658205 | BT11: 21.49414 | BU11: 19.96045 | BV11: 22.25342 | BW11: 22.081055 | BX11: 40.129395 | BY11: 15.651365 | BZ11: 17.319335 | CA11: 11.15137 | CB11: 12.83301 | CC11: 14.220705 | CD11: 18.875485 | CE11: 15.90039 | CF11: 13.52832 | CG11: 14.004395 | CH11: 17.635255 | CI11: 25.498535 | CJ11: 14.421875 | CK11: 10.563965 | CL11: 28.54004 | CM11: 14.46582 | CN11: 10.760255 | CO11: 13.48535 | CP11: 12.46045 | CQ11: 8.05127 | CR11: 11.21875 | CS11: 8.03076 | CT11: 23.4043 | CU11: 20.463865 | CV11: 38.97412 | CW11: 14.810545 | CX11: 13.944825 | CY11: 11.01807 | CZ11: 12.98633 | DA11: 8.13477 | DB11: 12.08789 | DC11: 14.555665 | DD11: 10.24658 | DE11: 9.81836 | DF11: 14.993165 | DG11: 22.108885 | DH11: 11.684085 | DI11: 18.8125 | DJ11: 23.92676 | DK11: 12.688475 | DL11: 23.316405 | DM11: 19.71338 | DN11: 16.32959 | DO11: 12.385745 | DP11: 17.16113 | DQ11: 18.33887 | DR11: 17.565915 | DS11: 16.261715 | DT11: 22.05762 | DU11: 14.384765 | DV11: 650.52491 | DW11: 278.22949 | DX11: 81.64795 | DY11: 1107.6802 | DZ11: 1055.6348 | EA11: 266.85352 | EB11: 468.03711 | EC11: 960.91602 | ED11: 71.17969 | EE11: 2547.8203 | EF11: 1127.7968 | EG11: 382.06836 | EH11: 747.4834 | EI11: 33.660645 | EJ11: 85.95361 | EK11: 781.94483 | EL11: 165.96582 | EM11: 558.40575 | EN11: 171.78418 | EO11: 19.52539 | EP11: 56.18262 | EQ11: 212.45605 | ER11: 1711.1445 | ES11: 1168.46 | ET11: 123.32031 | EU11: 32.065915 | EV11: 18.31494 | EW11: 280.90332 | EX11: 279.25097 | EY11: 35.355955 | EZ11: 49.92334 | FA11: 159.90381 | FB11: 17.56738 | FC11: 882.05813 | FD11: 162.77051 | FE11: 37.72803 | FF11: 190.67188 | FG11: 15.30029 | FH11: 21.99902 | FI11: 148.5791 | FJ11: 20.47949 | FK11: 43.27881 | FL11: 20.946775 | FM11: 9.37842 | FN11: 40.72607 | FO11: 67.74414 | FP11: 412.14452 | FQ11: 304.45312 | FR11: 10693.888 | FS11: 8277.7837 | FT11: 2643.2671 | FU11: 7701.5985 | FV11: 7653.6436 | FW11: 4241.3322 | FX11: 6478.5087 | FY11: 1672.8897 | FZ11: 46.17578 | GA11: 175.9751 | GB11: 2317.9341 | GC11: 65.04199 | GD11: 1595.624 | GE11: 37.331055 | GF11: 15.82129 | GG11: 3512.0118 | GH11: 5111.452 | GI11: 5312.1554 | GJ11: 6099.7153 | GK11: 8.560545 | GL11: 157.33496 | GM11: 32.706055 | GN11: 12989.115 | GO11: 2983.854 | GP11: 7423.8516 | GQ11: 4371.5683 | GR11: 264.7207 | GS11: 3198.1827 | GT11: 3194.543 | GU11: 1477.002 | GV11: 3093.9805 | GW11: 116.03077 | GX11: 16.135255 | GY11: 38.678225 | GZ11: 370.70509 | HA11: 12.919925 | HB11: 454.79393 | HC11: 14.509275 | HD11: 10.750485 | HE11: 2185.6577 | HF11: 3060.6651 | HG11: 2003.3193 | HH11: 2751.1939 | HI11: 8.2666 | HJ11: 33.703125 | HK11: 19.262205 | HL11: 8935.3885 | HM11: 661.62012 | HN11: 3521.3803 | HO11: 2045.6729 | HP11: 307.3086 | HQ11: 1326.3081 | HR11: 1343.0186 | HS11: 1018.2216 | HT11: 1275.8052 | HU11: 240.74317 | HV11: 18.50684 | HW11: 56.714355 | HX11: 357.65039 | HY11: 36.131345 | HZ11: 66.012205 | IA11: 40.25342 | IB11: 14.987305 | IC11: 3426.6352 | ID11: 1590.3516 | IE11: 1168.7832 | IF11: 1797.7505 | IG11: 7.695315 | IH11: 42.353515 | II11: 18.69678 | IJ11: 4648.6007 | IK11: 1394.8917 | IL11: 3397.479 | IM11: 1723.9326 | IN11: 74.916015 | IO11: 473.9126 | IP11: 456.34864 | IQ11: 224.14942 | IR11: 371.37304 | IS11: 24.701175 | IT11: 17.99414 | IU11: 28.16211 | IV11: 46.77197 | IW11: 10.094725 | IX11: 39.984865 | IY11: 16.07422 | IZ11: 11.890625 | JA11: 3881.8359 | JB11: 1803.0903 | JC11: 728.3076 | JD11: 1187.2363 | JE11: 7.91504 | JF11: 32.026855 | JG11: 19.91211 | JH11: 5471.0367 | JI11: 1554.1518 | JJ11: 480.84521 | JK11: 144.33496 | JL11: 44.486815 | JM11: 464.9541 | JN11: 414.69727 | JO11: 195.56055 | JP11: 226.19336 | JQ11: 699.9839 | JR11: 24.606445 | JS11: 2293.6548 | JT11: 837.27978 | JU11: 255.66064 | JV11: 408.03077 | JW11: 24.813475 | JX11: 28.260745 | JY11: 1085.4053 | JZ11: 111.27344 | KA11: 612.30468 | KB11: 131.47803 | KC11: 13.75781 | KD11: 42.353515 | KE11: 64.427735 | KF11: 1129.8736 | KG11: 958.1255 | KH11: 3967.75 | KI11: 3292.25 | KJ11: 4114 | KK11: 4144.25 | KL11: 5060 | KM11: 4318.5 | KN11: 3298 | KO11: 23239 | KP11: 4489 | KQ11: 10879 | KR11: 4023.75 | KS11: 3609.25 | KT11: 261013.75 | KU11: 3034.75 | KV11: 3778 | KW11: 24881 | KX11: 5372 | KY11: 2647.5 | KZ11: 3618.5 | LA11: 4889.25 | LB11: 14623.75 | LC11: 21599.5 | LD11: 56807.5 | LE11: 23719 | LF11: 9960.6263 | LG11: 7192.5164 | LH11: 10234.208 | LI11: 2420.9108 | LJ11: 1489.8726 | LK11: 2771.8772
A12: CC0054 | B12: 236419 | C12: 7 | D12: 2 | E12: 5 | F12: 346.25879 | G12: 334.88525 | H12: 408.84961 | I12: 221.62695 | J12: 264.82959 | K12: 339.35351 | L12: 335.32227 | M12: 667.4414 | N12: 409.11621 | O12: 297.49561 | P12: 425.96435 | Q12: 606.5332 | R12: 569.50049 | S12: 66.4458 | T12: 253.27686 | U12: 623.29785 | V12: 399.24073 | W12: 578.8828 | X12: 417.64063 | Y12: 335.36426 | Z12: 286.24414 | AA12: 437.60059 | AB12: 458.08886 | AC12: 368.53369 | AD12: 413.80274 | AE12: 152.74804 | AF12: 88.475585 | AG12: 330.79052 | AH12: 323.68994 | AI12: 479.4961 | AJ12: 106.81299 | AK12: 53.148435 | AL12: 23.123045 | AM12: 64.467285 | AN12: 27.60742 | AO12: 14.58008 | AP12: 39.67334 | AQ12: 19.979005 | AR12: 14.851075 | AS12: 199.67822 | AT12: 63.01123 | AU12: 38.357425 | AV12: 43.66504 | AW12: 8.936035 | AX12: 78.36426 | AY12: 18.353515 | AZ12: 140.7627 | BA12: 29.32129 | BB12: 20.282225 | BC12: 15.98828 | BD12: 23.809085 | BE12: 11.776365 | BF12: 19.349125 | BG12: 19.835935 | BH12: 14.282225 | BI12: 45.21582 | BJ12: 19.757815 | BK12: 28.366215 | BL12: 14.596195 | BM12: 27.007325 | BN12: 36.48096 | BO12: 13.833495 | BP12: 25.45703 | BQ12: 31.982425 | BR12: 24.96582 | BS12: 21.797855 | BT12: 21.595215 | BU12: 22.603515 | BV12: 28.027345 | BW12: 49.453125 | BX12: 54.55469 | BY12: 20.68262 | BZ12: 45.799805 | CA12: 30.987305 | CB12: 24.94971 | CC12: 42.47461 | CD12: 46.740235 | CE12: 44.200195 | CF12: 35.558595 | CG12: 25.66016 | CH12: 18.87793 | CI12: 30.25342 | CJ12: 20.209965 | CK12: 14.30371 | CL12: 37.25 | CM12: 17.458985 | CN12: 11.15039 | CO12: 18.351075 | CP12: 13.388675 | CQ12: 9.044925 | CR12: 12.74414 | CS12: 7.04834 | CT12: 24.743165 | CU12: 20.763185 | CV12: 33.16797 | CW12: 15.28662 | CX12: 13.582035 | CY12: 12.133305 | CZ12: 12.192385 | DA12: 9.96631 | DB12: 12.42725 | DC12: 15.71289 | DD12: 9.62744 | DE12: 11.106445 | DF12: 15.075195 | DG12: 20.444335 | DH12: 12.570315 | DI12: 19.625 | DJ12: 23.822265 | DK12: 11.70947 | DL12: 26.03711 | DM12: 19.145505 | DN12: 14.356445 | DO12: 11.348145 | DP12: 16.350585 | DQ12: 19.180175 | DR12: 18.217285 | DS12: 19.896485 | DT12: 21.117185 | DU12: 15.36865 | DV12: 5306.5638 | DW12: 3085.3585 | DX12: 2059.6631 | DY12: 4753.0361 | DZ12: 4964.7148 | EA12: 5262.5121 | EB12: 4057.0449 | EC12: 4961.563 | ED12: 931.7705 | EE12: 7412.7429 | EF12: 9188.3995 | EG12: 8009.967 | EH12: 9974.0965 | EI12: 412.64062 | EJ12: 172.57373 | EK12: 7355.1421 | EL12: 3818.3247 | EM12: 4173.1045 | EN12: 2729.1943 | EO12: 171.78027 | EP12: 125.30176 | EQ12: 430.71973 | ER12: 6497.4487 | ES12: 1567.5073 | ET12: 2572.1685 | EU12: 726.04246 | EV12: 382.69775 | EW12: 1865.9302 | EX12: 1796.8916 | EY12: 2415.4678 | EZ12: 1129.9634 | FA12: 2311.3267 | FB12: 115.40528 | FC12: 5988.7452 | FD12: 6755.2452 | FE12: 5829.9687 | FF12: 7960.0938 | FG12: 29.947755 | FH12: 21.92578 | FI12: 4206.5615 | FJ12: 1488.1534 | FK12: 1477.3438 | FL12: 679.3291 | FM12: 16.96582 | FN12: 39.373535 | FO12: 142.3628 | FP12: 2756.2764 | FQ12: 382.41406 | FR12: 13975.128 | FS12: 12704.198 | FT12: 9923.303 | FU12: 16292.019 | FV12: 16045.51 | FW12: 15170.556 | FX12: 14703.963 | FY12: 10507.939 | FZ12: 1287.123 | GA12: 6058.8722 | GB12: 2416.0186 | GC12: 1285.2089 | GD12: 951.68262 | GE12: 197.23243 | GF12: 28.74463 | GG12: 6311.6933 | GH12: 4735.253 | GI12: 6481.7635 | GJ12: 6319.0894 | GK12: 10.66602 | GL12: 1384.4092 | GM12: 27.089355 | GN12: 10552.877 | GO12: 10037.619 | GP12: 15787.153 | GQ12: 11734.01 | GR12: 8015.083 | GS12: 16073.867 | GT12: 16016.659 | GU12: 15716.188 | GV12: 13809.737 | GW12: 7919.5796 | GX12: 162.06446 | GY12: 5079.6665 | GZ12: 214.1543 | HA12: 65.828615 | HB12: 249.84912 | HC12: 20.967285 | HD12: 14.916015 | HE12: 5111.5941 | HF12: 2217.4453 | HG12: 3006.9751 | HH12: 3332.1269 | HI12: 9.52051 | HJ12: 94.405275 | HK12: 18.907225 | HL12: 6420.0566 | HM12: 6641.9713 | HN12: 11811.256 | HO12: 8270.3165 | HP12: 5878.9097 | HQ12: 11160.742 | HR12: 11189.288 | HS12: 11862.522 | HT12: 10271.853 | HU12: 5984.792 | HV12: 306.51025 | HW12: 2810.6152 | HX12: 813.74315 | HY12: 431.2793 | HZ12: 706.68945 | IA12: 67.14697 | IB12: 27.484375 | IC12: 4548.3687 | ID12: 1668.7505 | IE12: 2182.294 | IF12: 2337.2236 | IG12: 7.70801 | IH12: 84.671385 | II12: 18.285645 | IJ12: 4700.5058 | IK12: 4710.5113 | IL12: 13535.837 | IM12: 8895.8153 | IN12: 4281.9516 | IO12: 13414.2 | IP12: 14017.422 | IQ12: 13845.753 | IR12: 11810.86 | IS12: 4556.942 | IT12: 29.48047 | IU12: 1244.5932 | IV12: 49.80127 | IW12: 21.007815 | IX12: 111.01904 | IY12: 16.08447 | IZ12: 13.948245 | JA12: 4370.876 | JB12: 440.75928 | JC12: 633.38965 | JD12: 879.437 | JE12: 8.910155 | JF12: 37.66162 | JG12: 22.171875 | JH12: 3186.9912 | JI12: 4218.0805 | JJ12: 4947.378 | JK12: 3010.2529 | JL12: 1835.0518 | JM12: 5099.9702 | JN12: 5218.1905 | JO12: 5753.982 | JP12: 4515.8579 | JQ12: 4320.3017 | JR12: 947.3291 | JS12: 6848.124 | JT12: 7887.5967 | JU12: 7310.582 | JV12: 5658.7695 | JW12: 575.8662 | JX12: 230.49902 | JY12: 7373.7047 | JZ12: 3824.125 | KA12: 5222.5396 | KB12: 2995.8227 | KC12: 76.856445 | KD12: 84.671385 | KE12: 173.66211 | KF12: 5596.5224 | KG12: 1729.4395 | KH12: 212257.75 | KI12: 5383.75 | KJ12: 6334 | KK12: 14026 | KL12: 12876.75 | KM12: 42517.75 | KN12: 6167.5 | KO12: 17886.5 | KP12: 7408.25 | KQ12: 6345.5 | KR12: 3598.5 | KS12: 3037.25 | KT12: 9270 | KU12: 4093 | KV12: 5743 | KW12: 15695.5 | KX12: 6579 | KY12: 3597 | KZ12: 5180.75 | LA12: 7919 | LB12: 14833.75 | LC12: 23072 | LD12: 52603.25 | LE12: 19434.25 | LF12: 9679.1726 | LG12: 5382.7452 | LH12: 8379.3567 | LI12: 2428.4992 | LJ12: 1556.7924 | LK12: 2515.5547
A13: CC0054 | B13: 793328 | C13: 141.42857 | D13: 3 | E13: 5 | F13: 65.081055 | G13: 65.962895 | H13: 86.480955 | I13: 57.31543 | J13: 52.05273 | K13: 77.26367 | L13: 76.455565 | M13: 148.43555 | N13: 88.19629 | O13: 99.01172 | P13: 65.001955 | Q13: 96.66992 | R13: 110.88184 | S13: 27.424805 | T13: 61.45801 | U13: 113.72461 | V13: 81.20508 | W13: 109.90722 | X13: 100.09864 | Y13: 96.766115 | Z13: 73.644535 | AA13: 120.57764 | AB13: 93.462405 | AC13: 97.14551 | AD13: 27.592775 | AE13: 11.46338 | AF13: 10.78418 | AG13: 19.604005 | AH13: 23.78223 | AI13: 16.72461 | AJ13: 13.42725 | AK13: 10.772465 | AL13: 15.478515 | AM13: 24.80859 | AN13: 142.14112 | AO13: 10.42285 | AP13: 28.90381 | AQ13: 13.907225 | AR13: 10.645995 | AS13: 62.42334 | AT13: 15.407225 | AU13: 6.69434 | AV13: 13.808105 | AW13: 6.54346 | AX13: 50.56885 | AY13: 18.94092 | AZ13: 32.972655 | BA13: 18.57666 | BB13: 17.743165 | BC13: 16.120115 | BD13: 15.36621 | BE13: 11.59375 | BF13: 14.90039 | BG13: 18.21875 | BH13: 11.34375 | BI13: 23.550785 | BJ13: 20.501955 | BK13: 25.331055 | BL13: 16.70508 | BM13: 23.53125 | BN13: 28.9043 | BO13: 12.097655 | BP13: 30.373535 | BQ13: 28.283695 | BR13: 20.87988 | BS13: 15.956545 | BT13: 21.035155 | BU13: 24.598635 | BV13: 22.243165 | BW13: 27.197265 | BX13: 33.204105 | BY13: 16.32813 | BZ13: 15.18408 | CA13: 11.826175 | CB13: 13.023925 | CC13: 15.91504 | CD13: 19.249515 | CE13: 16.979005 | CF13: 12.90381 | CG13: 20.78418 | CH13: 16.407225 | CI13: 23.90625 | CJ13: 13.171875 | CK13: 9.719725 | CL13: 30.458985 | CM13: 15.201175 | CN13: 10.99658 | CO13: 17.6543 | CP13: 12.495605 | CQ13: 8.65283 | CR13: 12.35742 | CS13: 7.588865 | CT13: 24.585445 | CU13: 26.081055 | CV13: 35.327635 | CW13: 16.141605 | CX13: 12.618165 | CY13: 11.69434 | CZ13: 12.856445 | DA13: 7.79541 | DB13: 11.8916 | DC13: 14.760255 | DD13: 9.055665 | DE13: 10.54102 | DF13: 15.547855 | DG13: 19.535155 | DH13: 11.495115 | DI13: 17.783205 | DJ13: 23.67285 | DK13: 10.751465 | DL13: 23.35498 | DM13: 18.200685 | DN13: 15.24658 | DO13: 8.52295 | DP13: 14.778325 | DQ13: 18.77246 | DR13: 13.82666 | DS13: 18.126955 | DT13: 20.364255 | DU13: 15.522465 | DV13: 342.00391 | DW13: 112.01171 | DX13: 41.884275 | DY13: 1487.4415 | DZ13: 1389.2554 | EA13: 3959.8716 | EB13: 559.7207 | EC13: 389.16211 | ED13: 40.477535 | EE13: 1144.6587 | EF13: 904.24318 | EG13: 116.0791 | EH13: 90.66504 | EI13: 26.246095 | EJ13: 40.754395 | EK13: 815.63135 | EL13: 85.260255 | EM13: 128.70557 | EN13: 98.84912 | EO13: 13.84619 | EP13: 202.69189 | EQ13: 70.22412 | ER13: 9090.3955 | ES13: 1950.0083 | ET13: 41.420895 | EU13: 16.91455 | EV13: 12.059085 | EW13: 573.3164 | EX13: 450.75781 | EY13: 1028.8838 | EZ13: 58.162595 | FA13: 89.37744 | FB13: 17.345215 | FC13: 371.61914 | FD13: 109.00489 | FE13: 14.842775 | FF13: 33.239745 | FG13: 15.68457 | FH13: 13.91699 | FI13: 160.94678 | FJ13: 15.754885 | FK13: 11.134765 | FL13: 14.723635 | FM13: 7.862795 | FN13: 44.12744 | FO13: 37.418945 | FP13: 5693.0228 | FQ13: 559.65088 | FR13: 12084.015 | FS13: 9512.5155 | FT13: 2749.1089 | FU13: 9784.62 | FV13: 9489.38 | FW13: 5526.4785 | FX13: 8876.6015 | FY13: 2990.2764 | FZ13: 74.987305 | GA13: 273.56347 | GB13: 12716.889 | GC13: 1602.9053 | GD13: 2252.955 | GE13: 32.549805 | GF13: 18.11572 | GG13: 12878.709 | GH13: 6956.5405 | GI13: 7423.7774 | GJ13: 8604.3965 | GK13: 10.271485 | GL13: 166.98974 | GM13: 33.739745 | GN13: 10103.345 | GO13: 8021.1625 | GP13: 10127.275 | GQ13: 5863.4536 | GR13: 332.50928 | GS13: 5644.79 | GT13: 5393.7861 | GU13: 2475.2788 | GV13: 5732.7188 | GW13: 439.72168 | GX13: 17.424315 | GY13: 67.444825 | GZ13: 10762.134 | HA13: 125.86329 | HB13: 1165.2471 | HC13: 14.52295 | HD13: 11.51709 | HE13: 12245.367 | HF13: 5356.8506 | HG13: 3678.6221 | HH13: 5192.416 | HI13: 8.778805 | HJ13: 35.16748 | HK13: 20.0957 | HL13: 4588.9761 | HM13: 4088.0625 | HN13: 5393.7154 | HO13: 2970.8155 | HP13: 311.51709 | HQ13: 4092.896 | HR13: 4007.5444 | HS13: 1576.3882 | HT13: 2862.1669 | HU13: 569.29542 | HV13: 17.23242 | HW13: 78.273925 | HX13: 5222.8389 | HY13: 319.6084 | HZ13: 65.75879 | IA13: 43.591795 | IB13: 13.69336 | IC13: 11298.771 | ID13: 2291.8565 | IE13: 1955.6797 | IF13: 2874.3477 | IG13: 6.804685 | IH13: 110.67188 | II13: 19.487305 | IJ13: 2993.7085 | IK13: 2753.2153 | IL13: 5026.668 | IM13: 1802.7373 | IN13: 46.526855 | IO13: 2657.3828 | IP13: 2725.5029 | IQ13: 276.96875 | IR13: 1177.5835 | IS13: 38.750975 | IT13: 15.37305 | IU13: 33.80664 | IV13: 3276.0098 | IW13: 15.210935 | IX13: 36.163085 | IY13: 14.7417 | IZ13: 10.291015 | JA13: 14221.03 | JB13: 1982.6855 | JC13: 1151.8955 | JD13: 1900.9947 | JE13: 7.41309 | JF13: 29.77344 | JG13: 19.11426 | JH13: 1586.1699 | JI13: 2947.5855 | JJ13: 228.22754 | JK13: 57.92676 | JL13: 26.353025 | JM13: 768.27735 | JN13: 634.04688 | JO13: 2156.6645 | JP13: 442.07569 | JQ13: 278.99023 | JR13: 20.078125 | JS13: 1227.7861 | JT13: 703.90722 | JU13: 54.32373 | JV13: 47.745115 | JW13: 21.04736 | JX13: 19.81494 | JY13: 5030.4433 | JZ13: 60.671875 | KA13: 106.86133 | KB13: 67.51904 | KC13: 12.632815 | KD13: 110.67188 | KE13: 37.77881 | KF13: 5662.3365 | KG13: 1723.4443 | KH13: 3384.25 | KI13: 2834.5 | KJ13: 2975.75 | KK13: 3266.75 | KL13: 3929.75 | KM13: 3457.5 | KN13: 3154 | KO13: 18390.25 | KP13: 3423 | KQ13: 6738.75 | KR13: 3130.5 | KS13: 2692 | KT13: 117790 | KU13: 2928.5 | KV13: 2767.5 | KW13: 17902.75 | KX13: 3844.25 | KY13: 2326 | KZ13: 3229.5 | LA13: 3255.5 | LB13: 17518.25 | LC13: 19226.25 | LD13: 33789.75 | LE13: 10342 | LF13: 9184.6735 | LG13: 7437.4605 | LH13: 9486.0089 | LI13: 2492.2158 | LJ13: 1169.5896 | LK13: 2361.3477
... A177: CC1452 | B177: 1032281 | C177: 2 | D177: 1 | E177: 4 | F177: 331.08544 | G177: 275.72071 | H177: 256.37939 | I177: 197.36719 | J177: 220.96777 | K177: 345.375 | L177: 304.36816 | M177: 661.14012 | N177: 208.88672 | O177: 258.24316 | P177: 196.17774 | Q177: 224.2334 | R177: 658.60841 | S177: 38.95166 | T177: 251.5791 | U177: 951.375 | V177: 361.56739 | W177: 698.82227 | X177: 420.66552 | Y177: 339.4414 | Z177: 276.11133 | AA177: 568.25342 | AB177: 270.44336 | AC177: 472.70704 | AD177: 19.341305 | AE177: 9.83789 | AF177: 10.1377 | AG177: 29.61426 | AH177: 38.728515 | AI177: 26.256345 | AJ177: 11.10547 | AK177: 18.24414 | AL177: 16.333495 | AM177: 28.611325 | AN177: 15.308105 | AO177: 10.46484 | AP177: 54.92725 | AQ177: 13.143555 | AR177: 9.82666 | AS177: 18.36719 | AT177: 12.464845 | AU177: 7.05127 | AV177: 10.973145 | AW177: 6.6709 | AX177: 50.63965 | AY177: 18.95996 | AZ177: 64.305175 | BA177: 15.104 | BB177: 19.901365 | BC177: 19.393555 | BD177: 26.180175 | BE177: 15.41504 | BF177: 19.20508 | BG177: 17.23486 | BH177: 18.68555 | BI177: 17.61719 | BJ177: 24.144045 | BK177: 26.862305 | BL177: 15.230465 | BM177: 23.703125 | BN177: 35.973145 | BO177: 14.07959 | BP177: 31.256835 | BQ177: 40.25537 | BR177: 31.06787 | BS177: 21.70459 | BT177: 28.04688 | BU177: 67.796875 | BV177: 99.61182 | BW177: 25.90625 | BX177: 48.28711 | BY177: 25.65137 | BZ177: 25.842775 | CA177: 17.04834 | CB177: 18.916505 | CC177: 21.42676 | CD177: 25.379395 | CE177: 17.79248 | CF177: 13.0791 | CG177: 13.708495 | CH177: 17.631345 | CI177: 27.737305 | CJ177: 14.628905 | CK177: 11.15967 | CL177: 38.671385 | CM177: 12.536135 | CN177: 10.848145 | CO177: 10.03418 | CP177: 11.91162 | CQ177: 6.466795 | CR177: 10.98486 | CS177: 6.947265 | CT177: 23.453125 | CU177: 18.076175 | CV177: 97.896975 | CW177: 15.03125 | CX177: 11.09082 | CY177: 11.7876 | CZ177: 10.893555 | DA177: 8.61621 | DB177: 11.57422 | DC177: 13.78613 | DD177: 8.320315 | DE177: 7.419435 | DF177: 13.73535 | DG177: 20.71875 | DH177: 9.441895 | DI177: 17.570315 | DJ177: 22.67822 | DK177: 10.970705 | DL177: 23.23584 | DM177: 16.775875 | DN177: 13.82373 | DO177: 10.187985 | DP177: 16.01318 | DQ177: 16.33496 | DR177: 17.01367 | DS177: 14.519045 | DT177: 18.782225 | DU177: 12.87256 | DV177: 206.13379 | DW177: 36.925295 | DX177: 22.23291 | DY177: 44.38281 | DZ177: 44.1543 | EA177: 40.23486 | EB177: 37.320315 | EC177: 3341.0205 | ED177: 306.16699 | EE177: 3340.9346 | EF177: 1264.3711 | EG177: 514.27539 | EH177: 2030.9482 | EI177: 49.543945 | EJ177: 525.68015 | EK177: 383.90527 | EL177: 142.04737 | EM177: 134.90283 | EN177: 131.31739 | EO177: 17.714845 | EP177: 1095.9141 | EQ177: 225.14844 | ER177: 6357.1275 | ES177: 1472.6748 | ET177: 30.410155 | EU177: 13.257325 | EV177: 10.494145 | EW177: 14.49512 | EX177: 19.060545 | EY177: 19.158205 | EZ177: 13.18311 | FA177: 934.51953 | FB177: 48.004395 | FC177: 899.68358 | FD177: 374.59912 | FE177: 86.249025 | FF177: 433.95214 | FG177: 14.297365 | FH177: 45.75 | FI177: 86.524415 | FJ177: 23.49121 | FK177: 16.955565 | FL177: 20.423825 | FM177: 9.576175 | FN177: 202.05664 | FO177: 156.2583 | FP177: 6379.0186 | FQ177: 410.77588 | FR177: 12521.647 | FS177: 8159.1953 | FT177: 3046.1582 | FU177: 9889.7495 | FV177: 9776.165 | FW177: 9034.5075 | FX177: 10253.939 | FY177: 7712.7482 | FZ177: 1077.6592 | GA177: 5472.745 | GB177: 3236.4839 | GC177: 1231.8383 | GD177: 12001.523 | GE177: 280.5288 | GF177: 22.112305 | GG177: 8804.9465 | GH177: 4566.4775 | GI177: 5649.3058 | GJ177: 6344.828 | GK177: 11.338865 | GL177: 6397.9336 | GM177: 26.17334 | GN177: 10601.278 | GO177: 5218.7188 | GP177: 11194.197 | GQ177: 4479.8203 | GR177: 536.2378 | GS177: 6399.372 | GT177: 6712.8452 | GU177: 7103.129 | GV177: 7021.251 | GW177: 4281.4911 | GX177: 140.65039 | GY177: 3354.2925 | GZ177: 1215.7715 | HA177: 230.87891 | HB177: 10453.961 | HC177: 17.00537 | HD177: 11.93799 | HE177: 7609.0615 | HF177: 3373.8711 | HG177: 2627.6328 | HH177: 3641.9722 | HI177: 7.8999 | HJ177: 2567.9122 | HK177: 20.5127 | HL177: 7486.7216 | HM177: 1676.1504 | HN177: 7435.4452 | HO177: 3324.0244 | HP177: 360.4043 | HQ177: 3780.6924 | HR177: 3884.9844 | HS177: 4877.3741 | HT177: 4452.2011 | HU177: 1944.6758 | HV177: 78.52881 | HW177: 1391.6787 | HX177: 868.9629 | HY177: 207.40625 | HZ177: 4688.6392 | IA177: 47.894045 | IB177: 11.25586 | IC177: 9740.0515 | ID177: 2160.5595 | IE177: 3375.4262 | IF177: 3139.8647 | IG177: 7.089355 | IH177: 1197.9619 | II177: 18.37158 | IJ177: 4982.8868 | IK177: 2702.3974 | IL177: 7648.5464 | IM177: 1557.4463 | IN177: 29.941895 | IO177: 1543.2607 | IP177: 1494.7461 | IQ177: 2754.1362 | IR177: 1860.979 | IS177: 525.07177 | IT177: 22.019535 | IU177: 431.19385 | IV177: 102.58886 | IW177: 20.532225 | IX177: 3721.684 | IY177: 13.63086 | IZ177: 10.39844 | JA177: 10151.145 | JB177: 732.89062 | JC177: 793.81788 | JD177: 897.59865 | JE177: 7.746095 | JF177: 714.41895 | JG177: 21.49512 | JH177: 3392.2129 | JI177: 1858.2036 | JJ177: 93.61377 | JK177: 20.714355 | JL177: 18.568845 | JM177: 21.044435 | JN177: 23.73291 | JO177: 27.32324 | JP177: 23.67383 | JQ177: 2483.9145 | JR177: 175.22754 | JS177: 3456.3906 | JT177: 998.61425 | JU177: 354.76319 | JV177: 2714.8999 | JW177: 43.969725 | JX177: 386.20508 | JY177: 2828.7637 | JZ177: 115.49951 | KA177: 166.52149 | KB177: 124.08106 | KC177: 13.44336 | KD177: 1197.9619 | KE177: 59.9375 | KF177: 5195.8039 | KG177: 595.0171 | KH177: 2932.25 | KI177: 2335.75 | KJ177: 2492.5 | KK177: 3806.5 | KL177: 3858.5 | KM177: 3446.5 | KN177: 2415.5 | KO177: 11693.5 | KP177: 3317.75 | KQ177: 6531.5 | KR177: 3162.25 | KS177: 2618.75 | KT177: 31213 | KU177: 2437.5 | KV177: 2414.5 | KW177: 13414 | KX177: 2844.25 | KY177: 1748 | KZ177: 2765.5 | LA177: 2645 | LB177: 11049.75 | LC177: 18976.75 | LD177: 33604.25 | LE177: 8502.5 | LF177: 8476.2568 | LG177: 8348.4996 | LH177: 6246.0812 | LI177: 3586.207 | LJ177: 2682.805 | LK177: 3778.9292
B178: PBS | F178: 17.34668 | G178: 14.56787 | H178: 8.404785 | I178: 14.11133 | J178: 22.35498 | K178: 10.96289 | L178: 19.871095 | M178: 15.036135 | N178: 12.407225 | O178: 28.72412 | P178: 7.041505 | Q178: 15.686525 | R178: 17.45117 | S178: 25.6709 | T178: 18.541505 | U178: 12.20703 | V178: 22.86377 | W178: 20.126955 | X178: 10.05078 | Y178: 13.43359 | Z178: 13.38086 | AA178: 18.96533 | AB178: 22.06592 | AC178: 10.46924 | AD178: 11.157715 | AE178: 8.99414 | AF178: 11.0249 | AG178: 14.91211 | AH178: 17.793945 | AI178: 11.42578 | AJ178: 13.013675 | AK178: 11.774415 | AL178: 11.029785 | AM178: 11.96387 | AN178: 11.50195 | AO178: 13.34131 | AP178: 11.645995 | AQ178: 23.31299 | AR178: 16.78125 | AS178: 11.33057 | AT178: 11.796385 | AU178: 12.135255 | AV178: 12.679195 | AW178: 17.323245 | AX178: 15.774415 | AY178: 9.81348 | AZ178: 52.101075 | BA178: 6.70996 | BB178: 13.4834 | BC178: 12.856935 | BD178: 9.879395 | BE178: 24.938475 | BF178: 23.959965 | BG178: 11.50049 | BH178: 23.052735 | BI178: 13.42871 | BJ178: 18.8042 | BK178: 23.99512 | BL178: 8.916505 | BM178: 25.998535 | BN178: 11.829105 | BO178: 24.28418 | BP178: 16.91699 | BQ178: 11.53613 | BR178: 22.056155 | BS178: 19.94678 | BT178: 9.286135 | BU178: 14.148925 | BV178: 15.331055 | BW178: 17.617675 | BX178: 28.38379 | BY178: 11.598635 | BZ178: 9.64795 | CA178: 7.964845 | CB178: 11.820315 | CC178: 15.56787 | CD178: 17.366215 | CE178: 10.285645 | CF178: 11.8999 | CG178: 11.32764 | CH178: 10.234865 | CI178: 9.13818 | CJ178: 11.53516 | CK178: 13.79492 | CL178: 10.331055 | CM178: 23.7793 | CN178: 17.714845 | CO178: 11.121095 | CP178: 9.78711 | CQ178: 11.464845 | CR178: 10.706055 | CS178: 14.603515 | CT178: 13.64404 | CU178: 10.02344 | CV178: 25.374025 | CW178: 6.04199 | CX178: 14.31299 | CY178: 14.64209 | CZ178: 11.682125 | DA178: 12.77051 | DB178: 21.616695 | DC178: 10.72754 | DD178: 17.11914 | DE178: 12.465825 | DF178: 10.277345 | DG178: 19.137205 | DH178: 9.4248 | DI178: 14.854495 | DJ178: 12.69434 | DK178: 25.575195 | DL178: 18.36377 | DM178: 11.789065 | DN178: 12.80127 | DO178: 15.541015 | DP178: 8.217285 | DQ178: 10.487305 | DR178: 10.84961 | DS178: 17.402345 | DT178: 19.91162 | DU178: 13.20996 | DV178: 11.107425 | DW178: 10.276855 | DX178: 12.51221 | DY178: 16.066405 | DZ178: 21.66113 | EA178: 10.85205 | EB178: 31.53467 | EC178: 14.050785 | ED178: 11.200685 | EE178: 47.82666 | EF178: 12.166505 | EG178: 15.15918 | EH178: 10.22217 | EI178: 30.677245 | EJ178: 21.84961 | EK178: 13.17969 | EL178: 29.7583 | EM178: 13.35498 | EN178: 11.74707 | EO178: 14.813965 | EP178: 14.493165 | EQ178: 9.288575 | ER178: 31.435545 | ES178: 7.418945 | ET178: 9.691895 | EU178: 8.7251 | EV178: 11.26123 | EW178: 14.726075 | EX178: 18.55127 | EY178: 10.550785 | EZ178: 45.572755 | FA178: 10.890625 | FB178: 10.551755 | FC178: 75.22363 | FD178: 10.155275 | FE178: 12.406735 | FF178: 10.32471 | FG178: 26.67041 | FH178: 20.16699 | FI178: 10.48535 | FJ178: 42.545895 | FK178: 10.95996 | FL178: 9.89795 | FM178: 13.70215 | FN178: 13.29541 | FO178: 10.14502 | FP178: 28.057615 | FQ178: 6.00098 | FR178: 54.416995 | FS178: 27.85889 | FT178: 17.73193 | FU178: 211.78467 | FV178: 621.07664 | FW178: 155.09277 | FX178: 4756.88 | FY178: 99.402345 | FZ178: 90.4458 | GA178: 9016.382 | GB178: 166.51367 | GC178: 116.3999 | GD178: 136.18946 | GE178: 1798.4653 | GF178: 1208.3481 | GG178: 101.95996 | GH178: 4428.5103 | GI178: 47.48242 | GJ178: 288.58496 | GK178: 275.95654 | GL178: 134.99609 | GM178: 12.638185 | GN178: 3141.334 | GO178: 11.06152 | GP178: 16.6875 | GQ178: 12.547365 | GR178: 12.9668 | GS178: 21.10596 | GT178: 127.89697 | GU178: 99.229495 | GV178: 5173.2674 | GW178: 25.879395 | GX178: 24.240725 | GY178: 7382.5834 | GZ178: 94.89502 | HA178: 18.45703 | HB178: 126.23096 | HC178: 355.34082 | HD178: 242.3916 | HE178: 28.7793 | HF178: 2229.5396 | HG178: 16.077635 | HH178: 209.57666 | HI178: 177.68115 | HJ178: 90.070315 | HK178: 10.58545 | HL178: 392.67237 | HM178: 8.527345 | HN178: 10.273435 | HO178: 9.117675 | HP178: 10.634765 | HQ178: 14.981445 | HR178: 19.015625 | HS178: 10.467285 | HT178: 8885.3663 | HU178: 10.96533 | HV178: 9.45508 | HW178: 18510.238 | HX178: 10.881835 | HY178: 14.605465 | HZ178: 9.68164 | IA178: 26.338375 | IB178: 19.202635 | IC178: 10.09082 | ID178: 9637.3273 | IE178: 14.34082 | IF178: 10.552735 | IG178: 13.67871 | IH178: 13.623535 | II178: 9.168945 | IJ178: 22.85938 | IK178: 7.03076 | IL178: 11.468265 | IM178: 10.515625 | IN178: 12.306155 | IO178: 18.02051 | IP178: 20.55225 | IQ178: 12.26611 | IR178: 8737.5261 | IS178: 11.734865 | IT178: 9.40332 | IU178: 16619.701 | IV178: 11.700685 | IW178: 17.084475 | IX178: 11.01709 | IY178: 27.484865 | IZ178: 20.77051 | JA178: 10.563475 | JB178: 7896.1115 | JC178: 15.72803 | JD178: 11.334475 | JE178: 14.417965 | JF178: 13.53906 | JG178: 11.015625 | JH178: 23.76709 | JI178: 7.756835 | JJ178: 42.413575 | JK178: 31.36035 | JL178: 22.61182 | JM178: 115.81055 | JN178: 95.076175 | JO178: 26.41113 | JP178: 5066.7982 | JQ178: 48.487795 | JR178: 32.311035 | JS178: 12552.287 | JT178: 23.57178 | JU178: 107.91797 | JV178: 20.354985 | JW178: 102.45557 | JX178: 64.69678 | JY178: 38.99756 | JZ178: 7566.7803 | KA178: 104.6919 | KB178: 24.138675 | KC178: 25.569335 | KD178: 24.851565 | KE178: 18.425295 | KF178: 73.560545 | KG178: 26.7334 | KH178: 11067.5 | KI178: 3777.5 | KJ178: 3557.25 | KK178: 3407.5 | KL178: 3644 | KM178: 4501.75 | KN178: 5419 | KO178: 17238.5 | KP178: 5675.75 | KQ178: 4966 | KR178: 4154.5 | KS178: 2835.5 | KT178: 9553.25 | KU178: 11377.5 | KV178: 11224.75 | KW178: 11374.25 | KX178: 3862.5 | KY178: 3071 | KZ178: 4091 | LA178: 7656.25 | LB178: 36241.5 | LC178: 37609.75 | LD178: 62625.75 | LE178: 5792.25 | LF178: 9135.4489 | LG178: 4168.3773 | LH178: 10179.927 | LI178: 1989.2945 | LJ178: 1387.9683 | LK178: 2935.9577

Sheet Milk_PBS_corrected_formula
A1: Subject ID | B1: Barcode | C1: Delta_weeks | D1: Time_point | E1: Vax_timing_bin | F1: IgM_A_California_04_2009_H1N1 | G1: IgM_A_Michigan_45_2015_H1N1 | H1: IgM_A_Brisbane_02_2018_H1N1 | I1: IgM_A_Victoria_2570_2019_H1N1 | J1: IgM_A_Wisconsin_588_2019_H1N1 | K1: IgM_A_Hawaii_70_2019_H1N1 | L1: IgM_A_Wisconsin_67_2022_H1N1 | M1: IgM_A_HongKong_4801_2014_H3N2 | N1: IgM_A_Singapore_INFIMH16_2016_H3N2 | O1: IgM_A_Kansas_14_2017_H3N2 | P1: IgM_A_HongKong_45_2019_H3N2 | Q1: IgM_A_Cambodia_e0826360_2020_H3N2 | R1: IgM_A_Darwin_6_2021_H3N2 | S1: IgM_A_Indonesia_05_2005_H5N1 | T1: IgM_A_Shanghai_1_2013_H7N9 | U1: IgM_B_Phuket_3073_2013 | V1: IgM_B_Colorado_06_2017 | W1: IgM_B_Washington_02_2019 | X1: IgM_B_Austria_1359417_2021 | Y1: IgM_Michigan_NA | Z1: IgM_HongKong_NA | AA1: IgM_Ebola | AB1: IgM_RSV | AC1: IgM_EBV | AD1: IgG1_A_California_04_2009_H1N1 | AE1: IgG1_A_Michigan_45_2015_H1N1 | AF1: IgG1_A_Brisbane_02_2018_H1N1 | AG1: IgG1_A_Victoria_2570_2019_H1N1 | AH1: IgG1_A_Wisconsin_588_2019_H1N1 | AI1: IgG1_A_Hawaii_70_2019_H1N1 | AJ1: IgG1_A_Wisconsin_67_2022_H1N1 | AK1: IgG1_A_HongKong_4801_2014_H3N2 | AL1: IgG1_A_Singapore_INFIMH16_2016_H3N2 | AM1: IgG1_A_Kansas_14_2017_H3N2 | AN1: IgG1_A_HongKong_45_2019_H3N2 | AO1: IgG1_A_Cambodia_e0826360_2020_H3N2 | AP1: IgG1_A_Darwin_6_2021_H3N2 | AQ1: IgG1_A_Indonesia_05_2005_H5N1 | AR1: IgG1_A_Shanghai_1_2013_H7N9 | AS1: IgG1_B_Phuket_3073_2013 | AT1: IgG1_B_Colorado_06_2017 | AU1: IgG1_B_Washington_02_2019 | AV1: IgG1_B_Austria_1359417_2021 | AW1: IgG1_Michigan_NA | AX1: IgG1_HongKong_NA | AY1: IgG1_Ebola | AZ1: IgG1_RSV | BA1: IgG1_EBV | BB1: IgG2_A_California_04_2009_H1N1 | BC1: IgG2_A_Michigan_45_2015_H1N1 | BD1: IgG2_A_Brisbane_02_2018_H1N1 | BE1: IgG2_A_Victoria_2570_2019_H1N1 | BF1: IgG2_A_Wisconsin_588_2019_H1N1 | BG1: IgG2_A_Hawaii_70_2019_H1N1 | BH1: IgG2_A_Wisconsin_67_2022_H1N1 | BI1: IgG2_A_HongKong_4801_2014_H3N2 | BJ1: IgG2_A_Singapore_INFIMH16_2016_H3N2 | BK1: IgG2_A_Kansas_14_2017_H3N2 | BL1: IgG2_A_HongKong_45_2019_H3N2 | BM1: IgG2_A_Cambodia_e0826360_2020_H3N2 | BN1: IgG2_A_Darwin_6_2021_H3N2 | BO1: IgG2_A_Indonesia_05_2005_H5N1 | BP1: IgG2_A_Shanghai_1_2013_H7N9 | BQ1: IgG2_B_Phuket_3073_2013 | BR1: IgG2_B_Colorado_06_2017 | BS1: IgG2_B_Washington_02_2019 | BT1: IgG2_B_Austria_1359417_2021 | BU1: IgG2_Michigan_NA | BV1: IgG2_HongKong_NA | BW1: IgG2_Ebola | BX1: IgG2_RSV | BY1: IgG2_EBV | BZ1: IgG3_A_California_04_2009_H1N1 | CA1: IgG3_A_Michigan_45_2015_H1N1 | CB1: IgG3_A_Brisbane_02_2018_H1N1 | CC1: IgG3_A_Victoria_2570_2019_H1N1 | CD1: IgG3_A_Wisconsin_588_2019_H1N1 | CE1: IgG3_A_Hawaii_70_2019_H1N1 | CF1: IgG3_A_Wisconsin_67_2022_H1N1 | CG1: IgG3_A_HongKong_4801_2014_H3N2 | CH1: IgG3_A_Singapore_INFIMH16_2016_H3N2 | CI1: IgG3_A_Kansas_14_2017_H3N2 | CJ1: IgG3_A_HongKong_45_2019_H3N2 | CK1: IgG3_A_Cambodia_e0826360_2020_H3N2 | CL1: IgG3_A_Darwin_6_2021_H3N2 | CM1: IgG3_A_Indonesia_05_2005_H5N1 | CN1: IgG3_A_Shanghai_1_2013_H7N9 | CO1: IgG3_B_Phuket_3073_2013 | CP1: IgG3_B_Colorado_06_2017 | CQ1: IgG3_B_Washington_02_2019 | CR1: IgG3_B_Austria_1359417_2021 | CS1: IgG3_Michigan_NA | CT1: IgG3_HongKong_NA | CU1: IgG3_Ebola | CV1: IgG3_RSV | CW1: IgG3_EBV | CX1: IgG4_A_California_04_2009_H1N1 | CY1: IgG4_A_Michigan_45_2015_H1N1 | CZ1: IgG4_A_Brisbane_02_2018_H1N1 | DA1: IgG4_A_Victoria_2570_2019_H1N1 | DB1: IgG4_A_Wisconsin_588_2019_H1N1 | DC1: IgG4_A_Hawaii_70_2019_H1N1 | DD1: IgG4_A_Wisconsin_67_2022_H1N1 | DE1: IgG4_A_HongKong_4801_2014_H3N2 | DF1: IgG4_A_Singapore_INFIMH16_2016_H3N2 | DG1: IgG4_A_Kansas_14_2017_H3N2 | DH1: IgG4_A_HongKong_45_2019_H3N2 | DI1: IgG4_A_Cambodia_e0826360_2020_H3N2 | DJ1: IgG4_A_Darwin_6_2021_H3N2 | DK1: IgG4_A_Indonesia_05_2005_H5N1 | DL1: IgG4_A_Shanghai_1_2013_H7N9 | DM1: IgG4_B_Phuket_3073_2013 | DN1: IgG4_B_Colorado_06_2017 | DO1: IgG4_B_Washington_02_2019 | DP1: IgG4_B_Austria_1359417_2021 | DQ1: IgG4_Michigan_NA | DR1: IgG4_HongKong_NA | DS1: IgG4_Ebola | DT1: IgG4_RSV | DU1: IgG4_EBV | DV1: IgA1_A_California_04_2009_H1N1 | DW1: IgA1_A_Michigan_45_2015_H1N1 | DX1: IgA1_A_Brisbane_02_2018_H1N1 | DY1: IgA1_A_Victoria_2570_2019_H1N1 | DZ1: IgA1_A_Wisconsin_588_2019_H1N1 | EA1: IgA1_A_Hawaii_70_2019_H1N1 | EB1: IgA1_A_Wisconsin_67_2022_H1N1 | EC1: IgA1_A_HongKong_4801_2014_H3N2 | ED1: IgA1_A_Singapore_INFIMH16_2016_H3N2 | EE1: IgA1_A_Kansas_14_2017_H3N2 | EF1: IgA1_A_HongKong_45_2019_H3N2 | EG1: IgA1_A_Cambodia_e0826360_2020_H3N2 | EH1: IgA1_A_Darwin_6_2021_H3N2 | EI1: IgA1_A_Indonesia_05_2005_H5N1 | EJ1: IgA1_A_Shanghai_1_2013_H7N9 | EK1: IgA1_B_Phuket_3073_2013 | EL1: IgA1_B_Colorado_06_2017 | EM1: IgA1_B_Washington_02_2019 | EN1: IgA1_B_Austria_1359417_2021 | EO1: IgA1_Michigan_NA | EP1: IgA1_HongKong_NA | EQ1: IgA1_Ebola | ER1: IgA1_RSV | ES1: IgA1_EBV | ET1: IgA2_A_California_04_2009_H1N1 | EU1: IgA2_A_Michigan_45_2015_H1N1 | EV1: IgA2_A_Brisbane_02_2018_H1N1 | EW1: IgA2_A_Victoria_2570_2019_H1N1 | EX1: IgA2_A_Wisconsin_588_2019_H1N1 | EY1: IgA2_A_Hawaii_70_2019_H1N1 | EZ1: IgA2_A_Wisconsin_67_2022_H1N1 | FA1: IgA2_A_HongKong_4801_2014_H3N2 | FB1: IgA2_A_Singapore_INFIMH16_2016_H3N2 | FC1: IgA2_A_Kansas_14_2017_H3N2 | FD1: IgA2_A_HongKong_45_2019_H3N2 | FE1: IgA2_A_Cambodia_e0826360_2020_H3N2 | FF1: IgA2_A_Darwin_6_2021_H3N2 | FG1: IgA2_A_Indonesia_05_2005_H5N1 | FH1: IgA2_A_Shanghai_1_2013_H7N9 | FI1: IgA2_B_Phuket_3073_2013 | FJ1: IgA2_B_Colorado_06_2017 | FK1: IgA2_B_Washington_02_2019 | FL1: IgA2_B_Austria_1359417_2021 | FM1: IgA2_Michigan_NA | FN1: IgA2_HongKong_NA | FO1: IgA2_Ebola | FP1: IgA2_RSV | FQ1: IgA2_EBV | FR1: FcgR2A_A_California_04_2009_H1N1 | FS1: FcgR2A_A_Michigan_45_2015_H1N1 | FT1: FcgR2A_A_Brisbane_02_2018_H1N1 | FU1: FcgR2A_A_Victoria_2570_2019_H1N1 | FV1: FcgR2A_A_Wisconsin_588_2019_H1N1 | FW1: FcgR2A_A_Hawaii_70_2019_H1N1 | FX1: FcgR2A_A_Wisconsin_67_2022_H1N1 | FY1: FcgR2A_A_HongKong_4801_2014_H3N2 | FZ1: FcgR2A_A_Singapore_INFIMH16_2016_H3N2 | GA1: FcgR2A_A_Kansas_14_2017_H3N2 | GB1: FcgR2A_A_HongKong_45_2019_H3N2 | GC1: FcgR2A_A_Cambodia_e0826360_2020_H3N2 | GD1: FcgR2A_A_Darwin_6_2021_H3N2 | GE1: FcgR2A_A_Indonesia_05_2005_H5N1 | GF1: FcgR2A_A_Shanghai_1_2013_H7N9 | GG1: FcgR2A_B_Phuket_3073_2013 | GH1: FcgR2A_B_Colorado_06_2017 | GI1: FcgR2A_B_Washington_02_2019 | GJ1: FcgR2A_B_Austria_1359417_2021 | GK1: FcgR2A_Michigan_NA | GL1: FcgR2A_HongKong_NA | GM1: FcgR2A_Ebola | GN1: FcgR2A_RSV | GO1: FcgR2A_EBV | GP1: FcgR2B_A_California_04_2009_H1N1 | GQ1: FcgR2B_A_Michigan_45_2015_H1N1 | GR1: FcgR2B_A_Brisbane_02_2018_H1N1 | GS1: FcgR2B_A_Victoria_2570_2019_H1N1 | GT1: FcgR2B_A_Wisconsin_588_2019_H1N1 | GU1: FcgR2B_A_Hawaii_70_2019_H1N1 | GV1: FcgR2B_A_Wisconsin_67_2022_H1N1 | GW1: FcgR2B_A_HongKong_4801_2014_H3N2 | GX1: FcgR2B_A_Singapore_INFIMH16_2016_H3N2 | GY1: FcgR2B_A_Kansas_14_2017_H3N2 | GZ1: FcgR2B_A_HongKong_45_2019_H3N2 | HA1: FcgR2B_A_Cambodia_e0826360_2020_H3N2 | HB1: FcgR2B_A_Darwin_6_2021_H3N2 | HC1: FcgR2B_A_Indonesia_05_2005_H5N1 | HD1: FcgR2B_A_Shanghai_1_2013_H7N9 | HE1: FcgR2B_B_Phuket_3073_2013 | HF1: FcgR2B_B_Colorado_06_2017 | HG1: FcgR2B_B_Washington_02_2019 | HH1: FcgR2B_B_Austria_1359417_2021 | HI1: FcgR2B_Michigan_NA | HJ1: FcgR2B_HongKong_NA | HK1: FcgR2B_Ebola | HL1: FcgR2B_RSV | HM1: FcgR2B_EBV | HN1: FcgR3A_A_California_04_2009_H1N1 | HO1: FcgR3A_A_Michigan_45_2015_H1N1 | HP1: FcgR3A_A_Brisbane_02_2018_H1N1 | HQ1: FcgR3A_A_Victoria_2570_2019_H1N1 | HR1: FcgR3A_A_Wisconsin_588_2019_H1N1 | HS1: FcgR3A_A_Hawaii_70_2019_H1N1 | HT1: FcgR3A_A_Wisconsin_67_2022_H1N1 | HU1: FcgR3A_A_HongKong_4801_2014_H3N2 | HV1: FcgR3A_A_Singapore_INFIMH16_2016_H3N2 | HW1: FcgR3A_A_Kansas_14_2017_H3N2 | HX1: FcgR3A_A_HongKong_45_2019_H3N2 | HY1: FcgR3A_A_Cambodia_e0826360_2020_H3N2 | HZ1: FcgR3A_A_Darwin_6_2021_H3N2 | IA1: FcgR3A_A_Indonesia_05_2005_H5N1 | IB1: FcgR3A_A_Shanghai_1_2013_H7N9 | IC1: FcgR3A_B_Phuket_3073_2013 | ID1: FcgR3A_B_Colorado_06_2017 | IE1: FcgR3A_B_Washington_02_2019 | IF1: FcgR3A_B_Austria_1359417_2021 | IG1: FcgR3A_Michigan_NA | IH1: FcgR3A_HongKong_NA | II1: FcgR3A_Ebola | IJ1: FcgR3A_RSV | IK1: FcgR3A_EBV | IL1: FcgR3B_A_California_04_2009_H1N1 | IM1: FcgR3B_A_Michigan_45_2015_H1N1 | IN1: FcgR3B_A_Brisbane_02_2018_H1N1 | IO1: FcgR3B_A_Victoria_2570_2019_H1N1 | IP1: FcgR3B_A_Wisconsin_588_2019_H1N1 | IQ1: FcgR3B_A_Hawaii_70_2019_H1N1 | IR1: FcgR3B_A_Wisconsin_67_2022_H1N1 | IS1: FcgR3B_A_HongKong_4801_2014_H3N2 | IT1: FcgR3B_A_Singapore_INFIMH16_2016_H3N2 | IU1: FcgR3B_A_Kansas_14_2017_H3N2 | IV1: FcgR3B_A_HongKong_45_2019_H3N2 | IW1: FcgR3B_A_Cambodia_e0826360_2020_H3N2 | IX1: FcgR3B_A_Darwin_6_2021_H3N2 | IY1: FcgR3B_A_Indonesia_05_2005_H5N1 | IZ1: FcgR3B_A_Shanghai_1_2013_H7N9 | JA1: FcgR3B_B_Phuket_3073_2013 | JB1: FcgR3B_B_Colorado_06_2017 | JC1: FcgR3B_B_Washington_02_2019 | JD1: FcgR3B_B_Austria_1359417_2021 | JE1: FcgR3B_Michigan_NA | JF1: FcgR3B_HongKong_NA | JG1: FcgR3B_Ebola | JH1: FcgR3B_RSV | JI1: FcgR3B_EBV | JJ1: FcaR_A_California_04_2009_H1N1 | JK1: FcaR_A_Michigan_45_2015_H1N1 | JL1: FcaR_A_Brisbane_02_2018_H1N1 | JM1: FcaR_A_Victoria_2570_2019_H1N1 | JN1: FcaR_A_Wisconsin_588_2019_H1N1 | JO1: FcaR_A_Hawaii_70_2019_H1N1 | JP1: FcaR_A_Wisconsin_67_2022_H1N1 | JQ1: FcaR_A_HongKong_4801_2014_H3N2 | JR1: FcaR_A_Singapore_INFIMH16_2016_H3N2 | JS1: FcaR_A_Kansas_14_2017_H3N2 | JT1: FcaR_A_HongKong_45_2019_H3N2 | JU1: FcaR_A_Cambodia_e0826360_2020_H3N2 | JV1: FcaR_A_Darwin_6_2021_H3N2 | JW1: FcaR_A_Indonesia_05_2005_H5N1 | JX1: FcaR_A_Shanghai_1_2013_H7N9 | JY1: FcaR_B_Phuket_3073_2013 | JZ1: FcaR_B_Colorado_06_2017 | KA1: FcaR_B_Washington_02_2019 | KB1: FcaR_B_Austria_1359417_2021 | KC1: FcaR_Michigan_NA | KD1: FcaR_HongKong_NA | KE1: FcaR_Ebola | KF1: FcaR_RSV | KG1: FcaR_EBV | KH1: ADCD_A_California_04_2009_H1N1 | KI1: ADCD_A_Michigan_45_2015_H1N1 | KJ1: ADCD_A_Brisbane_02_2018_H1N1 | KK1: ADCD_A_Victoria_2570_2019_H1N1 | KL1: ADCD_A_Wisconsin_588_2019_H1N1 | KM1: ADCD_A_Hawaii_70_2019_H1N1 | KN1: ADCD_A_Wisconsin_67_2022_H1N1 | KO1: ADCD_A_HongKong_4801_2014_H3N2 | KP1: ADCD_A_Singapore_INFIMH16_2016_H3N2 | KQ1: ADCD_A_Kansas_14_2017_H3N2 | KR1: ADCD_A_HongKong_45_2019_H3N2 | KS1: ADCD_A_Cambodia_e0826360_2020_H3N2 | KT1: ADCD_A_Darwin_6_2021_H3N2 | KU1: ADCD_A_Indonesia_05_2005_H5N1 | KV1: ADCD_A_Shanghai_1_2013_H7N9 | KW1: ADCD_B_Phuket_3073_2013 | KX1: ADCD_B_Colorado_06_2017 | KY1: ADCD_B_Washington_02_2019 | KZ1: ADCD_B_Austria_1359417_2021 | LA1: ADCD_Michigan_NA | LB1: ADCD_HongKong_NA | LC1: ADCD_Ebola | LD1: ADCD_RSV | LE1: ADCD_EBV | LF1: ADNP_A_California_04_2009_H1N1_Average | LG1: ADNP_A_HongKong_4801_2014_H3N2 | LH1: ADNP_B_Phuket_3073_2013_Average | LI1: ADCP_A_California_04_2009_H1N1_Average | LJ1: ADCP_A_HongKong_4801_2014_H3N2 | LK1: ADCP_B_Phuket_3073_2013_Average
A2: CC0023 | B2: 227773 | C2: 2.5714286 | D2: 1 | E2: 5 | F2: =IF((Milk_with_PBS!F2-Milk_with_PBS!F$178)<0,0,Milk_with_PBS!F2-Milk_with_PBS!F$178) -> 373.94922 | G2: =IF((Milk_with_PBS!G2-Milk_with_PBS!G$178)<0,0,Milk_with_PBS!G2-Milk_with_PBS!G$178) -> 561.81005 | H2: =IF((Milk_with_PBS!H2-Milk_with_PBS!H$178)<0,0,Milk_with_PBS!H2-Milk_with_PBS!H$178) -> 485.83886 | I2: =IF((Milk_with_PBS!I2-Milk_with_PBS!I$178)<0,0,Milk_with_PBS!I2-Milk_with_PBS!I$178) -> 534.21387 | J2: =IF((Milk_with_PBS!J2-Milk_with_PBS!J$178)<0,0,Milk_with_PBS!J2-Milk_with_PBS!J$178) -> 391.01464 | K2: =IF((Milk_with_PBS!K2-Milk_with_PBS!K$178)<0,0,Milk_with_PBS!K2-Milk_with_PBS!K$178) -> 498.23633 | L2: =IF((Milk_with_PBS!L2-Milk_with_PBS!L$178)<0,0,Milk_with_PBS!L2-Milk_with_PBS!L$178) -> 448.08349 | M2: =IF((Milk_with_PBS!M2-Milk_with_PBS!M$178)<0,0,Milk_with_PBS!M2-Milk_with_PBS!M$178) -> 695.12158 | ... LK2: =IF((Milk_with_PBS!LK2-Milk_with_PBS!LK$178)<0,0,Milk_with_PBS!LK2-Milk_with_PBS!LK$178) -> 0
A3: CC0023 | B3: 234552 | C3: 7.2857143 | D3: 2 | E3: 5 | F3: =IF((Milk_with_PBS!F3-Milk_with_PBS!F$178)<0,0,Milk_with_PBS!F3-Milk_with_PBS!F$178) -> 193.10156 | G3: =IF((Milk_with_PBS!G3-Milk_with_PBS!G$178)<0,0,Milk_with_PBS!G3-Milk_with_PBS!G$178) -> 206.79932 | H3: =IF((Milk_with_PBS!H3-Milk_with_PBS!H$178)<0,0,Milk_with_PBS!H3-Milk_with_PBS!H$178) -> 195.57763 | I3: =IF((Milk_with_PBS!I3-Milk_with_PBS!I$178)<0,0,Milk_with_PBS!I3-Milk_with_PBS!I$178) -> 210.60547 | J3: =IF((Milk_with_PBS!J3-Milk_with_PBS!J$178)<0,0,Milk_with_PBS!J3-Milk_with_PBS!J$178) -> 184.88623 | K3: =IF((Milk_with_PBS!K3-Milk_with_PBS!K$178)<0,0,Milk_with_PBS!K3-Milk_with_PBS!K$178) -> 235.67872 | L3: =IF((Milk_with_PBS!L3-Milk_with_PBS!L$178)<0,0,Milk_with_PBS!L3-Milk_with_PBS!L$178) -> 211.94922 | M3: =IF((Milk_with_PBS!M3-Milk_with_PBS!M$178)<0,0,Milk_with_PBS!M3-Milk_with_PBS!M$178) -> 405.13966 | ... LK3: =IF((Milk_with_PBS!LK3-Milk_with_PBS!LK$178)<0,0,Milk_with_PBS!LK3-Milk_with_PBS!LK$178) -> 0
A4: CC0023 | B4: 270607 | C4: 28.428571 | D4: 3 | E4: 5 | F4: =IF((Milk_with_PBS!F4-Milk_with_PBS!F$178)<0,0,Milk_with_PBS!F4-Milk_with_PBS!F$178) -> 158.37011 | G4: =IF((Milk_with_PBS!G4-Milk_with_PBS!G$178)<0,0,Milk_with_PBS!G4-Milk_with_PBS!G$178) -> 181.53125 | H4: =IF((Milk_with_PBS!H4-Milk_with_PBS!H$178)<0,0,Milk_with_PBS!H4-Milk_with_PBS!H$178) -> 175.52685 | I4: =IF((Milk_with_PBS!I4-Milk_with_PBS!I$178)<0,0,Milk_with_PBS!I4-Milk_with_PBS!I$178) -> 136.56054 | J4: =IF((Milk_with_PBS!J4-Milk_with_PBS!J$178)<0,0,Milk_with_PBS!J4-Milk_with_PBS!J$178) -> 206.13623 | K4: =IF((Milk_with_PBS!K4-Milk_with_PBS!K$178)<0,0,Milk_with_PBS!K4-Milk_with_PBS!K$178) -> 208.61573 | L4: =IF((Milk_with_PBS!L4-Milk_with_PBS!L$178)<0,0,Milk_with_PBS!L4-Milk_with_PBS!L$178) -> 167.44727 | M4: =IF((Milk_with_PBS!M4-Milk_with_PBS!M$178)<0,0,Milk_with_PBS!M4-Milk_with_PBS!M$178) -> 314.47753 | ... LK4: =IF((Milk_with_PBS!LK4-Milk_with_PBS!LK$178)<0,0,Milk_with_PBS!LK4-Milk_with_PBS!LK$178) -> 0
A5: CC0037 | B5: 227682 | C5: 2.7142857 | D5: 1 | E5: 5 | F5: =IF((Milk_with_PBS!F5-Milk_with_PBS!F$178)<0,0,Milk_with_PBS!F5-Milk_with_PBS!F$178) -> 71.865235 | G5: =IF((Milk_with_PBS!G5-Milk_with_PBS!G$178)<0,0,Milk_with_PBS!G5-Milk_with_PBS!G$178) -> 80.05713 | H5: =IF((Milk_with_PBS!H5-Milk_with_PBS!H$178)<0,0,Milk_with_PBS!H5-Milk_with_PBS!H$178) -> 79.54492 | I5: =IF((Milk_with_PBS!I5-Milk_with_PBS!I$178)<0,0,Milk_with_PBS!I5-Milk_with_PBS!I$178) -> 70.6748 | J5: =IF((Milk_with_PBS!J5-Milk_with_PBS!J$178)<0,0,Milk_with_PBS!J5-Milk_with_PBS!J$178) -> 46.880375 | K5: =IF((Milk_with_PBS!K5-Milk_with_PBS!K$178)<0,0,Milk_with_PBS!K5-Milk_with_PBS!K$178) -> 84.371095 | L5: =IF((Milk_with_PBS!L5-Milk_with_PBS!L$178)<0,0,Milk_with_PBS!L5-Milk_with_PBS!L$178) -> 67.025875 | M5: =IF((Milk_with_PBS!M5-Milk_with_PBS!M$178)<0,0,Milk_with_PBS!M5-Milk_with_PBS!M$178) -> 172.49023 | ... LK5: =IF((Milk_with_PBS!LK5-Milk_with_PBS!LK$178)<0,0,Milk_with_PBS!LK5-Milk_with_PBS!LK$178) -> 0
A6: CC0037 | B6: 234930 | C6: 7.8571429 | D6: 2 | E6: 5 | F6: =IF((Milk_with_PBS!F6-Milk_with_PBS!F$178)<0,0,Milk_with_PBS!F6-Milk_with_PBS!F$178) -> 113.28711 | G6: =IF((Milk_with_PBS!G6-Milk_with_PBS!G$178)<0,0,Milk_with_PBS!G6-Milk_with_PBS!G$178) -> 127.51075 | H6: =IF((Milk_with_PBS!H6-Milk_with_PBS!H$178)<0,0,Milk_with_PBS!H6-Milk_with_PBS!H$178) -> 136.72314 | I6: =IF((Milk_with_PBS!I6-Milk_with_PBS!I$178)<0,0,Milk_with_PBS!I6-Milk_with_PBS!I$178) -> 104.92578 | J6: =IF((Milk_with_PBS!J6-Milk_with_PBS!J$178)<0,0,Milk_with_PBS!J6-Milk_with_PBS!J$178) -> 96.83838 | K6: =IF((Milk_with_PBS!K6-Milk_with_PBS!K$178)<0,0,Milk_with_PBS!K6-Milk_with_PBS!K$178) -> 106.69287 | L6: =IF((Milk_with_PBS!L6-Milk_with_PBS!L$178)<0,0,Milk_with_PBS!L6-Milk_with_PBS!L$178) -> 79.85693 | M6: =IF((Milk_with_PBS!M6-Milk_with_PBS!M$178)<0,0,Milk_with_PBS!M6-Milk_with_PBS!M$178) -> 319.75928 | ... LK6: =IF((Milk_with_PBS!LK6-Milk_with_PBS!LK$178)<0,0,Milk_with_PBS!LK6-Milk_with_PBS!LK$178) -> 0
A7: CC0037 | B7: 236578 | C7: 9.8571429 | D7: 2 | E7: 5 | F7: =IF((Milk_with_PBS!F7-Milk_with_PBS!F$178)<0,0,Milk_with_PBS!F7-Milk_with_PBS!F$178) -> 121.77051 | G7: =IF((Milk_with_PBS!G7-Milk_with_PBS!G$178)<0,0,Milk_with_PBS!G7-Milk_with_PBS!G$178) -> 160.06006 | H7: =IF((Milk_with_PBS!H7-Milk_with_PBS!H$178)<0,0,Milk_with_PBS!H7-Milk_with_PBS!H$178) -> 158.16699 | I7: =IF((Milk_with_PBS!I7-Milk_with_PBS!I$178)<0,0,Milk_with_PBS!I7-Milk_with_PBS!I$178) -> 102.32129 | J7: =IF((Milk_with_PBS!J7-Milk_with_PBS!J$178)<0,0,Milk_with_PBS!J7-Milk_with_PBS!J$178) -> 122.61181 | K7: =IF((Milk_with_PBS!K7-Milk_with_PBS!K$178)<0,0,Milk_with_PBS!K7-Milk_with_PBS!K$178) -> 175.49415 | L7: =IF((Milk_with_PBS!L7-Milk_with_PBS!L$178)<0,0,Milk_with_PBS!L7-Milk_with_PBS!L$178) -> 122.97314 | M7: =IF((Milk_with_PBS!M7-Milk_with_PBS!M$178)<0,0,Milk_with_PBS!M7-Milk_with_PBS!M$178) -> 252.73974 | ... LK7: =IF((Milk_with_PBS!LK7-Milk_with_PBS!LK$178)<0,0,Milk_with_PBS!LK7-Milk_with_PBS!LK$178) -> 0
A8: CC0037 | B8: 282172 | C8: 31.571429 | D8: 3 | E8: 5 | F8: =IF((Milk_with_PBS!F8-Milk_with_PBS!F$178)<0,0,Milk_with_PBS!F8-Milk_with_PBS!F$178) -> 82.712405 | G8: =IF((Milk_with_PBS!G8-Milk_with_PBS!G$178)<0,0,Milk_with_PBS!G8-Milk_with_PBS!G$178) -> 83.29932 | H8: =IF((Milk_with_PBS!H8-Milk_with_PBS!H$178)<0,0,Milk_with_PBS!H8-Milk_with_PBS!H$178) -> 86.84619 | I8: =IF((Milk_with_PBS!I8-Milk_with_PBS!I$178)<0,0,Milk_with_PBS!I8-Milk_with_PBS!I$178) -> 53.453615 | J8: =IF((Milk_with_PBS!J8-Milk_with_PBS!J$178)<0,0,Milk_with_PBS!J8-Milk_with_PBS!J$178) -> 62.3667 | K8: =IF((Milk_with_PBS!K8-Milk_with_PBS!K$178)<0,0,Milk_with_PBS!K8-Milk_with_PBS!K$178) -> 53.391605 | L8: =IF((Milk_with_PBS!L8-Milk_with_PBS!L$178)<0,0,Milk_with_PBS!L8-Milk_with_PBS!L$178) -> 61.674805 | M8: =IF((Milk_with_PBS!M8-Milk_with_PBS!M$178)<0,0,Milk_with_PBS!M8-Milk_with_PBS!M$178) -> 116.90966 | ... LK8: =IF((Milk_with_PBS!LK8-Milk_with_PBS!LK$178)<0,0,Milk_with_PBS!LK8-Milk_with_PBS!LK$178) -> 0
A9: CC0051 | B9: 230544 | C9: 54.428571 | D9: 3 | E9: 1 | F9: =IF((Milk_with_PBS!F9-Milk_with_PBS!F$178)<0,0,Milk_with_PBS!F9-Milk_with_PBS!F$178) -> 972.86671 | G9: =IF((Milk_with_PBS!G9-Milk_with_PBS!G$178)<0,0,Milk_with_PBS!G9-Milk_with_PBS!G$178) -> 1602.6738 | H9: =IF((Milk_with_PBS!H9-Milk_with_PBS!H$178)<0,0,Milk_with_PBS!H9-Milk_with_PBS!H$178) -> 1818.9634 | I9: =IF((Milk_with_PBS!I9-Milk_with_PBS!I$178)<0,0,Milk_with_PBS!I9-Milk_with_PBS!I$178) -> 934.15332 | J9: =IF((Milk_with_PBS!J9-Milk_with_PBS!J$178)<0,0,Milk_with_PBS!J9-Milk_with_PBS!J$178) -> 1193.1738 | K9: =IF((Milk_with_PBS!K9-Milk_with_PBS!K$178)<0,0,Milk_with_PBS!K9-Milk_with_PBS!K$178) -> 1339.6167 | L9: =IF((Milk_with_PBS!L9-Milk_with_PBS!L$178)<0,0,Milk_with_PBS!L9-Milk_with_PBS!L$178) -> 923.44433 | M9: =IF((Milk_with_PBS!M9-Milk_with_PBS!M$178)<0,0,Milk_with_PBS!M9-Milk_with_PBS!M$178) -> 2699.3618 | ... LK9: =IF((Milk_with_PBS!LK9-Milk_with_PBS!LK$178)<0,0,Milk_with_PBS!LK9-Milk_with_PBS!LK$178) -> 0
A10: CC0051 | B10: 237846 | C10: 7.4285714 | D10: 2 | E10: 1 | F10: =IF((Milk_with_PBS!F10-Milk_with_PBS!F$178)<0,0,Milk_with_PBS!F10-Milk_with_PBS!F$178) -> 401.57421 | G10: =IF((Milk_with_PBS!G10-Milk_with_PBS!G$178)<0,0,Milk_with_PBS!G10-Milk_with_PBS!G$178) -> 355.60254 | H10: =IF((Milk_with_PBS!H10-Milk_with_PBS!H$178)<0,0,Milk_with_PBS!H10-Milk_with_PBS!H$178) -> 516.06346 | I10: =IF((Milk_with_PBS!I10-Milk_with_PBS!I$178)<0,0,Milk_with_PBS!I10-Milk_with_PBS!I$178) -> 374.53077 | J10: =IF((Milk_with_PBS!J10-Milk_with_PBS!J$178)<0,0,Milk_with_PBS!J10-Milk_with_PBS!J$178) -> 250.74658 | K10: =IF((Milk_with_PBS!K10-Milk_with_PBS!K$178)<0,0,Milk_with_PBS!K10-Milk_with_PBS!K$178) -> 607.72069 | L10: =IF((Milk_with_PBS!L10-Milk_with_PBS!L$178)<0,0,Milk_with_PBS!L10-Milk_with_PBS!L$178) -> 455.95801 | M10: =IF((Milk_with_PBS!M10-Milk_with_PBS!M$178)<0,0,Milk_with_PBS!M10-Milk_with_PBS!M$178) -> 890.39158 | ... LK10: =IF((Milk_with_PBS!LK10-Milk_with_PBS!LK$178)<0,0,Milk_with_PBS!LK10-Milk_with_PBS!LK$178) -> 0
A11: CC0054 | B11: 227704 | C11: 1.8571429 | D11: 1 | E11: 5 | F11: =IF((Milk_with_PBS!F11-Milk_with_PBS!F$178)<0,0,Milk_with_PBS!F11-Milk_with_PBS!F$178) -> 247.50489 | G11: =IF((Milk_with_PBS!G11-Milk_with_PBS!G$178)<0,0,Milk_with_PBS!G11-Milk_with_PBS!G$178) -> 372.09619 | H11: =IF((Milk_with_PBS!H11-Milk_with_PBS!H$178)<0,0,Milk_with_PBS!H11-Milk_with_PBS!H$178) -> 368.22852 | I11: =IF((Milk_with_PBS!I11-Milk_with_PBS!I$178)<0,0,Milk_with_PBS!I11-Milk_with_PBS!I$178) -> 255.26464 | J11: =IF((Milk_with_PBS!J11-Milk_with_PBS!J$178)<0,0,Milk_with_PBS!J11-Milk_with_PBS!J$178) -> 272.1333 | K11: =IF((Milk_with_PBS!K11-Milk_with_PBS!K$178)<0,0,Milk_with_PBS!K11-Milk_with_PBS!K$178) -> 344.18408 | L11: =IF((Milk_with_PBS!L11-Milk_with_PBS!L$178)<0,0,Milk_with_PBS!L11-Milk_with_PBS!L$178) -> 379.0249 | M11: =IF((Milk_with_PBS!M11-Milk_with_PBS!M$178)<0,0,Milk_with_PBS!M11-Milk_with_PBS!M$178) -> 836.95312 | ... LK11: =IF((Milk_with_PBS!LK11-Milk_with_PBS!LK$178)<0,0,Milk_with_PBS!LK11-Milk_with_PBS!LK$178) -> 0
A12: CC0054 | B12: 236419 | C12: 7 | D12: 2 | E12: 5 | F12: =IF((Milk_with_PBS!F12-Milk_with_PBS!F$178)<0,0,Milk_with_PBS!F12-Milk_with_PBS!F$178) -> 328.91211 | G12: =IF((Milk_with_PBS!G12-Milk_with_PBS!G$178)<0,0,Milk_with_PBS!G12-Milk_with_PBS!G$178) -> 320.31738 | H12: =IF((Milk_with_PBS!H12-Milk_with_PBS!H$178)<0,0,Milk_with_PBS!H12-Milk_with_PBS!H$178) -> 400.44482 | I12: =IF((Milk_with_PBS!I12-Milk_with_PBS!I$178)<0,0,Milk_with_PBS!I12-Milk_with_PBS!I$178) -> 207.51562 | J12: =IF((Milk_with_PBS!J12-Milk_with_PBS!J$178)<0,0,Milk_with_PBS!J12-Milk_with_PBS!J$178) -> 242.4746 | K12: =IF((Milk_with_PBS!K12-Milk_with_PBS!K$178)<0,0,Milk_with_PBS!K12-Milk_with_PBS!K$178) -> 328.39062 | L12: =IF((Milk_with_PBS!L12-Milk_with_PBS!L$178)<0,0,Milk_with_PBS!L12-Milk_with_PBS!L$178) -> 315.45118 | M12: =IF((Milk_with_PBS!M12-Milk_with_PBS!M$178)<0,0,Milk_with_PBS!M12-Milk_with_PBS!M$178) -> 652.40526 | ... LK12: =IF((Milk_with_PBS!LK12-Milk_with_PBS!LK$178)<0,0,Milk_with_PBS!LK12-Milk_with_PBS!LK$178) -> 0
A13: CC0054 | B13: 793328 | C13: 141.42857 | D13: 3 | E13: 5 | F13: =IF((Milk_with_PBS!F13-Milk_with_PBS!F$178)<0,0,Milk_with_PBS!F13-Milk_with_PBS!F$178) -> 47.734375 | G13: =IF((Milk_with_PBS!G13-Milk_with_PBS!G$178)<0,0,Milk_with_PBS!G13-Milk_with_PBS!G$178) -> 51.395025 | H13: =IF((Milk_with_PBS!H13-Milk_with_PBS!H$178)<0,0,Milk_with_PBS!H13-Milk_with_PBS!H$178) -> 78.07617 | I13: =IF((Milk_with_PBS!I13-Milk_with_PBS!I$178)<0,0,Milk_with_PBS!I13-Milk_with_PBS!I$178) -> 43.2041 | J13: =IF((Milk_with_PBS!J13-Milk_with_PBS!J$178)<0,0,Milk_with_PBS!J13-Milk_with_PBS!J$178) -> 29.69775 | K13: =IF((Milk_with_PBS!K13-Milk_with_PBS!K$178)<0,0,Milk_with_PBS!K13-Milk_with_PBS!K$178) -> 66.30078 | L13: =IF((Milk_with_PBS!L13-Milk_with_PBS!L$178)<0,0,Milk_with_PBS!L13-Milk_with_PBS!L$178) -> 56.58447 | M13: =IF((Milk_with_PBS!M13-Milk_with_PBS!M$178)<0,0,Milk_with_PBS!M13-Milk_with_PBS!M$178) -> 133.39942 | ... LK13: =IF((Milk_with_PBS!LK13-Milk_with_PBS!LK$178)<0,0,Milk_with_PBS!LK13-Milk_with_PBS!LK$178) -> 0
... A177: CC1452 | B177: 1032281 | C177: 2 | D177: 1 | E177: 4 | F177: =IF((Milk_with_PBS!F177-Milk_with_PBS!F$178)<0,0,Milk_with_PBS!F177-Milk_with_PBS!F$178) -> 313.73877 | G177: =IF((Milk_with_PBS!G177-Milk_with_PBS!G$178)<0,0,Milk_with_PBS!G177-Milk_with_PBS!G$178) -> 261.15283 | H177: =IF((Milk_with_PBS!H177-Milk_with_PBS!H$178)<0,0,Milk_with_PBS!H177-Milk_with_PBS!H$178) -> 247.97461 | I177: =IF((Milk_with_PBS!I177-Milk_with_PBS!I$178)<0,0,Milk_with_PBS!I177-Milk_with_PBS!I$178) -> 183.25586 | J177: =IF((Milk_with_PBS!J177-Milk_with_PBS!J$178)<0,0,Milk_with_PBS!J177-Milk_with_PBS!J$178) -> 198.61279 | K177: =IF((Milk_with_PBS!K177-Milk_with_PBS!K$178)<0,0,Milk_with_PBS!K177-Milk_with_PBS!K$178) -> 334.41211 | L177: =IF((Milk_with_PBS!L177-Milk_with_PBS!L$178)<0,0,Milk_with_PBS!L177-Milk_with_PBS!L$178) -> 284.49707 | M177: =IF((Milk_with_PBS!M177-Milk_with_PBS!M$178)<0,0,Milk_with_PBS!M177-Milk_with_PBS!M$178) -> 646.10399 | ... LK177: =IF((Milk_with_PBS!LK177-Milk_with_PBS!LK$178)<0,0,Milk_with_PBS!LK177-Milk_with_PBS!LK$178) -> 842.97159
B178: PBS | F178: =IF((Milk_with_PBS!F178-Milk_with_PBS!F$178)<0,0,Milk_with_PBS!F178-Milk_with_PBS!F$178) -> 0 | G178: =IF((Milk_with_PBS!G178-Milk_with_PBS!G$178)<0,0,Milk_with_PBS!G178-Milk_with_PBS!G$178) -> 0 | H178: =IF((Milk_with_PBS!H178-Milk_with_PBS!H$178)<0,0,Milk_with_PBS!H178-Milk_with_PBS!H$178) -> 0 | I178: =IF((Milk_with_PBS!I178-Milk_with_PBS!I$178)<0,0,Milk_with_PBS!I178-Milk_with_PBS!I$178) -> 0 | J178: =IF((Milk_with_PBS!J178-Milk_with_PBS!J$178)<0,0,Milk_with_PBS!J178-Milk_with_PBS!J$178) -> 0 | K178: =IF((Milk_with_PBS!K178-Milk_with_PBS!K$178)<0,0,Milk_with_PBS!K178-Milk_with_PBS!K$178) -> 0 | L178: =IF((Milk_with_PBS!L178-Milk_with_PBS!L$178)<0,0,Milk_with_PBS!L178-Milk_with_PBS!L$178) -> 0 | M178: =IF((Milk_with_PBS!M178-Milk_with_PBS!M$178)<0,0,Milk_with_PBS!M178-Milk_with_PBS!M$178) -> 0 | ... LK178: =IF((Milk_with_PBS!LK178-Milk_with_PBS!LK$178)<0,0,Milk_with_PBS!LK178-Milk_with_PBS!LK$178) -> 0

Sheet Dictionary
A1: Field | B1: Description
A2: Vax_timing_bin | B2: Participant grouping based on munaternal vaccination status (1=unvaccinated | 2=vaccinated before pregnancy | 3=vaccinated in first trimester | 4=vaccinated in second trimester | 5=vaccinated in third trimester | 6=vaccinated after pregnancy)
A3: Delta_weeks | B3: Weeks between birth and breast milk sample collection
A4: Delta_weeks_bin | B4: Discretized sample time point, in sequential order for each participant
